Document_id,Page_Title,Raw_text,cleaned_text
Document 1,Chicken - Wikipedia,"

Gallus domesticus L.

The chicken (Gallus gallus domesticus) is a domesticated form of the red junglefowl (Gallus gallus), originally native to Southeast Asia. It was first domesticated around 8,000 years ago and is one of the most common and widespread domesticated animals in the world. Chickens are primarily kept for their meat and eggs, though they are also kept as pets.[1]

As of 2023, the global chicken population exceeds 26.5 billion, with more than 50 billion birds produced annually for consumption. Specialized breeds such as broilers and laying hens have been developed for meat and egg production, respectively. A hen bred for laying can produce over 300 eggs per year. Chickens are social animals with complex vocalizations and behaviors, and feature in folklore, religion, and literature across many societies. Their economic importance makes them a central component of global animal husbandry.

The word chicken comes from Old English cicen (pronounced essentially the same as in Modern English). While the origin is Germanic, it is unclear exactly where the word came from, although it could ultimately have come from an imitation of the sound a chicken makes.[2][3]

Terms for chickens include:

Chicken can mean a chick, and this was historically the meaning of the word chicken,[18] as in William Shakespeare's play Macbeth, where Macduff laments the death of ""all my pretty chickens and their dam"".[19] The usage is preserved in placenames such as the Hen and Chicken Islands.[20] In older sources, and still often in trade and scientific contexts, chickens as a species are described as common fowl or domestic fowl.[21]

Chickens are relatively large birds, active by day. The body is round, the legs are unfeathered in most breeds, and the wings are short.[22] Wild junglefowl can fly, whereas domestic chickens and their flight muscles are too heavy to allow them to fly more than a short distance.[23] Size and coloration vary widely between breeds.[22] Newly hatched chicks of both modern and heritage varieties weigh the same, about 37 g (1.3 oz). Modern varieties however grow much faster; by day 35 a Ross 708 broiler may weigh 1.8 kg (4.0 lb) as against the 1.05 kg (2.3 lb) of a heritage chicken of the same age.[24]

Adult chickens of both sexes have a fleshy crest on their heads called a comb or cockscomb, and hanging flaps of skin on either side under their beaks called wattles; combs and wattles are more prominent in males. Some breeds have a mutation that causes extra feathering under the face, giving the appearance of a beard.[25]

Chickens are omnivores.[26] In the wild, they scratch at the soil to search for seeds, insects, and animals as large as lizards, small snakes,[27] and young mice.[28] A chicken may live for 5–10 years, depending on the breed.[29] The world's oldest known chicken lived for 16 years.[30]

Chickens are gregarious, living in flocks, and incubate eggs and raise young communally. Individual chickens dominate others, establishing a pecking order; dominant individuals take priority for access to food and nest sites. The concept of dominance, involving pecking, was described in female chickens by Thorleif Schjelderup-Ebbe in 1921 as the ""pecking order"".[31][32] Male chickens tend to leap and use their claws in conflicts.[33] Chickens are capable of mobbing and killing a weak or inexperienced predator, such as a young fox.[34] Chickens have been thought of primarily as providers of food, but their cognition, emotions, and sociality are comparable with other birds and mammals.[35]

A male's crowing is a loud and sometimes shrill call, serving as a territorial signal to other males,[36] and in response to sudden disturbances within their surroundings. Hens cluck loudly after laying an egg and to call their chicks. Chickens give different warning calls to indicate that a predator is approaching from the air or on the ground.[37]

To initiate courting, some roosters may dance in a circle around or near a hen (a circle dance), often lowering the wing which is closest to the hen.[38] The dance triggers a response in the hen[38] and when she responds to his call, the rooster may mount the hen and proceed with the mating. Mating typically involves a sequence in which the male approaches the female and performs a waltzing display. If the female is unreceptive, she runs off; otherwise, she crouches, and the male mounts, treading with both feet on her back. After copulation the male does a tail-bending display.[39]

Sperm transfer occurs by cloacal contact between the male and female, in an action called the 'cloacal kiss'.[40] As with all birds, reproduction is controlled by a neuroendocrine system,[41] the Gonadotropin-Releasing Hormone-I neurons in the hypothalamus. Reproductive hormones including estrogen, progesterone, and gonadotropins (luteinizing hormone and follicle-stimulating hormone) initiate and maintain sexual maturation changes. Reproduction declines with age, thought to be due to a decline in GnRH-I-N.[42]

Hens often try to lay in nests that already contain eggs and sometimes move eggs from neighbouring nests into their own. A flock thus uses only a few preferred locations, rather than having a different nest for every bird.[43] Under natural conditions, most birds lay only until a clutch is complete; they then incubate all the eggs. This is called ""going broody"". The hen sits on the nest, fluffing up or pecking defensively if disturbed. She rarely leaves the nest until the eggs have hatched.[44]

Eggs of chickens from the high-altitude region of Tibet have special physiological adaptations that result in a higher hatching rate in low oxygen environments. When eggs are placed in a hypoxic environment, chicken embryos from these populations express much more hemoglobin than embryos from other chicken populations. This hemoglobin has a greater affinity for oxygen, binding oxygen more readily.[45]

Fertile chicken eggs hatch at the end of the incubation period, about 21 days; the chick uses its egg tooth to break out of the shell.[38] Hens remain on the nest for about two days after the first chick hatches; during this time the newly hatched chicks feed by absorbing the internal yolk sac.[46] The hen guards her chicks and broods them to keep them warm. She leads them to food and water and calls them towards food. The chicks imprint on the hen and subsequently follow her continually. She continues to care for them until they are several weeks old.[47]

Inbreeding of White Leghorn chickens tends to cause inbreeding depression expressed as reduced egg number and delayed sexual maturity.[48] Strongly inbred Langshan chickens display obvious inbreeding depression in reproduction, particularly for traits such as age when the first egg is laid and egg number.[49]

Water or ground-dwelling fowl similar to modern partridges, in the Galliformes, the order of bird that chickens belong to, survived the Cretaceous–Paleogene extinction event that killed all tree-dwelling birds and their dinosaur relatives.[50] Chickens are descended primarily from the red junglefowl (Gallus gallus) and are scientifically classified as the same species.[51] Domesticated chickens freely interbreed with populations of red junglefowl.[51] The domestic chicken has subsequently hybridised with grey junglefowl, Sri Lankan junglefowl and green junglefowl;[52] a gene for yellow skin, for instance, was incorporated into domestic birds from the grey junglefowl (G. sonneratii).[53] It is estimated that chickens share between 71 and 79% of their genome with red junglefowl.[52]

The red junglefowl is well adapted to take advantage of the vast quantities of seed produced during the end of the multi-decade bamboo seeding cycle, to boost its own reproduction.[54] In domesticating the chicken, humans took advantage of the red junglefowl's ability to reproduce prolifically when exposed to a surge in its food supply.[55]

Exactly when and where the chicken was domesticated was controversial. Genomic studies estimated that the chicken was domesticated 8,000 years ago[52] in Southeast Asia and spread to China and India 2,000 to 3,000 years later. Archaeological evidence appeared to support domestic chickens in Southeast Asia well before 6000 BC, China by 6000 BC and India by 2000 BC.[52][56][57] An early study proposed that a single domestication event of the red junglefowl in present-day Thailand gave rise to the modern chicken.[58] A 2020 Nature study that fully sequenced 863 chickens across the world suggests that all domestic chickens originate from a single domestication event of red junglefowl (Gallus gallus) whose present-day distribution is predominantly in Southeast Asia. These domesticated chickens spread across Southeast and South Asia where they interbred with local wild species of junglefowl, forming genetically and geographically distinct groups. Analysis of the most popular commercial breed shows that the White Leghorn breed possesses a mosaic of divergent ancestries inherited from different subspecies of red junglefowl.[59][60][61]

Re-examination of bones from over 600 sites, and dating of those from 23 sites, identified the earliest probable chicken bones as from central Thailand, at Ban Non Wat, some 3,250 years ago. The paleo-anatomist Joris Peters and the bioarchaeologist Greger Larson state that this coincided with the growing of rice, and propose that wild jungle fowl were attracted to eat the rice seeds, nested nearby, and became domesticated. Skeletons of birds in the Gallus genus were used as grave goods at the site, confirming domestication.[62]

A word for the domestic chicken (*manuk) is part of the reconstructed Proto-Austronesian language, indicating they were domesticated by the Austronesian peoples since ancient times. Chickens, together with dogs and pigs, were carried throughout the entire range of the prehistoric Austronesian maritime migrations to Island Southeast Asia, Micronesia, Island Melanesia, Polynesia, and Madagascar, starting from at least 3000 BC from Taiwan.[63][64][65][66] These chickens may have been introduced during pre-Columbian times to South America via Polynesian seafarers, but this is disputed.[67]

Chickens reached Egypt via the Middle East for purposes of cockfighting about 1400 BC and became widely bred in Egypt around 300 BC.[68] Three possible routes of introduction into Africa around the early first millennium AD could have been through the Egyptian Nile Valley, the East Africa Roman-Greek or Indian trade, or from Carthage and the Berbers, across the Sahara. The earliest known remains are from Mali, Nubia, East Coast, and South Africa and date back to the middle of the first millennium AD.[68]

The possibility that domestic chickens were in the Americas before Western contact is debated by researchers, but blue-egged chickens, found only in the Americas and Asia, suggest an Asian origin for early American chickens. A lack of data from Thailand, Russia, the Indian subcontinent, Southeast Asia and Sub-Saharan Africa makes it difficult to lay out a clear map of the spread of chickens in these areas; better description and genetic analysis of local breeds threatened by extinction may also help with research into this area.[68] Chicken bones from the Arauco Peninsula in south-central Chile were radiocarbon dated as pre-Columbian, and DNA analysis suggested they were related to prehistoric populations in Polynesia.[70][71] However, further study of the same bones cast doubt on the findings.[72][73]

Chicken remains have been difficult to date, given the small and fragile bird bones; this may account for discrepancies in dates given by different sources. Archaeological evidence is supplemented by mentions in historical texts from the last few centuries BC, and by depictions in prehistoric artworks, such as across Central Asia.[74] Chickens were widespread throughout southern Central Asia by the 4th century BC.[74]

Middle Eastern chicken remains go back to a little earlier than 2000 BC in Syria.[68] Phoenicians spread chickens along the Mediterranean coasts as far as Iberia. During the Hellenistic period (4th–2nd centuries BC), in the southern Levant, chickens began to be widely domesticated for food.[75] The first pictures of chickens in Europe are found on Corinthian pottery of the 7th century BC.[76][77]

Breeding increased under the Roman Empire and reduced in the Middle Ages.[68] Genetic sequencing of chicken bones from archaeological sites in Europe revealed that in the High Middle Ages chickens became less aggressive and began to lay eggs earlier in the breeding season.[78]

Chickens are susceptible both to parasites such as mites, and to diseases caused by pathogens such as bacteria and viruses. The parasite Dermanyssus gallinae feeds on blood, causing irritation and reducing egg production, and acts as a vector for bacterial diseases such as salmonellosis and spirochaetosis.[79]
Viral diseases include avian influenza.[80]

Chickens are common and widespread domestic animals, with a total population of 23.7 billion as of 2018[update].[81] More than 50 billion chickens are reared annually as a source of meat and eggs.[82] In the United States alone, more than 8 billion chickens are slaughtered each year for meat,[83] and more than 300 million chickens are reared for egg production.[84] The vast majority of poultry is raised in factory farms. According to the Worldwatch Institute, 74% of the world's poultry meat and 68% of eggs are produced this way.[85] An alternative to intensive poultry farming is free-range farming. Friction between these two main methods has led to long-term issues of ethical consumerism. Opponents of intensive farming argue that it harms the environment, creates human health risks and is inhumane towards sentient animals.[86] Advocates of intensive farming say that their efficient systems save land and food resources owing to increased productivity, and that the animals are looked after in a controlled environment.[87] Chickens farmed for meat are called broilers. Broiler breeds typically take less than six weeks to reach slaughter size,[88] some weeks longer for free-range and organic broilers.[89]

Chickens farmed primarily for eggs are called layer hens. The UK alone consumes more than 34 million eggs per day.[90] Hens of some breeds can produce over 300 eggs per year; the highest authenticated rate of egg-laying is 371 eggs in 364 days.[91] After 12 months of laying, the commercial hen's egg-laying ability declines to the point where the flock is commercially unviable. Hens, particularly from battery cage systems, are sometimes infirm or have lost a significant amount of their feathers, and their life expectancy has been reduced from around seven years to less than two years.[92] In the UK and Europe, laying hens are then slaughtered and used in processed foods, or sold as 'soup hens'.[92] In some other countries, flocks are sometimes force-moulted rather than being slaughtered to re-invigorate egg-laying. This involves complete withdrawal of food (and sometimes water) for 7–14 days[93] or sufficiently long to cause a body weight loss of 25 to 35%,[94] or up to 28 days under experimental conditions.[95] This stimulates the hen to lose her feathers but also re-invigorates egg-production. Some flocks may be force-moulted several times. In 2003, more than 75% of all flocks were moulted in the US.[96]

Keeping chickens as pets became increasingly popular in the 2000s[97] among urban and suburban residents.[98] Many people obtain chickens for their egg production but often name them and treat them as any other pet like cats or dogs. Chickens provide companionship and have individual personalities. They eat from one's hand, jump onto one's lap, respond to and follow their handlers, and show affection.[99][100] Chickens are social, inquisitive, intelligent[101] birds, and many people find their behaviour entertaining.[102] Certain breeds, such as silkies and many bantam varieties, are generally docile and are often recommended as good pets around children with disabilities.[103]

A cockfight is a contest held in a ring called a cockpit between two cocks. Cockfighting is outlawed in many countries as involving cruelty to animals.[104] The activity seems to have been practised in the Indus Valley civilisation from 2500 to 2100 BC.[105] In the process of domestication, chickens were apparently kept initially for cockfighting, and only later used for food.[106]

Chickens have long been used as model organisms to study developing embryos. Large numbers of embryos can be provided commercially; fertilized eggs can easily be opened and used to observe the developing embryo. Equally important, embryologists can carry out experiments on such embryos, close the egg again and study the effects later in development. For instance, many important discoveries in limb development have been made using chicken embryos, such as the discovery of the apical ectodermal ridge and the zone of polarizing activity.[107]

The chicken was the first bird species to have its genome sequenced.[108] At 1.21 Gb, the chicken genome is similarly sized compared to other birds, but smaller than nearly all mammals: the human genome is 3.2 Gb.[109] The final gene set contained 26,640 genes (including noncoding genes and pseudogenes), with a total of 19,119 protein-coding genes, a similar number to the human genome.[110] In 2006, scientists researching the ancestry of birds switched on a chicken recessive gene, talpid2, and found that the embryo jaws initiated formation of teeth, like those found in ancient bird fossils.[111]



Chickens are featured widely in folklore, religion, literature, and popular culture. The chicken is a sacred animal in many cultures and deeply embedded in belief systems and religious practices.[112]
Roosters are sometimes used for divination, a practice called alectryomancy. This involves the sacrifice of a sacred rooster, often during a ritual cockfight, used as a form of communication with the gods.[113] In Gabriel García Márquez's Nobel Prize-winning 1967 novel One Hundred Years of Solitude, cockfighting is outlawed in the town of Macondo after the patriarch of the Buendia family murders his cockfighting rival and is haunted by the man's ghost.[114] The pseudo-riddle ""Why did the chicken cross the road?"" dates to 1847, or earlier.[115] Chickens have been featured in art in farmyard scenes such as Adriaen van Utrecht's 1646 Turkeys and Chickens and Walter Osborne's 1885 Feeding the Chickens.[116] The nursery rhyme ""Cock a Doodle Doo"", its chorus line imitating the cockerel's call, was published in Mother Goose's Melody in 1765.[117]
The 2000 animated adventure comedy film Chicken Run, directed by Peter Lord and Nick Park, featured anthropomorphic chickens with many chicken jokes.[118][119][120]

",gallus domesticus chicken gallus gallus domesticus domesticated form red junglefowl gallus gallus originally native southeast asia first domesticated around year ago one common widespread domesticated animal world chicken primarily kept meat egg though also kept pet global chicken population exceeds billion billion bird produced annually consumption specialized breed broiler laying hen developed meat egg production respectively hen bred laying produce egg per year chicken social animal complex vocalization behavior feature folklore religion literature across many society economic importance make central component global animal husbandry word chicken come old english cicen pronounced essentially modern english origin germanic unclear exactly word came although could ultimately come imitation sound chicken make term chicken include chicken mean chick historically meaning word chicken william shakespeare play macbeth macduff lament death pretty chicken dam usage preserved placenames hen chicken island older source still often trade scientific context chicken specie described common fowl domestic fowl chicken relatively large bird active day body round leg unfeathered breed wing short wild junglefowl fly whereas domestic chicken flight muscle heavy allow fly short distance size coloration vary widely breed newly hatched chick modern heritage variety weigh g oz modern variety however grow much faster day ross broiler may weigh kg lb kg lb heritage chicken age adult chicken sex fleshy crest head called comb cockscomb hanging flap skin either side beak called wattle comb wattle prominent male breed mutation cause extra feathering face giving appearance beard chicken omnivore wild scratch soil search seed insect animal large lizard small snake young mouse chicken may live year depending breed world oldest known chicken lived year chicken gregarious living flock incubate egg raise young communally individual chicken dominate others establishing pecking order dominant individual take priority access food nest site concept dominance involving pecking described female chicken thorleif pecking order male chicken tend leap use claw conflict chicken capable mobbing killing weak inexperienced predator young fox chicken thought primarily provider food cognition emotion sociality comparable bird mammal male crowing loud sometimes shrill call serving territorial signal male response sudden disturbance within surroundings hen cluck loudly laying egg call chick chicken give different warning call indicate predator approaching air ground initiate courting rooster may dance circle around near hen circle dance often lowering wing closest hen dance trigger response hen responds call rooster may mount hen proceed mating mating typically involves sequence male approach female performs waltzing display female unreceptive run otherwise crouch male mount treading foot back copulation male display sperm transfer occurs cloacal contact male female action called kiss bird reproduction controlled neuroendocrine system neuron hypothalamus reproductive hormone including estrogen progesterone gonadotropin luteinizing hormone hormone initiate maintain sexual maturation change reproduction decline age thought due decline hen often try lay nest already contain egg sometimes move egg neighbouring nest flock thus us preferred location rather different nest every bird natural condition bird lay clutch complete incubate egg called going broody hen sits nest fluffing pecking defensively disturbed rarely leaf nest egg hatched egg chicken region tibet special physiological adaptation result higher hatching rate low oxygen environment egg placed hypoxic environment chicken embryo population express much hemoglobin embryo chicken population hemoglobin greater affinity oxygen binding oxygen readily fertile chicken egg hatch end incubation period day chick us egg tooth break shell hen remain nest two day first chick hatch time newly hatched chick feed absorbing internal yolk sac hen guard chick brood keep warm lead food water call towards food chick imprint hen subsequently follow continually continues care several week old inbreeding white leghorn chicken tends cause inbreeding depression expressed reduced egg number delayed sexual maturity strongly inbred langshan chicken display obvious inbreeding depression reproduction particularly trait age first egg laid egg number water fowl similar modern partridge galliformes order bird chicken belong survived cretaceous paleogene extinction event killed bird dinosaur relative chicken descended primarily red junglefowl gallus gallus scientifically classified specie domesticated chicken freely interbreed population red junglefowl domestic chicken subsequently hybridised grey junglefowl sri lankan junglefowl green junglefowl gene yellow skin instance incorporated domestic bird grey junglefowl g sonneratii estimated chicken share genome red junglefowl red junglefowl well adapted take advantage vast quantity seed produced end bamboo seeding cycle boost reproduction domesticating chicken human took advantage red junglefowl ability reproduce prolifically exposed surge food supply exactly chicken domesticated controversial genomic study estimated chicken domesticated year ago southeast asia spread china india year later archaeological evidence appeared support domestic chicken southeast asia well bc china bc india bc early study proposed single domestication event red junglefowl thailand gave rise modern chicken nature study fully sequenced chicken across world suggests domestic chicken originate single domestication event red junglefowl gallus gallus whose distribution predominantly southeast asia domesticated chicken spread across southeast south asia interbred local wild specie junglefowl forming genetically geographically distinct group analysis popular commercial breed show white leghorn breed possesses mosaic divergent ancestry inherited different subspecies red junglefowl bone site dating site identified earliest probable chicken bone central thailand ban non wat year ago joris peter bioarchaeologist greger larson state coincided growing rice propose wild jungle fowl attracted eat rice seed nested nearby became domesticated skeleton bird gallus genus used grave good site confirming domestication word domestic chicken manuk part reconstructed language indicating domesticated austronesian people since ancient time chicken together dog pig carried throughout entire range prehistoric austronesian maritime migration island southeast asia micronesia island melanesia polynesia madagascar starting least bc taiwan chicken may introduced time south america via polynesian seafarer disputed chicken reached egypt via middle east purpose cockfighting bc became widely bred egypt around bc three possible route introduction africa around early first millennium ad could egyptian nile valley east africa indian trade carthage berber across sahara earliest known remains mali nubia east coast south africa date back middle first millennium ad possibility domestic chicken america western contact debated researcher chicken found america asia suggest asian origin early american chicken lack data thailand russia indian subcontinent southeast asia africa make difficult lay clear map spread chicken area better description genetic analysis local breed threatened extinction may also help research area chicken bone arauco peninsula chile radiocarbon dated dna analysis suggested related prehistoric population polynesia however study bone cast doubt finding chicken remains difficult date given small fragile bird bone may account discrepancy date given different source archaeological evidence supplemented mention historical text last century bc depiction prehistoric artwork across central asia chicken widespread throughout southern central asia century bc middle eastern chicken remains go back little earlier bc syria phoenician spread chicken along mediterranean coast far iberia hellenistic period century bc southern levant chicken began widely domesticated food first picture chicken europe found corinthian pottery century bc breeding increased roman empire reduced middle age genetic sequencing chicken bone archaeological site europe revealed high middle age chicken became less aggressive began lay egg earlier breeding season chicken susceptible parasite mite disease caused pathogen bacteria virus parasite dermanyssus gallinae feed blood causing irritation reducing egg production act vector bacterial disease salmonellosis spirochaetosis viral disease include avian influenza chicken common widespread domestic animal total population billion update billion chicken reared annually source meat egg united state alone billion chicken slaughtered year meat million chicken reared egg production vast majority poultry raised factory farm according worldwatch institute world poultry meat egg produced way alternative intensive poultry farming farming friction two main method led issue ethical consumerism opponent intensive farming argue harm environment creates human health risk inhumane towards sentient animal advocate intensive farming say efficient system save land food resource owing increased productivity animal looked controlled environment chicken farmed meat called broiler broiler breed typically take less six week reach slaughter size week longer organic broiler chicken farmed primarily egg called layer hen uk alone consumes million egg per day hen breed produce egg per year highest authenticated rate egg day month laying commercial hen ability decline point flock commercially unviable hen particularly battery cage system sometimes infirm lost significant amount feather life expectancy reduced around seven year less two year uk europe laying hen slaughtered used processed food sold hen country flock sometimes rather slaughtered involves complete withdrawal food sometimes water day sufficiently long cause body weight loss day experimental condition stimulates hen lose feather also flock may several time flock moulted u keeping chicken pet became increasingly popular among urban suburban resident many people obtain chicken egg production often name treat pet like cat dog chicken provide companionship individual personality eat one hand jump onto one lap respond follow handler show affection chicken social inquisitive intelligent bird many people find behaviour entertaining certain breed silkies many bantam variety generally docile often recommended good pet around child disability cockfight contest held ring called cockpit two cock cockfighting outlawed many country involving cruelty animal activity seems practised indus valley civilisation bc process domestication chicken apparently kept initially cockfighting later used food chicken long used model organism study developing embryo large number embryo provided commercially fertilized egg easily opened used observe developing embryo equally important embryologist carry experiment embryo close egg study effect later development instance many important discovery limb development made using chicken embryo discovery apical ectodermal ridge zone polarizing activity chicken first bird specie genome sequenced gb chicken genome similarly sized compared bird smaller nearly mammal human genome gb final gene set contained gene including noncoding gene pseudogenes total gene similar number human genome scientist researching ancestry bird switched chicken recessive gene found embryo jaw initiated formation teeth like found ancient bird fossil chicken featured widely folklore religion literature popular culture chicken sacred animal many culture deeply embedded belief system religious practice rooster sometimes used divination practice called alectryomancy involves sacrifice sacred rooster often ritual cockfight used form communication god gabriel garcía márquez nobel novel one hundred year solitude cockfighting outlawed town macondo patriarch buendia family murder cockfighting rival haunted man ghost chicken cross road date earlier chicken featured art farmyard scene adriaen van utrecht turkey chicken walter osborne feeding chicken nursery rhyme cock doodle doo chorus line imitating cockerel call published mother goose melody animated adventure comedy film chicken run directed peter lord nick park featured anthropomorphic chicken many chicken joke
Document 2,Carl Linnaeus - Wikipedia,"
Carl Linnaeus[a] (23 May 1707[note 1] – 10 January 1778), also known after ennoblement in 1761 as Carl von Linné,[3][b] was a Swedish biologist and physician who formalised binomial nomenclature, the modern system of naming organisms. He is known as the ""father of modern taxonomy"".[4] Many of his writings were in  Latin; his name is rendered in Latin as Carolus Linnæus and, after his 1761 ennoblement, as Carolus a Linné.
Linnaeus was the son of a curate[5] and was born in Råshult, in the countryside of Småland, southern Sweden. He received most of his higher education at Uppsala University and began giving lectures in botany there in 1730. He lived abroad between 1735 and 1738, where he studied and also published the first edition of his Systema Naturae in the Netherlands. He then returned to Sweden where he became professor of medicine and botany at Uppsala. In the 1740s, he was sent on several journeys through Sweden to find and classify plants and animals. In the 1750s and 1760s, he continued to collect and classify animals, plants, and minerals, while publishing several volumes. By the time of his death in 1778, he was one of the most acclaimed scientists in Europe.
Linnaeus has been called Princeps botanicorum (Prince of Botanists) and ""The Pliny of the North"".[6] He is also considered one of the founders of modern ecology.[7]
In botany, the abbreviation L. is used to indicate Linnaeus as the authority for a species' name.[8] In zoology, the abbreviation Linnaeus is generally used; the abbreviations L., Linnæus, and Linné are also used.[c] In older publications, the abbreviation ""Linn."" is found. Linnaeus is designated as the type specimen for the human species, Homo sapiens.
Linnaeus was born in the village of Råshult in Småland, Sweden, on 23 May 1707. He was the first child of Nicolaus (Nils) Linnaeus (born as Nils Ingemarsson) and Christina Brodersonia. His father taught him Latin as a small child.[9] One of a long line of peasants and priests, Nils was an amateur botanist, a Lutheran minister, and the curate of the small village of Stenbrohult in Småland. Christina was the daughter of the rector of Stenbrohult, Samuel Brodersonius.[10] A year after Linnaeus's birth, his grandfather Samuel Brodersonius died, and his father Nils became the rector of Stenbrohult. The family moved into the rectory from the curate's house.[11][12] Even in his early years, Linnaeus seemed to have a liking for plants, flowers in particular. Whenever he was upset, he was given a flower, which immediately calmed him. Nils spent much time in his garden and often showed flowers to Linnaeus and told him their names. Soon Linnaeus was given his own patch of land where he could grow plants.[13]
Carl's father was the first in his ancestry to adopt a permanent surname. Before that, ancestors had used the patronymic naming system of Scandinavian countries; his father was named Ingemarsson after his father Ingemar Bengtsson. When Nils was admitted to Lund University, he had to take on a family name. He adopted the Latinate name Linnæus after a giant lime tree, lind in Swedish, that grew on the family homestead.[14] This name was spelled with the æ ligature. When Carl was born, he was named Carl Linnæus, with his father's family name. The son also always spelled it with the æ ligature, both in handwritten documents and in publications.[11] Carl's patronymic would have been Nilsson, as in Carl Nilsson Linnæus.[15]
Linnaeus's father began teaching him basic Latin, religion, and geography at an early age.[16] When Linnaeus was seven, Nils decided to hire a tutor for him. The parents picked Johan Telander, a son of a local yeoman. Linnaeus did not like him, writing in his autobiography that Telander ""was better calculated to extinguish a child's talents than develop them"".[17]
Two years after his tutoring had begun, he was sent to the Lower Grammar School at Växjö in 1717.[18] Linnaeus rarely studied, often going to the countryside to look for plants. At some point, his father went to visit him and, after hearing critical assessments by his preceptors, he decided to put the youth as an apprentice to some honest cobbler.[19] His headmaster, Daniel Lannerus, noticed Linnaeus's interest in botany, and introduced him to Johan Rothman, the state doctor of Småland and a teacher at Katedralskolan in Växjö. Rothman broadened Linnaeus's interest in botany and helped him develop an interest in medicine.[20][21] By the age of 17, Linnaeus had become well acquainted with the existing botanical literature. He remarks in his journal that he ""read day and night, knowing like the back of my hand, Arvidh Månsson's Rydaholm Book of Herbs, Tillandz's Flora Åboensis, Palmberg's Serta Florea Suecana, Bromelii's Chloros Gothica and Rudbeckii's Hortus Upsaliensis"".[22]
Linnaeus entered the Växjö Katedralskola in 1724, where he studied mainly Greek, Hebrew, theology, and mathematics, a curriculum designed for boys preparing for the priesthood.[23][24] In the last year at the gymnasium, Linnaeus's father visited to ask the professors how his son's studies were progressing; to his dismay, most said that the boy would never become a scholar. Rothman believed otherwise, suggesting Linnaeus could have a future in medicine. The doctor offered to have Linnaeus live with his family in Växjö and to teach him physiology and botany. Nils accepted this offer.[25][26]
Rothman showed Linnaeus that botany was a serious subject. He taught Linnaeus to classify plants according to Tournefort's system. Linnaeus was also taught about the sexual reproduction of plants, according to Sébastien Vaillant.[25] In 1727, Linnaeus, age 21, enrolled in Lund University in Scania (Skåne).[27][28] He was registered as Carolus Linnæus, the Latin form of his full name, which he also used later for his Latin publications.[3]
Professor Kilian Stobæus, natural scientist, physician and historian, offered Linnaeus tutoring and lodging, as well as the use of his library, which included many books about botany. He also gave the student free admission to his lectures.[29][30] In his spare time, Linnaeus explored the flora of Skåne, together with students sharing the same interests.[31]
In August 1728, Linnaeus decided to attend Uppsala University on the advice of Rothman, who believed it would be a better choice if Linnaeus wanted to study both medicine and botany. Rothman based this recommendation on the two professors who taught at the medical faculty at Uppsala: Olof Rudbeck the Younger and Lars Roberg. Although Rudbeck and Roberg had undoubtedly been good professors, by then they were older and not so interested in teaching. Rudbeck no longer gave public lectures, and had others stand in for him. The botany, zoology, pharmacology and anatomy lectures were not in their best state.[32] In Uppsala, Linnaeus met a new benefactor, Olof Celsius, who was a professor of theology and an amateur botanist.[33] He received Linnaeus into his home and allowed him use of his library, which was one of the richest botanical libraries in Sweden.[34]
In 1729, Linnaeus wrote a thesis, Praeludia Sponsaliorum Plantarum on plant sexual reproduction. This attracted the attention of Rudbeck; in May 1730, he selected Linnaeus to give lectures at the university although the young man was only a second-year student. His lectures were popular, and Linnaeus often addressed an audience of 300 people.[35] In June, Linnaeus moved from Celsius's house to Rudbeck's to become the tutor of the three youngest of his 24 children. His friendship with Celsius did not wane and they continued their botanical expeditions.[36] Over that winter, Linnaeus began to doubt Tournefort's system of classification and decided to create one of his own. His plan was to divide the plants by the number of stamens and pistils. He began writing several books, which would later result in, for example, Genera Plantarum and Critica Botanica. He also produced a book on the plants grown in the Uppsala Botanical Garden, Adonis Uplandicus.[37]
Rudbeck's former assistant, Nils Rosén, returned to the University in March 1731 with a degree in medicine. Rosén started giving anatomy lectures and tried to take over Linnaeus's botany lectures, but Rudbeck prevented that. Until December, Rosén tutored Linnaeus privately in medicine. In December, Linnaeus had a ""disagreement"" with Rudbeck's wife and had to move out of his mentor's house; his relationship with Rudbeck did not appear to suffer. That Christmas, Linnaeus returned home to Stenbrohult to visit his parents for the first time in about three years. His mother had disapproved of his failing to become a priest, but she was pleased to learn he was teaching at the university.[37][38]
During a visit with his parents, Linnaeus told them about his plan to travel to Lapland; Rudbeck had made the journey in 1695, but the detailed results of his exploration were lost in a fire seven years afterwards. Linnaeus's hope was to find new plants, animals and possibly valuable minerals. He was also curious about the customs of the native Sami people, reindeer-herding nomads who wandered Scandinavia's vast tundras. In April 1732, Linnaeus was awarded a grant from the Royal Society of Sciences in Uppsala for his journey.[39][40]
Linnaeus began his expedition from Uppsala on 12 May 1732, just before he turned 25.[41] He travelled on foot and horse, bringing with him his journal, botanical and ornithological manuscripts and sheets of paper for pressing plants. Near Gävle he found great quantities of Campanula serpyllifolia, later known as Linnaea borealis, the twinflower that would become his favourite.[42] He sometimes dismounted on the way to examine a flower or rock[43] and was particularly interested in mosses and lichens, the latter a main part of the diet of the reindeer, a common and economically important animal in Lapland.[44]
Linnaeus travelled clockwise around the coast of the Gulf of Bothnia, making major inland incursions from Umeå, Luleå and Tornio. He returned from his six-month-long, over 2,000 kilometres (1,200 mi) expedition in October, having gathered and observed many plants, birds and rocks.[45][46][47] Although Lapland was a region with limited biodiversity, Linnaeus described about 100 previously unidentified plants. These became the basis of his book Flora Lapponica.[48][49] However, on the expedition to Lapland, Linnaeus used Latin phrase names to describe organisms because he had not yet developed the binomial system.[41]
In Flora Lapponica Linnaeus's ideas about nomenclature and classification were first used in a practical way, making this the first proto-modern Flora.[50] The account covered 534 species, used the Linnaean classification system and included, for the described species, geographical distribution and taxonomic notes. It was Augustin Pyramus de Candolle who attributed Linnaeus with Flora Lapponica as the first example in the botanical genre of Flora writing. Botanical historian E. L. Greene described Flora Lapponica as ""the most classic and delightful"" of Linnaeus's works.[50]
It was during this expedition that Linnaeus had a flash of insight regarding the classification of mammals. Upon observing the lower jawbone of a horse at the side of a road he was travelling, Linnaeus remarked: ""If I only knew how many teeth and of what kind every animal had, how many teats and where they were placed, I should perhaps be able to work out a perfectly natural system for the arrangement of all quadrupeds.""[51]
In 1734, Linnaeus led a small group of students to Dalarna. Funded by the Governor of Dalarna, the expedition was to catalogue known natural resources and discover new ones, but also to gather intelligence on Norwegian mining activities at Røros.[47]
His relations with Nils Rosén having worsened, Linnaeus accepted an invitation from Claes Sohlberg, son of a mining inspector, to spend the Christmas holiday in Falun, where Linnaeus was permitted to visit the mines.[52]
In April 1735, at the suggestion of Sohlberg's father, Linnaeus and Sohlberg set out for the Dutch Republic, where Linnaeus intended to study medicine at the University of Harderwijk[53] while tutoring Sohlberg in exchange for an annual salary. At the time, it was common for Swedes to pursue doctoral degrees in the Netherlands, then a highly revered place to study natural history.[54]
On the way, the pair stopped in Hamburg, where they met the mayor, who proudly showed them a supposed wonder of nature in his possession: the taxidermied remains of a seven-headed hydra. Linnaeus quickly discovered the specimen was a fake, cobbled together from the jaws and paws of weasels and the skins of snakes. The provenance of the hydra suggested to Linnaeus that it had been manufactured by monks to represent the Beast of Revelation. Even at the risk of incurring the mayor's wrath, Linnaeus made his observations public, dashing the mayor's dreams of selling the hydra for an enormous sum. Linnaeus and Sohlberg were forced to flee from Hamburg.[55][56]
Linnaeus began working towards his degree as soon as he reached Harderwijk, a university known for awarding degrees in as little as a week.[57] He submitted a dissertation, written back in Sweden, entitled Dissertatio medica inauguralis in qua exhibetur hypothesis nova de febrium intermittentium causa,[note 2] in which he laid out his hypothesis that malaria arose only in areas with clay-rich soils.[58] Although he failed to identify the true source of disease transmission, (i.e., the Anopheles mosquito),[59] he did correctly predict that Artemisia annua (wormwood) would become a source of antimalarial medications.[58] Within two weeks he had completed his oral and practical examinations and was awarded a doctoral degree.[55][57]
That summer Linnaeus reunited with Peter Artedi, a friend from Uppsala with whom he had once made a pact that should either of the two predecease the other, the survivor would finish the decedent's work. Ten weeks later, Artedi drowned in the canals of Amsterdam, leaving behind an unfinished manuscript on the classification of fish.[60][61]
One of the first scientists Linnaeus met in the Netherlands was Johan Frederik Gronovius, to whom Linnaeus showed one of the several manuscripts he had brought with him from Sweden. The manuscript described a new system for classifying plants. When Gronovius saw it, he was very impressed, and offered to help pay for the printing. With an additional monetary contribution by the Scottish doctor Isaac Lawson, the manuscript was published as Systema Naturae (1735).[62][63]
Linnaeus became acquainted with one of the most respected physicians and botanists in the Netherlands, Herman Boerhaave, who tried to convince Linnaeus to make a career there. Boerhaave offered him a journey to South Africa and America, but Linnaeus declined, stating he would not stand the heat. Instead, Boerhaave convinced Linnaeus that he should visit the botanist Johannes Burman. After his visit, Burman, impressed with his guest's knowledge, decided Linnaeus should stay with him during the winter. During his stay, Linnaeus helped Burman with his Thesaurus Zeylanicus. Burman also helped Linnaeus with the books on which he was working: Fundamenta Botanica and Bibliotheca Botanica.[64]
In August 1735, during Linnaeus's stay with Burman, he met George Clifford III, a director of the Dutch East India Company and the owner of a rich botanical garden at the estate of Hartekamp in Heemstede. Clifford was very impressed with Linnaeus's ability to classify plants, and invited him to become his physician and superintendent of his garden. Linnaeus had already agreed to stay with Burman over the winter, and could thus not accept immediately. However, Clifford offered to compensate Burman by offering him a copy of Sir Hans Sloane's Natural History of Jamaica, a rare book, if he let Linnaeus stay with him, and Burman accepted.[65][66] On 24 September 1735, Linnaeus moved to Hartekamp to become personal physician to Clifford, and curator of Clifford's herbarium. He was paid 1,000 florins a year, with free board and lodging. Though the agreement was only for a winter of that year, Linnaeus practically stayed there until 1738.[67] It was here that he wrote a book Hortus Cliffortianus, in the preface of which he described his experience as ""the happiest time of my life"". (A portion of Hartekamp was declared as public garden in April 1956 by the Heemstede local authority, and was named ""Linnaeushof"".[68] It eventually became, as it is claimed, the biggest playground in Europe.[69])
In July 1736, Linnaeus travelled to England, at Clifford's expense.[70] He went to London to visit Sir Hans Sloane, a collector of natural history, and to see his cabinet of curiosities,[71] as well as to visit the Chelsea Physic Garden and its keeper, Philip Miller. He taught Miller about his new system of subdividing plants, as described in Systema Naturae. At first, Miller was reluctant to use the new binomial nomenclature, preferring instead the classifications of Joseph Pitton de Tournefort and John Ray. Nevertheless, Linnaeus applauded Miller's Gardeners Dictionary.[72] The conservative Miller retained in his dictionary some pre-Linnaean binomial signifiers discarded by Linnaeus but which have been retained by modern botanists. He only fully changed to the Linnaean system in the edition of The Gardeners Dictionary of 1768. Miller ultimately was impressed, and from then on started to arrange the garden according to Linnaeus's system.[73]
Linnaeus also travelled to Oxford University to visit the botanist Johann Jacob Dillenius. He failed to make Dillenius publicly fully accept his new classification system, though the two men remained in correspondence for many years afterwards. Linnaeus dedicated his Critica Botanica to him, as ""opus botanicum quo absolutius mundus non-vidit"". Linnaeus later named a genus of tropical tree Dillenia in his honour. He then returned to Hartekamp, bringing with him many specimens of rare plants.[74] The next year, 1737, he published Genera Plantarum, in which he described 935 genera of plants, and shortly thereafter he supplemented it with Corollarium Generum Plantarum, with another sixty genera.[75]
His work at Hartekamp led to another book, Hortus Cliffortianus, a catalogue of the botanical holdings in the herbarium and botanical garden of Hartekamp. He wrote it in nine months (completed in July 1737), but it was not published until 1738.[64] It contains the first use of the name Nepenthes, which Linnaeus used to describe a genus of pitcher plants.[76][note 3]
Linnaeus stayed with Clifford at Hartekamp until 18 October 1737 (new style), when he left the house to return to Sweden. Illness and the kindness of Dutch friends obliged him to stay some months longer in Holland. In May 1738, he set out for Sweden again. On the way home, he stayed in Paris for about a month, visiting botanists such as Antoine de Jussieu. After his return, Linnaeus never again left Sweden.[77][78]
When Linnaeus returned to Sweden on 28 June 1738, he went to Falun, where he entered into an engagement to Sara Elisabeth Moræa. Three months later, he moved to Stockholm to find employment as a physician, and thus to make it possible to support a family.[79][80] Once again, Linnaeus found a patron; he became acquainted with Count Carl Gustav Tessin, who helped him get work as a physician at the Admiralty.[81][82] During this time in Stockholm, Linnaeus helped found the Royal Swedish Academy of Science; he became the first Praeses of the academy by drawing of lots.[83]
Because his finances had improved and were now sufficient to support a family, he received permission to marry his fiancée, Sara Elisabeth Moræa. Their wedding was held 26 June 1739. Seventeen months later, Sara gave birth to their first son, Carl. Two years later, a daughter, Elisabeth Christina, was born, and the subsequent year Sara gave birth to Sara Magdalena, who died when 15 days old. Sara and Linnaeus would later have four other children: Lovisa, Sara Christina, Johannes and Sophia.[79][84]
In May 1741, Linnaeus was appointed Professor of Medicine at Uppsala University, first with responsibility for medicine-related matters. Soon, he changed place with the other Professor of Medicine, Nils Rosén, and thus was responsible for the Botanical Garden (which he would thoroughly reconstruct and expand), botany and natural history, instead. In October that same year, his wife and nine-month-old son followed him to live in Uppsala.[85]
Ten days after he was appointed professor, he undertook an expedition to the island provinces of Öland and Gotland with six students from the university to look for plants useful in medicine. They stayed on Öland until 21 June, then sailed to Visby in Gotland. Linnaeus and the students stayed on Gotland for about a month, and then returned to Uppsala. During this expedition, they found 100 previously unrecorded plants. The observations from the expedition were later published in Öländska och Gothländska Resa, written in Swedish. Like Flora Lapponica, it contained both zoological and botanical observations, as well as observations concerning the culture in Öland and Gotland.[86][87]
During the summer of 1745, Linnaeus published two more books: Flora Suecica and Fauna Suecica. Flora Suecica was a strictly botanical book, while Fauna Suecica was zoological.[79][88] Anders Celsius had created the temperature scale named after him in 1742. Celsius's scale was originally inverted compared to the way it is used today, with water boiling at 0 °C and freezing at 100 °C. Linnaeus inverted the scale to its present usage in 1745.[89]
In the summer of 1746, Linnaeus was once again commissioned by the Government to carry out an expedition, this time to the Swedish province of Västergötland. He set out from Uppsala on 12 June and returned on 11 August. On the expedition his primary companion was Erik Gustaf Lidbeck, a student who had accompanied him on his previous journey. Linnaeus described his findings from the expedition in the book Wästgöta-Resa, published the next year.[86][90] After he returned from the journey, the Government decided Linnaeus should take on another expedition to the southernmost province Scania. This journey was postponed, as Linnaeus felt too busy.[79]
In 1747, Linnaeus was given the title archiater, or chief physician, by the Swedish king Adolf Frederick—a mark of great respect.[91] The same year he was elected member of the Academy of Sciences in Berlin.[92]
In the spring of 1749, Linnaeus could finally journey to Scania (Skåne), again commissioned by the government. With him he brought his student Olof Söderberg. On the way to Scania, he made his last visit to his brothers and sisters in Stenbrohult since his father had died the previous year. The expedition was similar to the previous journeys in most aspects, but this time he was also ordered to find the best place to grow walnut and Swedish whitebeam trees; these trees were used by the army to make rifles. While there, they visited the Ramlösa mineral spa, where he remarked on the quality of its ferruginous water.[93] The journey was successful, and Linnaeus's observations were published the next year in Skånska Resa (""Scanian Journey"").[94][95] The book comprises 561 pages and is a diary with detailed descriptions of everything he discovered in Scania. He praises the people of Scania for their hospitality, which ""in no land, though everywhere I have been received well, can be compared.""[96]
In 1750, Linnaeus became rector of Uppsala University, starting a period where natural sciences were esteemed.[79] Perhaps the most important contribution he made during his time at Uppsala was to teach; many of his students travelled to various places in the world to collect botanical samples. Linnaeus called the best of these students his ""apostles"".[97] His lectures were normally very popular and were often held in the Botanical Garden. He tried to teach the students to think for themselves and not trust anybody, not even him. Even more popular than the lectures were the botanical excursions made every Saturday during summer, where Linnaeus and his students explored the flora and fauna in the vicinity of Uppsala.[98]
Linnaeus published Philosophia Botanica in 1751.[99] The book contained a complete survey of the taxonomy system he had been using in his earlier works. It also contained information of how to keep a journal on travels and how to maintain a botanical garden.[100]
During Linnaeus's time it was normal for upper class women to have wet nurses for their babies. Linnaeus joined an ongoing campaign to end this practice in Sweden and promote breast-feeding by mothers. In 1752 Linnaeus published a thesis along with Frederick Lindberg, a physician student,[101] based on their experiences.[102] In the tradition of the period, this dissertation was essentially an idea of the presiding reviewer (prases) expounded upon by the student. Linnaeus's dissertation was translated into French by J. E. Gilibert in 1770 as La Nourrice marâtre, ou Dissertation sur les suites funestes du nourrisage mercénaire. Linnaeus suggested that children might absorb the personality of their wet nurse through the milk. He admired the child care practices of the Lapps[103] and pointed out how healthy their babies were compared to those of Europeans who employed wet nurses. He compared the behaviour of wild animals and pointed out how none of them denied their newborns their breastmilk.[103] It is thought that his activism played a role in his choice of the term Mammalia for the class of organisms.[104]
Linnaeus published Species Plantarum, the work which is now internationally accepted as the starting point of modern botanical nomenclature, in 1753.[105] The first volume was issued on 24 May, the second volume followed on 16 August of the same year.[note 4][107] The book contained 1,200 pages and was published in two volumes; it described over 7,300 species.[108][109] The same year the king dubbed him knight of the Order of the Polar Star, the first civilian in Sweden to become a knight in this order. He was then seldom seen not wearing the order's insignia.[110]
Linnaeus felt Uppsala was too noisy and unhealthy, so he bought two farms in 1758: Hammarby and Sävja. The next year, he bought a neighbouring farm, Edeby. He spent the summers with his family at Hammarby; initially it only had a small one-storey house, but in 1762 a new, larger main building was added.[95][111] In Hammarby, Linnaeus made a garden where he could grow plants that could not be grown in the Botanical Garden in Uppsala. He began constructing a museum on a hill behind Hammarby in 1766, where he moved his library and collection of plants. A fire that destroyed about one third of Uppsala and had threatened his residence there necessitated the move.[112]
Since the initial release of Systema Naturae in 1735, the book had been expanded and reprinted several times; the tenth edition was released in 1758. This edition established itself as the starting point for zoological nomenclature, the equivalent of Species Plantarum.[108][113]
The Swedish King Adolf Frederick granted Linnaeus nobility in 1757, but he was not ennobled until 1761. With his ennoblement, he took the name Carl von Linné (Latinised as Carolus a Linné), 'Linné' being a shortened and gallicised version of 'Linnæus', and the German nobiliary particle 'von' signifying his ennoblement.[3] The noble family's coat of arms prominently features a twinflower, one of Linnaeus's favourite plants; it was given the scientific name Linnaea borealis in his honour by Gronovius. The shield in the coat of arms is divided into thirds: red, black and green for the three kingdoms of nature (animal, mineral and vegetable) in Linnaean classification; in the centre is an egg ""to denote Nature, which is continued and perpetuated in ovo"". At the bottom is a phrase in Latin, borrowed from the Aeneid, which reads ""Famam extendere factis"": we extend our fame by our deeds.[114][115][116] Linnaeus inscribed this personal motto in books that were given to him by friends.[117]
After his ennoblement, Linnaeus continued teaching and writing. In total, he presided at 186 PhD ceremonies, with many of the dissertations written by himself.[118] His reputation had spread over the world, and he corresponded with many different people. For example, Catherine II of Russia sent him seeds from her country.[119] He also corresponded with Giovanni Antonio Scopoli, ""the Linnaeus of the Austrian Empire"", who was a doctor and a botanist in Idrija, Duchy of Carniola (nowadays Slovenia).[120] Scopoli communicated all of his research, findings, and descriptions (for example of the olm and the dormouse, two little animals hitherto unknown to Linnaeus). Linnaeus greatly respected Scopoli and showed great interest in his work. He named a solanaceous genus, Scopolia, the source of scopolamine, after him, but because of the great distance between them, they never met.[121][122]
Linnaeus was relieved of his duties in the Royal Swedish Academy of Science in 1763, but continued his work there as usual for more than ten years after.[79] In 1769 he was elected to the American Philosophical Society for his work.[123] He stepped down as rector at Uppsala University in December 1772, mostly due to his declining health.[78][124]
Linnaeus's last years were troubled by illness. He had had a disease called the Uppsala fever in 1764, but survived due to the care of Rosén. He developed sciatica in 1773, and the next year, he had a stroke which partially paralysed him.[125] He had a second stroke in 1776, losing the use of his right side and leaving him bereft of his memory; while still able to admire his own writings, he could not recognise himself as their author.[126][127]
In December 1777, he had another stroke which greatly weakened him, and eventually led to his death on 10 January 1778 in Hammarby.[128][124] Despite his desire to be buried in Hammarby, he was buried in Uppsala Cathedral on 22 January.[129][130]
His library and collections were left to his widow Sara and their children. Joseph Banks, an eminent botanist, wished to purchase the collection, but his son Carl refused the offer and instead moved the collection to Uppsala. In 1783 Carl died and Sara inherited the collection, having outlived both her husband and son. She tried to sell it to Banks, but he was no longer interested; instead an acquaintance of his agreed to buy the collection. The acquaintance was a 24-year-old medical student, James Edward Smith, who bought the whole collection: 14,000 plants, 3,198 insects, 1,564 shells, about 3,000 letters and 1,600 books. Smith founded the Linnean Society of London five years later.[130][131]
The von Linné name ended with his son Carl, who never married.[132] His other son, Johannes, had died aged 3.[133] There are over two hundred descendants of Linnaeus through two of his daughters.[132]
During Linnaeus's time as Professor and Rector of Uppsala University, he taught many devoted students, 17 of whom he called ""apostles"". They were the most promising, most committed students, and all of them made botanical expeditions to various places in the world, often with his help. The amount of this help varied; sometimes he used his influence as Rector to grant his apostles a scholarship or a place on an expedition.[134] To most of the apostles he gave instructions of what to look for on their journeys. Abroad, the apostles collected and organised new plants, animals and minerals according to Linnaeus's system. Most of them also gave some of their collection to Linnaeus when their journey was finished.[135] Thanks to these students, the Linnaean system of taxonomy spread through the world without Linnaeus ever having to travel outside Sweden after his return from Holland.[136] The British botanist William T. Stearn notes, without Linnaeus's new system, it would not have been possible for the apostles to collect and organise so many new specimens.[137]
Christopher Tärnström, the first apostle and a 43-year-old pastor with a wife and children, made his journey in 1746. He boarded a Swedish East India Company ship headed for China. Tärnström never reached his destination, dying of a tropical fever on Côn Sơn Island the same year. Tärnström's widow blamed Linnaeus for making her children fatherless, causing Linnaeus to prefer sending out younger, unmarried students after Tärnström.[138] Six other apostles later died on their expeditions, including Pehr Forsskål and Pehr Löfling.[137]
Two years after Tärnström's expedition, Finnish-born Pehr Kalm set out as the second apostle to North America. There he spent two-and-a-half years studying the flora and fauna of Pennsylvania, New York, New Jersey and Canada. Linnaeus was overjoyed when Kalm returned, bringing back with him many pressed flowers and seeds. At least 90 of the 700 North American species described in Species Plantarum had been brought back by Kalm.[139]
Daniel Solander was living in Linnaeus's house during his time as a student in Uppsala. Linnaeus was very fond of him, promising Solander his eldest daughter's hand in marriage. On Linnaeus's recommendation, Solander travelled to England in 1760, where he met the English botanist Joseph Banks. With Banks, Solander joined James Cook on his expedition to Oceania on the Endeavour in 1768–71.[140][141] Solander was not the only apostle to journey with James Cook; Anders Sparrman followed on the Resolution in 1772–75 bound for, among other places, Oceania and South America. Sparrman made many other expeditions, one of them to South Africa.[142]
Perhaps the most famous and successful apostle was Carl Peter Thunberg, who embarked on a nine-year expedition in 1770. He stayed in South Africa for three years, then travelled to Japan. All foreigners were barred from entering Japan and  were restricted to  the tiny island of Dejima outside Nagasaki, so it was thus hard for Thunberg to study the flora. He did, however, manage to persuade some of the translators to bring him different plants, and he also found plants in the gardens of Dejima. He returned to Sweden in 1779, one year after Linnaeus's death.[143]
The first edition of Systema Naturae was printed in the Netherlands in 1735. It was a twelve-page work.[144] By the time it reached its 10th edition in 1758, it classified 4,400 species of animals and 7,700 species of plants. People from all over the world sent their specimens to Linnaeus to be included. By the time he started work on the 12th edition, Linnaeus needed a new invention—the index card—to track classifications.[145]
After the decline in Linnaeus's health in the early 1770s, publication of editions of Systema Naturae went in two different directions. Another Swedish scientist, Johan Andreas Murray, issued the Regnum Vegetabile section separately in 1774 as the Systema Vegetabilium, rather confusingly labelled the 13th edition.[146] Meanwhile, a 13th edition of the entire Systema appeared in parts between 1788 and 1793 under the editorship of Johann Friedrich Gmelin. It was through the Systema Vegetabilium that Linnaeus's work became widely known in England, following its translation from the Latin by the Lichfield Botanical Society as A System of Vegetables (1783–1785).[147]
Species Plantarum (or, more fully, Species Plantarum, exhibentes plantas rite cognitas, ad genera relatas, cum differentiis specificis, nominibus trivialibus, synonymis selectis, locis natalibus, secundum systema sexuale digestas) was first published in 1753, as a two-volume work. Its prime importance is perhaps that it is the primary starting point of plant nomenclature as it exists today.[105]
Genera plantarum: eorumque characteres naturales secundum numerum, figuram, situm, et proportionem omnium fructificationis partium was first published in 1737, delineating plant genera. Around 10 editions were published, not all of them by Linnaeus himself; the most important is the 1754 fifth edition.[148] In it Linnaeus divided the plant Kingdom into 24 classes. One, Cryptogamia, included all the plants with concealed reproductive parts (algae, fungi, mosses and liverworts and ferns).[149]
Philosophia Botanica (1751)[99] was a summary of Linnaeus's thinking on plant classification and nomenclature, and an elaboration of the work he had previously published in Fundamenta Botanica (1736) and Critica Botanica (1737). Other publications forming part of his plan to reform the foundations of botany include his Classes Plantarum and Bibliotheca Botanica: all were printed in Holland (as were Genera Plantarum (1737) and Systema Naturae (1735)), the Philosophia being simultaneously released in Stockholm.[150]
At the end of his lifetime the Linnean collection in Uppsala was considered one of the finest collections of natural history objects in Sweden. Next to his own collection, he had also built up a museum for the university of Uppsala, which was supplied by material donated by Carl Gyllenborg (in 1744–1745), crown-prince Adolf Fredrik (in 1745), Erik Petreus (in 1746), Claes Grill (in 1746), Magnus Lagerström (in 1748 and 1750) and Jonas Alströmer (in 1749). The relation between the museum and the private collection was not formalised and the steady flow of material from Linnean pupils was incorporated into the private collection rather than to the museum.[151] Linnaeus felt his work was reflecting the harmony of nature, and he said in 1754 ""the earth is then nothing else but a museum of the all-wise creator's masterpieces, divided into three chambers"". He felt that he had turned his own estate into a microcosm of that 'world museum'.[152]
In 1784 the young medical student James Edward Smith purchased the entire specimen collection, library, manuscripts, and correspondence of Carl Linnaeus from his widow and daughter and transferred the collections to London.[153][154] Not all material in Linné's private collection was transported to England. Thirty-three fish specimens preserved in alcohol were not sent and were later lost.[155]
In London Smith tended to neglect the zoological parts of the collection; he added some specimens and also gave some specimens away.[156] Over the following centuries the Linnean collection in London suffered enormously at the hands of scientists who studied the collection, and in the process disturbed the original arrangement and labels, added specimens that did not belong to the original series and withdrew precious original type material.[157]
Much material that Linné studied belonged to the collection of Queen Lovisa Ulrika (1720–1782); the Linnean publications call this ""Museum Ludovicae Ulricae"" or ""M. L. U.""). The collection was donated by her grandson King Gustav IV Adolf (1778–1837) to the museum in Uppsala in 1804. Her husband King Adolf Fredrik's (1710–1771) collection is known in the Linnean sources as ""Museum Adolphi Friderici"" or ""Mus. Ad. Fr."". The wet parts (the alcohol collection) were later donated to the Royal Swedish Academy of Sciences, and are housed in the Swedish Museum of Natural History at Stockholm. The dry material was transferred to Uppsala.[151]
The establishment of universally accepted conventions for the naming of organisms was Linnaeus's main contribution to taxonomy—his work marks the starting point of consistent use of binomial nomenclature.[158] Another major contribution of his was the popularisation of using the Mars and Venus symbols (♂ and ♀) to denote sex within species. These became the standard gender symbols.[159] During the 18th century expansion of natural history knowledge, Linnaeus also developed what became known as the Linnaean taxonomy; the system of scientific classification now widely used in the biological sciences. A previous zoologist Rumphius (1627–1702) had more or less approximated the Linnaean system and his material contributed to the later development of the binomial scientific classification by Linnaeus.[160]
The Linnaean system classified nature within a nested hierarchy, starting with three kingdoms. Kingdoms were divided into classes and they, in turn, into orders, and thence into genera (singular: genus), which were divided into species (singular: species).[161] Below the rank of species he sometimes recognised taxa of a lower (unnamed) rank; these have since acquired standardised names such as variety in botany and subspecies in zoology. Modern taxonomy includes a rank of family between order and genus and a rank of phylum between kingdom and class that were not present in Linnaeus's original system.[162]
Linnaeus's groupings were based upon shared physical characteristics, and not based upon differences.[162] Of his higher groupings, only those for animals are still in use, and the groupings themselves have been significantly changed since their conception, as have the principles behind them. Nevertheless, Linnaeus is credited with establishing the idea of a hierarchical structure of classification which is based upon observable characteristics and intended to reflect natural relationships.[158][163]
Linnaeus's system of taxonomy was the first to include humans (Homo) taxonomically grouped with apes (Simia), under the header of Anthropomorpha. German biologist Ernst Haeckel speaking in 1907 called this the ""most important sign of Linnaeus's genius"".[164]
Linnaeus classified humans among the primates, beginning with the first edition of Systema Naturae.[165] During his time at Hartekamp, he had the opportunity to examine several monkeys and noted similarities between them and man.[166] He pointed out that they basically had the same anatomy; except for speech, he found no other differences.[167][note 5] Thus he placed man and monkeys under the same category, Anthropomorpha, meaning ""manlike"".[168] This classification received criticism from other biologists such as Johan Gottschalk Wallerius, Jacob Theodor Klein and Johann Georg Gmelin on the ground that it is illogical to describe man as human-like.[169] In a letter to Gmelin from 1747, Linnaeus replied:[170][note 6]
It does not please [you] that I've placed Man among the Anthropomorpha, perhaps because of the term 'with human form',[note 7] but man learns to know himself. Let's not quibble over words. It will be the same to me whatever name we apply. But I seek from you and from the whole world a generic difference between man and simian that [follows] from the principles of Natural History.[note 8] I absolutely know of none. If only someone might tell me a single one! If I would have called man a simian or vice versa, I would have brought together all the theologians against me. Perhaps I ought to have by virtue of the law of the discipline.[170]
The theological concerns were twofold: first, putting man at the same level as monkeys or apes would lower the spiritually higher position that man was assumed to have in the great chain of being, and second, because the Bible says man was created in the image of God (theomorphism), if monkeys/apes and humans were not distinctly and separately designed, that would mean monkeys and apes were created in the image of God as well. This was something many could not accept.[171]
After such criticism, Linnaeus felt he needed to explain himself more clearly. The 10th edition of Systema Naturae introduced new terms, including Mammalia and Primates, the latter replacing Anthropomorpha[172] and giving humans the full binomial Homo sapiens.[173] The new classification received less criticism, but many natural historians still believed he had demoted humans from their former place of ruling over nature. Linnaeus believed that man biologically belonged to the animal kingdom and had to be included in it.[174] In his book Dieta Naturalis, he said, ""One should not vent one's wrath on animals. Theology decrees that man has a soul and that the animals are mere 'automata mechanica', but I believe they would be better advised that animals have a soul and that the difference is of nobility.""[175]

Linnaeus added a second species to the genus Homo in Systema Naturae based on a figure and description by Jacobus Bontius from a 1658 publication: Homo troglodytes (""caveman"")[177][178] and published a third in 1771: Homo lar.[179] Swedish historian Gunnar Broberg states that the new human species Linnaeus described were actually simians or native people clad in skins to frighten colonial settlers, whose appearance had been exaggerated in accounts to Linnaeus.[180] For Homo troglodytes Linnaeus asked the Swedish East India Company to search for one, but they did not find any signs of its existence.[181] Homo lar has since been reclassified as Hylobates lar, the lar gibbon.[182]

In the first edition of Systema Naturae, Linnaeus subdivided the human species into four varieties: ""Europæus albesc[ens]"" (whitish European), ""Americanus rubesc[ens]"" (reddish American), ""Asiaticus fuscus"" (tawny Asian) and ""Africanus nigr[iculus]"" (blackish African).[183][184] In the tenth edition of Systema Naturae he further detailed phenotypical characteristics for each variety, based on the concept of the four temperaments from classical antiquity,[185] and changed the description of Asians' skin tone to ""luridus"" (yellow).[186] While Linnaeus believed that these varieties resulted from environmental differences between the four known continents,[187] the Linnean Society acknowledges that his categorization's focus on skin color and later inclusion of cultural and behavioral traits cemented colonial stereotypes and provided the foundations for scientific racism.[188] Additionally, Linnaeus created a wastebasket taxon ""monstrosus"" for ""wild and monstrous humans, unknown groups, and more or less abnormal people"".[189]
Linnaeus treated himself as the type specimen (holotype) of H. sapiens.[190] In 1959, W. T. Stearn designated Linnaeus as the lectotype of H. sapiens,[191][192] following the International Code of Zoological Nomenclature, since the sole specimen that he is known to have examined was himself.[193]
Linnaeus's applied science was inspired not only by the instrumental utilitarianism general to the early Enlightenment, but also by his adherence to the older economic doctrine of Cameralism.[194] Additionally, Linnaeus was a state interventionist. He supported tariffs, levies, export bounties, quotas, embargoes, navigation acts, subsidised investment capital, ceilings on wages, cash grants, state-licensed producer monopolies, and cartels.[195]
Anniversaries of Linnaeus's birth, especially in centennial years, have been marked by major celebrations.[196] Linnaeus has appeared on numerous Swedish postage stamps and banknotes.[196] There are numerous statues of Linnaeus in countries around the world. The Linnean Society of London has awarded the Linnean Medal for excellence in botany or zoology since 1888. Following approval by the Riksdag of Sweden, Växjö University and Kalmar College merged on 1 January 2010 to become Linnaeus University.[197] Among the things named after Linnaeus is the twinflower genus Linnaea, Linnaeosicyos (a monotypic genus in the family Cucurbitaceae).[198]
Philosopher Jean-Jacques Rousseau once wrote of Linnaeus, ""I know no greater man on Earth.""[199] Johann Wolfgang von Goethe wrote: ""With the exception of William Shakespeare and Baruch Spinoza, I know no one among the no longer living who has influenced me more strongly.""[199] Swedish author August Strindberg wrote: ""Linnaeus was in reality a poet who happened to become a naturalist.""[132] In his autobiography, published by his student Adam Afzelius in 1823, Linnaeus described himself as unargumentative, sensitive, quick, and uninterested in his personal appearance.[200]
In the 21st century, Linnæus's taxonomy of human ""races"" has been criticized. Some claim that Linnæus was one of the forebears of the modern pseudoscientific notion of scientific racism, while others hold the view that while his classification was stereotyped, it did not imply that certain human ""races"" were superior to others.[201][202][203][204][205]
Biographies
Resources
",carl linnaeus may note january also known ennoblement carl von linné b swedish biologist physician formalised binomial nomenclature modern system naming organism known father modern taxonomy many writing latin name rendered latin carolus linnæus ennoblement carolus linné linnaeus son curate born råshult countryside småland southern sweden received higher education uppsala university began giving lecture botany lived abroad studied also published first edition systema naturae netherlands returned sweden became professor medicine botany uppsala sent several journey sweden find classify plant animal continued collect classify animal plant mineral publishing several volume time death one acclaimed scientist europe linnaeus called princeps botanicorum prince botanist pliny north also considered one founder modern ecology botany abbreviation used indicate linnaeus authority specie name zoology abbreviation linnaeus generally used abbreviation linnæus linné also used c older publication abbreviation linn found linnaeus designated type specimen human specie homo sapiens linnaeus born village råshult småland sweden may first child nicolaus nil linnaeus born nil ingemarsson christina brodersonia father taught latin small child one long line peasant priest nil amateur botanist lutheran minister curate small village stenbrohult småland christina daughter rector stenbrohult samuel brodersonius year linnaeus birth grandfather samuel brodersonius died father nil became rector stenbrohult family moved rectory curate house even early year linnaeus seemed liking plant flower particular whenever upset given flower immediately calmed nil spent much time garden often showed flower linnaeus told name soon linnaeus given patch land could grow plant carl father first ancestry adopt permanent surname ancestor used patronymic naming system scandinavian country father named ingemarsson father ingemar bengtsson nil admitted lund university take family name adopted latinate name linnæus giant lime tree lind swedish grew family homestead name spelled æ ligature carl born named carl linnæus father family name son also always spelled æ ligature handwritten document publication carl patronymic would nilsson carl nilsson linnæus linnaeus father began teaching basic latin religion geography early age linnaeus seven nil decided hire tutor parent picked johan telander son local yeoman linnaeus like writing autobiography telander better calculated extinguish child talent develop two year tutoring begun sent lower grammar school växjö linnaeus rarely studied often going countryside look plant point father went visit hearing critical assessment preceptor decided put youth apprentice honest cobbler headmaster daniel lannerus noticed linnaeus interest botany introduced johan rothman state doctor småland teacher katedralskolan växjö rothman broadened linnaeus interest botany helped develop interest medicine age linnaeus become well acquainted existing botanical literature remark journal read day night knowing like back hand arvidh månsson rydaholm book herb tillandz flora åboensis palmberg serta florea suecana bromelii chloros gothica rudbeckii hortus upsaliensis linnaeus entered växjö katedralskola studied mainly greek hebrew theology mathematics curriculum designed boy preparing priesthood last year gymnasium linnaeus father visited ask professor son study progressing dismay said boy would never become scholar rothman believed otherwise suggesting linnaeus could future medicine doctor offered linnaeus live family växjö teach physiology botany nil accepted offer rothman showed linnaeus botany serious subject taught linnaeus classify plant according tournefort system linnaeus also taught sexual reproduction plant according sébastien vaillant linnaeus age enrolled lund university scania skåne registered carolus linnæus latin form full name also used later latin publication professor kilian stobæus natural scientist physician historian offered linnaeus tutoring lodging well use library included many book botany also gave student free admission lecture spare time linnaeus explored flora skåne together student sharing interest august linnaeus decided attend uppsala university advice rothman believed would better choice linnaeus wanted study medicine botany rothman based recommendation two professor taught medical faculty uppsala olof rudbeck younger lars roberg although rudbeck roberg undoubtedly good professor older interested teaching rudbeck longer gave public lecture others stand botany zoology pharmacology anatomy lecture best state uppsala linnaeus met new benefactor olof celsius professor theology amateur botanist received linnaeus home allowed use library one richest botanical library sweden linnaeus wrote thesis praeludia sponsaliorum plantarum plant sexual reproduction attracted attention rudbeck may selected linnaeus give lecture university although young man student lecture popular linnaeus often addressed audience people june linnaeus moved celsius house rudbeck become tutor three youngest child friendship celsius wane continued botanical expedition winter linnaeus began doubt tournefort system classification decided create one plan divide plant number stamen pistil began writing several book would later result example genus plantarum critica botanica also produced book plant grown uppsala botanical garden adonis uplandicus rudbeck former assistant nil rosén returned university march degree medicine rosén started giving anatomy lecture tried take linnaeus botany lecture rudbeck prevented december rosén tutored linnaeus privately medicine december linnaeus disagreement rudbeck wife move mentor house relationship rudbeck appear suffer christmas linnaeus returned home stenbrohult visit parent first time three year mother disapproved failing become priest pleased learn teaching university visit parent linnaeus told plan travel lapland rudbeck made journey detailed result exploration lost fire seven year afterwards linnaeus hope find new plant animal possibly valuable mineral also curious custom native sami people nomad wandered scandinavia vast tundra april linnaeus awarded grant royal society science uppsala journey linnaeus began expedition uppsala may turned travelled foot horse bringing journal botanical ornithological manuscript sheet paper pressing plant near gävle found great quantity campanula serpyllifolia later known linnaea borealis twinflower would become favourite sometimes dismounted way examine flower rock particularly interested moss lichen latter main part diet reindeer common economically important animal lapland linnaeus travelled clockwise around coast gulf bothnia making major inland incursion umeå luleå tornio returned kilometre mi expedition october gathered observed many plant bird rock although lapland region limited biodiversity linnaeus described previously unidentified plant became basis book flora lapponica however expedition lapland linnaeus used latin phrase name describe organism yet developed binomial system flora lapponica linnaeus idea nomenclature classification first used practical way making first flora account covered specie used linnaean classification system included described specie geographical distribution taxonomic note augustin pyramus de candolle attributed linnaeus flora lapponica first example botanical genre flora writing botanical historian greene described flora lapponica classic delightful linnaeus work expedition linnaeus flash insight regarding classification mammal upon observing lower jawbone horse side road travelling linnaeus remarked knew many teeth kind every animal many teat placed perhaps able work perfectly natural system arrangement quadruped linnaeus led small group student dalarna funded governor dalarna expedition catalogue known natural resource discover new one also gather intelligence norwegian mining activity røros relation nil rosén worsened linnaeus accepted invitation claes sohlberg son mining inspector spend christmas holiday falun linnaeus permitted visit mine april suggestion sohlberg father linnaeus sohlberg set dutch republic linnaeus intended study medicine university harderwijk tutoring sohlberg exchange annual salary time common swede pursue doctoral degree netherlands highly revered place study natural history way pair stopped hamburg met mayor proudly showed supposed wonder nature possession taxidermied remains hydra linnaeus quickly discovered specimen fake cobbled together jaw paw weasel skin snake provenance hydra suggested linnaeus manufactured monk represent beast revelation even risk incurring mayor wrath linnaeus made observation public dashing mayor dream selling hydra enormous sum linnaeus sohlberg forced flee hamburg linnaeus began working towards degree soon reached harderwijk university known awarding degree little week submitted dissertation written back sweden entitled dissertatio medica inauguralis qua exhibetur hypothesis nova de febrium intermittentium causa note laid hypothesis malaria arose area soil although failed identify true source disease transmission anopheles mosquito correctly predict artemisia annua wormwood would become source antimalarial medication within two week completed oral practical examination awarded doctoral degree summer linnaeus reunited peter artedi friend uppsala made pact either two predecease survivor would finish decedent work ten week later artedi drowned canal amsterdam leaving behind unfinished manuscript classification fish one first scientist linnaeus met netherlands johan frederik gronovius linnaeus showed one several manuscript brought sweden manuscript described new system classifying plant gronovius saw impressed offered help pay printing additional monetary contribution scottish doctor isaac lawson manuscript published systema naturae linnaeus became acquainted one respected physician botanist netherlands herman boerhaave tried convince linnaeus make career boerhaave offered journey south africa america linnaeus declined stating would stand heat instead boerhaave convinced linnaeus visit botanist johannes burman visit burman impressed guest knowledge decided linnaeus stay winter stay linnaeus helped burman thesaurus zeylanicus burman also helped linnaeus book working fundamenta botanica bibliotheca botanica august linnaeus stay burman met george clifford iii director dutch east india company owner rich botanical garden estate hartekamp heemstede clifford impressed linnaeus ability classify plant invited become physician superintendent garden linnaeus already agreed stay burman winter could thus accept immediately however clifford offered compensate burman offering copy sir han sloane natural history jamaica rare book let linnaeus stay burman accepted september linnaeus moved hartekamp become personal physician clifford curator clifford herbarium paid florin year free board lodging though agreement winter year linnaeus practically stayed wrote book hortus cliffortianus preface described experience happiest time life portion hartekamp declared public garden april heemstede local authority named linnaeushof eventually became claimed biggest playground europe july linnaeus travelled england clifford expense went london visit sir han sloane collector natural history see cabinet curiosity well visit chelsea physic garden keeper philip miller taught miller new system subdividing plant described systema naturae first miller reluctant use new binomial nomenclature preferring instead classification joseph pitton de tournefort john ray nevertheless linnaeus applauded miller gardener dictionary conservative miller retained dictionary binomial signifier discarded linnaeus retained modern botanist fully changed linnaean system edition gardener dictionary miller ultimately impressed started arrange garden according linnaeus system linnaeus also travelled oxford university visit botanist johann jacob dillenius failed make dillenius publicly fully accept new classification system though two men remained correspondence many year afterwards linnaeus dedicated critica botanica opus botanicum quo absolutius mundus linnaeus later named genus tropical tree dillenia honour returned hartekamp bringing many specimen rare plant next year published genus plantarum described genus plant shortly thereafter supplemented corollarium generum plantarum another sixty genus work hartekamp led another book hortus cliffortianus catalogue botanical holding herbarium botanical garden hartekamp wrote nine month completed july published contains first use name nepenthes linnaeus used describe genus pitcher plant note linnaeus stayed clifford hartekamp october new style left house return sweden illness kindness dutch friend obliged stay month longer holland may set sweden way home stayed paris month visiting botanist antoine de jussieu return linnaeus never left sweden linnaeus returned sweden june went falun entered engagement sara elisabeth moræa three month later moved stockholm find employment physician thus make possible support family linnaeus found patron became acquainted count carl gustav tessin helped get work physician admiralty time stockholm linnaeus helped found royal swedish academy science became first praeses academy drawing lot finance improved sufficient support family received permission marry fiancée sara elisabeth moræa wedding held june seventeen month later sara gave birth first son carl two year later daughter elisabeth christina born subsequent year sara gave birth sara magdalena died day old sara linnaeus would later four child lovisa sara christina johannes sophia may linnaeus appointed professor medicine uppsala university first responsibility matter soon changed place professor medicine nil rosén thus responsible botanical garden would thoroughly reconstruct expand botany natural history instead october year wife son followed live uppsala ten day appointed professor undertook expedition island province öland gotland six student university look plant useful medicine stayed öland june sailed visby gotland linnaeus student stayed gotland month returned uppsala expedition found previously unrecorded plant observation expedition later published öländska och gothländska resa written swedish like flora lapponica contained zoological botanical observation well observation concerning culture öland gotland summer linnaeus published two book flora suecica fauna suecica flora suecica strictly botanical book fauna suecica zoological anders celsius created temperature scale named celsius scale originally inverted compared way used today water boiling freezing linnaeus inverted scale present usage summer linnaeus commissioned government carry expedition time swedish province västergötland set uppsala june returned august expedition primary companion erik gustaf lidbeck student accompanied previous journey linnaeus described finding expedition book published next year returned journey government decided linnaeus take another expedition southernmost province scania journey postponed linnaeus felt busy linnaeus given title archiater chief physician swedish king adolf frederick mark great respect year elected member academy science berlin spring linnaeus could finally journey scania skåne commissioned government brought student olof söderberg way scania made last visit brother sister stenbrohult since father died previous year expedition similar previous journey aspect time also ordered find best place grow walnut swedish whitebeam tree tree used army make rifle visited ramlösa mineral spa remarked quality ferruginous water journey successful linnaeus observation published next year skånska resa scanian journey book comprises page diary detailed description everything discovered scania praise people scania hospitality land though everywhere received well compared linnaeus became rector uppsala university starting period natural science esteemed perhaps important contribution made time uppsala teach many student travelled various place world collect botanical sample linnaeus called best student apostle lecture normally popular often held botanical garden tried teach student think trust anybody even even popular lecture botanical excursion made every saturday summer linnaeus student explored flora fauna vicinity uppsala linnaeus published philosophia botanica book contained complete survey taxonomy system using earlier work also contained information keep journal travel maintain botanical garden linnaeus time normal upper class woman wet nurse baby linnaeus joined ongoing campaign end practice sweden promote mother linnaeus published thesis along frederick lindberg physician student based experience tradition period dissertation essentially idea presiding reviewer prases expounded upon student linnaeus dissertation translated french gilibert la nourrice marâtre ou dissertation sur le suite funestes du nourrisage mercénaire linnaeus suggested child might absorb personality wet nurse milk admired child care practice lapp pointed healthy baby compared european employed wet nurse compared behaviour wild animal pointed none denied newborn breastmilk thought activism played role choice term mammalia class organism linnaeus published specie plantarum work internationally accepted starting point modern botanical nomenclature first volume issued may second volume followed august year note book contained page published two volume described specie year king dubbed knight order polar star first civilian sweden become knight order seldom seen wearing order insignia linnaeus felt uppsala noisy unhealthy bought two farm hammarby sävja next year bought neighbouring farm edeby spent summer family hammarby initially small house new larger main building added hammarby linnaeus made garden could grow plant could grown botanical garden uppsala began constructing museum hill behind hammarby moved library collection plant fire destroyed one third uppsala threatened residence necessitated move since initial release systema naturae book expanded reprinted several time tenth edition released edition established starting point zoological nomenclature equivalent specie plantarum swedish king adolf frederick granted linnaeus nobility ennobled ennoblement took name carl von linné latinised carolus linné shortened gallicised version german nobiliary particle signifying ennoblement noble family coat arm prominently feature twinflower one linnaeus favourite plant given scientific name linnaea borealis honour gronovius shield coat arm divided third red black green three kingdom nature animal mineral vegetable linnaean classification centre egg denote nature continued perpetuated ovo bottom phrase latin borrowed aeneid read famam extendere factis extend fame deed linnaeus inscribed personal motto book given friend ennoblement linnaeus continued teaching writing total presided phd ceremony many dissertation written reputation spread world corresponded many different people example catherine ii russia sent seed country also corresponded giovanni antonio scopoli linnaeus austrian empire doctor botanist idrija duchy carniola nowadays slovenia scopoli communicated research finding description example olm dormouse two little animal hitherto unknown linnaeus linnaeus greatly respected scopoli showed great interest work named solanaceous genus scopolia source scopolamine great distance never met linnaeus relieved duty royal swedish academy science continued work usual ten year elected american philosophical society work stepped rector uppsala university december mostly due declining health linnaeus last year troubled illness disease called uppsala fever survived due care rosén developed sciatica next year stroke partially paralysed second stroke losing use right side leaving bereft memory still able admire writing could recognise author december another stroke greatly weakened eventually led death january hammarby despite desire buried hammarby buried uppsala cathedral january library collection left widow sara child joseph bank eminent botanist wished purchase collection son carl refused offer instead moved collection uppsala carl died sara inherited collection outlived husband son tried sell bank longer interested instead acquaintance agreed buy collection acquaintance medical student james edward smith bought whole collection plant insect shell letter book smith founded linnean society london five year later von linné name ended son carl never married son johannes died aged two hundred descendant linnaeus two daughter linnaeus time professor rector uppsala university taught many devoted student called apostle promising committed student made botanical expedition various place world often help amount help varied sometimes used influence rector grant apostle scholarship place expedition apostle gave instruction look journey abroad apostle collected organised new plant animal mineral according linnaeus system also gave collection linnaeus journey finished thanks student linnaean system taxonomy spread world without linnaeus ever travel outside sweden return holland british botanist william stearn note without linnaeus new system would possible apostle collect organise many new specimen christopher tärnström first apostle pastor wife child made journey boarded swedish east india company ship headed china tärnström never reached destination dying tropical fever côn sơn island year tärnström widow blamed linnaeus making child fatherless causing linnaeus prefer sending younger unmarried student tärnström six apostle later died expedition including pehr forsskål pehr löfling two year tärnström expedition pehr kalm set second apostle north america spent year studying flora fauna pennsylvania new york new jersey canada linnaeus overjoyed kalm returned bringing back many pressed flower seed least north american specie described specie plantarum brought back kalm daniel solander living linnaeus house time student uppsala linnaeus fond promising solander eldest daughter hand marriage linnaeus recommendation solander travelled england met english botanist joseph bank bank solander joined james cook expedition oceania endeavour solander apostle journey james cook anders sparrman followed resolution bound among place oceania south america sparrman made many expedition one south africa perhaps famous successful apostle carl peter thunberg embarked expedition stayed south africa three year travelled japan foreigner barred entering japan restricted tiny island dejima outside nagasaki thus hard thunberg study flora however manage persuade translator bring different plant also found plant garden dejima returned sweden one year linnaeus death first edition systema naturae printed netherlands work time reached edition classified specie animal specie plant people world sent specimen linnaeus included time started work edition linnaeus needed new invention index card track classification decline linnaeus health early publication edition systema naturae went two different direction another swedish scientist johan andreas murray issued regnum vegetabile section separately systema vegetabilium rather confusingly labelled edition meanwhile edition entire systema appeared part editorship johann friedrich gmelin systema vegetabilium linnaeus work became widely known england following translation latin lichfield botanical society system vegetable specie plantarum fully specie plantarum exhibentes plantas rite cognitas ad genus relatas cum differentiis specificis nominibus trivialibus synonymis selectis locis natalibus secundum systema sexuale digestas first published work prime importance perhaps primary starting point plant nomenclature exists today genus plantarum eorumque characteres naturales secundum numerum figuram situm et proportionem omnium fructificationis partium first published delineating plant genus around edition published linnaeus important fifth edition linnaeus divided plant kingdom class one cryptogamia included plant concealed reproductive part algae fungi moss liverwort fern philosophia botanica summary linnaeus thinking plant classification nomenclature elaboration work previously published fundamenta botanica critica botanica publication forming part plan reform foundation botany include class plantarum bibliotheca botanica printed holland genus plantarum systema naturae philosophia simultaneously released stockholm end lifetime linnean collection uppsala considered one finest collection natural history object sweden next collection also built museum university uppsala supplied material donated carl gyllenborg adolf fredrik erik petreus claes grill magnus lagerström jonas alströmer relation museum private collection formalised steady flow material linnean pupil incorporated private collection rather museum linnaeus felt work reflecting harmony nature said earth nothing else museum creator masterpiece divided three chamber felt turned estate microcosm museum young medical student james edward smith purchased entire specimen collection library manuscript correspondence carl linnaeus widow daughter transferred collection london material linné private collection transported england fish specimen preserved alcohol sent later lost london smith tended neglect zoological part collection added specimen also gave specimen away following century linnean collection london suffered enormously hand scientist studied collection process disturbed original arrangement label added specimen belong original series withdrew precious original type material much material linné studied belonged collection queen lovisa ulrika linnean publication call museum ludovicae ulricae l collection donated grandson king gustav iv adolf museum uppsala husband king adolf fredrik collection known linnean source museum adolphi friderici mu ad wet part alcohol collection later donated royal swedish academy science housed swedish museum natural history stockholm dry material transferred uppsala establishment universally accepted convention naming organism linnaeus main contribution taxonomy work mark starting point consistent use binomial nomenclature another major contribution popularisation using mar venus symbol denote sex within specie became standard gender symbol century expansion natural history knowledge linnaeus also developed became known linnaean taxonomy system scientific classification widely used biological science previous zoologist rumphius less approximated linnaean system material contributed later development binomial scientific classification linnaeus linnaean system classified nature within nested hierarchy starting three kingdom kingdom divided class turn order thence genus singular genus divided specie singular specie rank specie sometimes recognised taxon lower unnamed rank since acquired standardised name variety botany subspecies zoology modern taxonomy includes rank family order genus rank phylum kingdom class present linnaeus original system linnaeus grouping based upon shared physical characteristic based upon difference higher grouping animal still use grouping significantly changed since conception principle behind nevertheless linnaeus credited establishing idea hierarchical structure classification based upon observable characteristic intended reflect natural relationship linnaeus system taxonomy first include human homo taxonomically grouped ape simia header anthropomorpha german biologist ernst haeckel speaking called important sign linnaeus genius linnaeus classified human among primate beginning first edition systema naturae time hartekamp opportunity examine several monkey noted similarity man pointed basically anatomy except speech found difference note thus placed man monkey category anthropomorpha meaning manlike classification received criticism biologist johan gottschalk wallerius jacob theodor klein johann georg gmelin ground illogical describe man letter gmelin linnaeus replied note please placed man among anthropomorpha perhaps term human form note man learns know let quibble word whatever name apply seek whole world generic difference man simian follows principle natural history note absolutely know none someone might tell single one would called man simian vice versa would brought together theologian perhaps ought virtue law discipline theological concern twofold first putting man level monkey ape would lower spiritually higher position man assumed great chain second bible say man created image god theomorphism human distinctly separately designed would mean monkey ape created image god well something many could accept criticism linnaeus felt needed explain clearly edition systema naturae introduced new term including mammalia primate latter replacing anthropomorpha giving human full binomial homo sapiens new classification received less criticism many natural historian still believed demoted human former place ruling nature linnaeus believed man biologically belonged animal kingdom included book dieta naturalis said one vent one wrath animal theology decree man soul animal mere mechanica believe would better advised animal soul difference nobility linnaeus added second specie genus homo systema naturae based figure description jacobus bontius publication homo troglodyte caveman published third homo lar swedish historian gunnar broberg state new human specie linnaeus described actually simian native people clad skin frighten colonial settler whose appearance exaggerated account linnaeus homo troglodyte linnaeus asked swedish east india company search one find sign existence homo lar since reclassified hylobates lar lar gibbon first edition systema naturae linnaeus subdivided human specie four variety europæus albesc en whitish european americanus rubesc en reddish american asiaticus fuscus tawny asian africanus nigr iculus blackish african tenth edition systema naturae detailed phenotypical characteristic variety based concept four temperament classical antiquity changed description asian skin tone luridus yellow linnaeus believed variety resulted environmental difference four known continent linnean society acknowledges categorization focus skin color later inclusion cultural behavioral trait cemented colonial stereotype provided foundation scientific racism additionally linnaeus created wastebasket taxon monstrosus wild monstrous human unknown group less abnormal people linnaeus treated type specimen holotype h sapiens stearn designated linnaeus lectotype sapiens following international code zoological nomenclature since sole specimen known examined linnaeus applied science inspired instrumental utilitarianism general early enlightenment also adherence older economic doctrine cameralism additionally linnaeus state interventionist supported tariff levy export bounty quota embargo navigation act subsidised investment capital ceiling wage cash grant producer monopoly cartel anniversary linnaeus birth especially centennial year marked major celebration linnaeus appeared numerous swedish postage stamp banknote numerous statue linnaeus country around world linnean society london awarded linnean medal excellence botany zoology since following approval riksdag sweden växjö university kalmar college merged january become linnaeus university among thing named linnaeus twinflower genus linnaea linnaeosicyos monotypic genus family cucurbitaceae philosopher rousseau wrote linnaeus know greater man earth johann wolfgang von goethe wrote exception william shakespeare baruch spinoza know one among longer living influenced strongly swedish author august strindberg wrote linnaeus reality poet happened become naturalist autobiography published student adam afzelius linnaeus described unargumentative sensitive quick uninterested personal appearance century linnæus taxonomy human race criticized claim linnæus one forebear modern pseudoscientific notion scientific racism others hold view classification stereotyped imply certain human race superior others biography resource
Document 3,Red junglefowl - Wikipedia,"
Phasianus gallus Linnaeus, 1758
The red junglefowl (Gallus gallus), also known as the Indian red junglefowl (and formerly the bankiva or bankiva-fowl), is a species of tropical, galliform bird in the phasianid family, found across much of Southeast and parts of South Asia.
The red junglefowl was the primary species to give rise to today's many breeds of domesticated chicken (G. g. domesticus). Lesser contributions came from the grey junglefowl (G. sonneratii), Sri Lankan junglefowl (G. lafayettii) and the Javanese green junglefowl (G. varius).[2][3] Whole genome sequencing has revealed that the chicken was first domesticated from red junglefowl ca. 8,000 years ago,[2] with this domestication event involving multiple maternal origins.[2][4]
The domesticated variant is raised worldwide by humans in their tens of billions[5] for their meat, eggs, colourful plumage and companionship.[6] The wild form of G. gallus is sometimes used in zoos, parks or botanical gardens as a form of pest control, similarly to—and often kept with—the Indian peafowl (Pavo cristatus) or the helmeted guinea fowl (Numida meleagris).
The red junglefowl was formally described in 1758 by the Swedish naturalist Carl Linnaeus in the tenth edition of his Systema Naturae under the binomial name Phasianus gallus.[7] Linnaeus specified the type locality as ""India orientali"" but this has been restricted to the island of Pulo Condor (Côn Đảo) off the coast of Vietnam.[8] The red junglefowl is now one of the four species placed in the genus Gallus that was introduced in 1760 by Mathurin Jacques Brisson.[9] The word gallus is Latin for a farmyard cockerel.[10]
Green junglefowl–Gallus varius (Shaw, 1798)
Red junglefowl–Gallus gallus (Linnaeus, 1758)
Sri Lankan junglefowl–Gallus lafayettii (Lesson, 1831)
Grey junglefowl–Gallus sonneratii (Temminck, 1813)
Five subspecies of G. gallus are recognised:[9]
The species exhibits significant sexual dimorphism. Males are referred to as ""roosters"", while females are referred to as ""hens"". Compared with the domestic chicken, the red junglefowl has a much smaller body mass. The roosters are significantly larger than the hens — males weigh around 1.5 kilograms (3.3 lb), while females weigh around 1 kilogram (2.2 lb).
The plumage of the male is much brighter in colouration than that of the female, which is a drab colour and more suitable for camouflage. The mantle (neck and back) of the rooster typically has long, golden hackle feathers. The tail consists of 14 iridescent feathers that shimmer with blue, purple, and green in direct light. Some of these tail feathers are long and curved, and can grow up to 28 centimetres (11 in) in length. The whole bird may be as long as 70 centimetres (28 in). Hens lack the long, ornate feathers that are a prominent feature of the roosters.
The colouration of the males varies somewhat, depending on the subspecies. For example, some have golden yellow covert feathers from the neck to the lower back with greenish-black tail feathers, while others have red with black tails.
A moult around June changes the plumage of breeding adults to an eclipse pattern, which lasts through October. The male eclipse pattern includes black feathers on the back and small red-orange plumes distributed across the mantle. The eclipse plumage of the hen is generally indistinguishable from the plumage at other seasons, but the moulting schedule is the same as that of the rooster.[13]
The male has a much larger comb and wattle (fleshy ornaments on the head that signal good health to rivals and potential mates) compared with the female. Roosters have a sharp, bony growth on the back of each leg, just behind and above the foot. These spurs are used as a defence mechanism against predators and to establish dominance in the flock.
The native geographic range of the red junglefowl extends from Pakistan, India, Nepal, Bhutan, and Bangladesh in the west, eastwards across southern China, to Myanmar, Thailand, Cambodia, Laos, and Vietnam, and south/southeast into Malaysia, Singapore, the Philippines, Indonesia, and Timor-Leste.[1]
The species has been introduced in Australia, Dominican Republic, Fiji, Hawaii, Jamaica, Marshall Islands, Micronesia, Nauru, Northern Mariana Islands, Palau, and Puerto Rico.[1]
Red junglefowl prefer disturbed habitats and edges, both natural and human-created. The forage[14][15][16] and thick cover in these sorts of areas are attractive to junglefowl, especially nesting females.[17] Junglefowl use both deforested and regenerating forests,[18] and often are found near human settlements[19] or areas of regrowth from slash-and-burn agriculture.[14] Areas burned to promote bamboo growth also attract junglefowl, with edible bamboo seeds more available.[16][17] In some areas, red junglefowl are absent from silvicultural[18] and rubber[20] plantations; elsewhere, they will occur in both tea plant and palm oil plantations.[20] In the state of Selangor, Malaysia, palm foliage provides suitable cover; palm nut fruit provides adequate food, as well as insects (and their larvae) within, and adjacent to, the trees.[21]  The palms also offer an array of roost sites, from the low perches (~4 m) favoured by females with chicks to the higher perches (up to 12 m) used by other adults.[22]
Red junglefowl drink surface water when it is available, but they do not require it. Birds in north-central India visit water holes frequently during the dry season, although not all junglefowl on the subcontinent live close enough to water to do so;[17] population densities may thus be lower, where surface water is limited.[16]
The red junglefowl is shy of humans, compared with the domesticated chicken. The eggs and chicks are cared for only by the hens.
Male birds announce their presence with the well-known ""cock-a-doodle-doo"" call, referred to as ""crowing"". This both attracts potential mates and makes other male birds in the area aware of the risk of fighting a breeding competitor. The crowing of roosters is controlled by their circadian clock. When one rooster announces the break of dawn, others in the vicinity immediately follow.
Chickens are highly social animals, and a strict dominance hierarchy exists in flocks. The top-ranking rooster always crows first, followed by its subordinates, in descending order of social rank.[23]
Their call structure is complex and they have distinctive alarm calls for aerial and ground predators to which others react appropriately.[24][25] Male red junglefowl have a shorter crowing sound than domestic roosters; the call cuts off abruptly at the end.[26]
Red junglefowl regularly bathe in dust to keep the right balance of oil in their plumage. The dust absorbs extra oil and subsequently falls off.[27]
Flight in these birds is almost purely confined to reaching their roosting areas at sunset in trees or any other high and relatively safe places free from ground predators, and for escape from immediate danger through the day.[28]
Dominant male junglefowl appear to defend a territory against other dominant males, and the size of the territories has been inferred based on the proximity of roosts. Beebe[19] concluded that territories were rather small, especially as compared to some of the pheasants with which he was familiar. This was supported by Collias and Collias,[17] who reported that adjacent roost sites can be as close as 100 metres (330 ft). Within flocks, male red junglefowl exhibit dominance hierarchies, and dominant males tend to have larger combs than subordinate males.[29] Red junglefowl typically live in flocks of one to a few males and several females. Males are more likely to occur alone than females.[16][17][30][31][32]
Red junglefowl are attracted to areas with ripe fruit or seeds,[17] including fruit plantations,[20] fields of domestic grain,[19] and stands of bamboo. Although junglefowl typically eat fallen fruits and seeds on the ground, they occasionally forage in trees by perching on branches and feeding on hanging fruit. Fruits and seeds of scores of plant species have been identified from junglefowl crops, along with grasses, leaves, roots, and tubers.[33] In addition, red junglefowl capture a wide variety of arthropods, other invertebrates, and vertebrates such as small lizards. Even mammalian faeces may be consumed. Many of these items are taken opportunistically as the birds forage, although some arthropods, such as termites, are taken in large quantities; about 1,000 individual termites have been found in a single specimen's crop.[17] Plant materials constitute a higher proportion of the diet of adult red junglefowl than do arthropods and other animals. In contrast, chicks eat mostly adult and larval insects, earthworms, and only occasional plant material.[14]
Males make a food-related display called ""tidbitting"", performed upon finding food in the presence of a female.[34] The display is composed of coaxing, cluck-like calls, and eye-catching bobbing and twitching motions of the head and neck. During the performance, the male repeatedly picks up and drops the food item with his beak. The display usually ends when the hen takes the food item either from the ground or directly from the male's beak. Eventually, they sometimes mate.[35]
In many areas, red junglefowl breed during the dry portion of the year, typically winter or spring. This is true in parts of India, Nepal, Thailand, Vietnam, and Laos.[16][17][30][31][32] However, year-round breeding by red junglefowl has been documented in palm oil plantations in Malaysia[21] and also may occur elsewhere.[31] During the laying period, red junglefowl females lay an egg every day. Eggs take 21 days to develop. Chicks fledge in about 4 to 5 weeks, and at 12 weeks old they are chased out of the group by their mother — at which point they start a new group or join an existing one. Sexual maturity is reached at 5 months, with females taking slightly longer than males to reach maturity.[36]
Dominant males attempt to maintain exclusive reproductive access to females, though females choose to mate with subordinate males about 40% of the time in a free-ranging feral flock in San Diego, California.[37][38]
Chickens were created when red junglefowl were domesticated for human use around 8,000 years ago[2] as subspecies Gallus gallus domesticus. They are now a major source of food for humans. However, undomesticated red junglefowl still represent an important source of meat and eggs in their endemic range. The undomesticated form is sometimes used in cock-fighting.[36]
Junglefowl were one of three main animals (along with domesticated pigs and dogs) carried by early Austronesian peoples from Maritime Southeast Asia in their voyages to the islands of Oceania in prehistory, starting around 5,000 years BP [citation needed]. Today, their modern descendants are found throughout Micronesia, Melanesia, and Polynesia.[39]
In 2012, a study examined mitochondrial DNA recovered from ancient bones from Europe, Thailand, the Pacific, and Chile, and from Spanish colonial sites in Florida and the Dominican Republic. The authors concluded that the chicken was primarily domesticated from red junglefowl, with subsequent genetic contributions from grey junglefowl, Sri Lankan junglefowl, and green junglefowl.[2] Domestication occurred about 8,000 years ago, as based on molecular evidence[2] from a common ancestor flock in the bird's natural range, and then proceeded in waves both east and west.[40][41]
In a 2020 study that fully sequenced 863 chickens worldwide, the authors concluded that all domestic chickens originated from a single domestication event of G.gallus (specifically, the G. g. spadiceus subspecies) in Southeast Asia, around 9500 years ago. These early domesticated chickens spread across Southeast and South Asia, where they interbred with the local subspecies of junglefowl, forming genetically and geographically distinct groups.[42]
Other archaeological evidence suggests domestication dates around 7,400 BP from the Chishan site, in the Hebei province of China. However, the domestication event in China has now been disputed by several studies citing unfavourable weather conditions at the time.[40][41] In the Ganges region of India, wild red junglefowl were being used by humans as early as 7,000 years ago. No domestic chicken remains older than 4,000 years have been identified in the Indus Valley, and the antiquity of chickens recovered from excavations at Mohenjo-daro is still debated.[6]
G. gallus has three transferrins, all of which cluster closely with other vertebrates' orthologs.[43]
The other three members of the genus — Sri Lanka junglefowl (G. lafayetii), grey junglefowl (G. sonneratii), and green junglefowl (G. varius) — do not usually produce fertile hybrids with the red junglefowl. However, supporting the hypothesis of a hybrid origin, research published in 2008 found that the gene responsible for the yellow skin of the domestic chicken most likely originated in the closely related grey junglefowl and not from the red junglefowl.[3] Similarly, a 2020 study that analysed the whole genomes of Sri Lanka junglefowl, grey junglefowl, and green junglefowl found strong introgressive hybridisation events in different populations of indigenous village chickens.[2] The study also shows that 71–79% of red junglefowl DNA is shared with the domestic chicken.[2] A culturally significant hybrid between the red junglefowl and the green junglefowl in Indonesia is known as the bekisar.
Wild-type red junglefowl are thought to be facing threats due to hybridisation at forest edges, where domesticated free-ranging chickens are common.[44][45][46][47][48] Hybridisation can lead to genetic dilution, potentially affecting the species' distinct characteristics and adaptations to the wild. In addition, habitat loss due to deforestation and urbanisation has contributed to population declines in certain regions. Hunting for food and the pet trade also pose threats to local populations, particularly in areas where the species is not legally protected.[49][50][51][52][53][54]
The red junglefowl is considered near threatened in Singapore.[55] Nevertheless, they are classified by the IUCN as a species of least concern.[1]
",phasianus gallus linnaeus red junglefowl gallus gallus also known indian red junglefowl formerly bankiva specie tropical galliform bird phasianid family found across much southeast part south asia red junglefowl primary specie give rise today many breed domesticated chicken domesticus lesser contribution came grey junglefowl sonneratii sri lankan junglefowl lafayettii javanese green junglefowl g varius whole genome sequencing revealed chicken first domesticated red junglefowl ca year ago domestication event involving multiple maternal origin domesticated variant raised worldwide human ten billion meat egg colourful plumage companionship wild form gallus sometimes used zoo park botanical garden form pest control similarly often kept indian peafowl pavo cristatus helmeted guinea fowl numida meleagris red junglefowl formally described swedish naturalist carl linnaeus tenth edition systema naturae binomial name phasianus gallus linnaeus specified type locality india orientali restricted island pulo condor côn đảo coast vietnam red junglefowl one four specie placed genus gallus introduced mathurin jacques brisson word gallus latin farmyard cockerel green junglefowl gallus varius shaw red junglefowl gallus gallus linnaeus sri lankan junglefowl gallus lafayettii lesson grey junglefowl gallus sonneratii temminck five subspecies gallus recognised specie exhibit significant sexual dimorphism male referred rooster female referred hen compared domestic chicken red junglefowl much smaller body mass rooster significantly larger hen male weigh around kilogram lb female weigh around kilogram lb plumage male much brighter colouration female drab colour suitable camouflage mantle neck back rooster typically long golden hackle feather tail consists iridescent feather shimmer blue purple green direct light tail feather long curved grow centimetre length whole bird may long centimetre hen lack long ornate feather prominent feature rooster colouration male varies somewhat depending subspecies example golden yellow covert feather neck lower back tail feather others red black tail moult around june change plumage breeding adult eclipse pattern last october male eclipse pattern includes black feather back small plume distributed across mantle eclipse plumage hen generally indistinguishable plumage season moulting schedule rooster male much larger comb wattle fleshy ornament head signal good health rival potential mate compared female rooster sharp bony growth back leg behind foot spur used defence mechanism predator establish dominance flock native geographic range red junglefowl extends pakistan india nepal bhutan bangladesh west eastward across southern china myanmar thailand cambodia lao vietnam malaysia singapore philippine indonesia specie introduced australia dominican republic fiji hawaii jamaica marshall island micronesia nauru northern mariana island palau puerto rico red junglefowl prefer disturbed habitat edge natural forage thick cover sort area attractive junglefowl especially nesting female junglefowl use deforested regenerating forest often found near human settlement area regrowth agriculture area burned promote bamboo growth also attract junglefowl edible bamboo seed available area red junglefowl absent silvicultural rubber plantation elsewhere occur tea plant palm oil plantation state selangor malaysia palm foliage provides suitable cover palm nut fruit provides adequate food well insect larva within adjacent tree palm also offer array roost site low perch favoured female chick higher perch used adult red junglefowl drink surface water available require bird india visit water hole frequently dry season although junglefowl subcontinent live close enough water population density may thus lower surface water limited red junglefowl shy human compared domesticated chicken egg chick cared hen male bird announce presence call referred crowing attracts potential mate make male bird area aware risk fighting breeding competitor crowing rooster controlled circadian clock one rooster announces break dawn others vicinity immediately follow chicken highly social animal strict dominance hierarchy exists flock rooster always crow first followed subordinate descending order social rank call structure complex distinctive alarm call aerial ground predator others react appropriately male red junglefowl shorter crowing sound domestic rooster call cut abruptly end red junglefowl regularly bathe dust keep right balance oil plumage dust absorbs extra oil subsequently fall flight bird almost purely confined reaching roosting area sunset tree high relatively safe place free ground predator escape immediate danger day dominant male junglefowl appear defend territory dominant male size territory inferred based proximity roost beebe concluded territory rather small especially compared pheasant familiar supported collias collias reported adjacent roost site close metre ft within flock male red junglefowl exhibit dominance hierarchy dominant male tend larger comb subordinate male red junglefowl typically live flock one male several female male likely occur alone female red junglefowl attracted area ripe fruit seed including fruit plantation field domestic grain stand bamboo although junglefowl typically eat fallen fruit seed ground occasionally forage tree perching branch feeding hanging fruit fruit seed score plant specie identified junglefowl crop along grass leaf root tuber addition red junglefowl capture wide variety arthropod invertebrate vertebrate small lizard even mammalian faeces may consumed many item taken opportunistically bird forage although arthropod termite taken large quantity individual termite found single specimen crop plant material constitute higher proportion diet adult red junglefowl arthropod animal contrast chick eat mostly adult larval insect earthworm occasional plant material male make display called tidbitting performed upon finding food presence female display composed coaxing call bobbing twitching motion head neck performance male repeatedly pick drop food item beak display usually end hen take food item either ground directly male beak eventually sometimes mate many area red junglefowl breed dry portion year typically winter spring true part india nepal thailand vietnam lao however breeding red junglefowl documented palm oil plantation malaysia also may occur elsewhere laying period red junglefowl female lay egg every day egg take day develop chick fledge week week old chased group mother point start new group join existing one sexual maturity reached month female taking slightly longer male reach maturity dominant male attempt maintain exclusive reproductive access female though female choose mate subordinate male time feral flock san diego california chicken created red junglefowl domesticated human use around year ago subspecies gallus gallus domesticus major source food human however undomesticated red junglefowl still represent important source meat egg endemic range undomesticated form sometimes used junglefowl one three main animal along domesticated pig dog carried early austronesian people maritime southeast asia voyage island oceania prehistory starting around year bp citation needed today modern descendant found throughout micronesia melanesia polynesia study examined mitochondrial dna recovered ancient bone europe thailand pacific chile spanish colonial site florida dominican republic author concluded chicken primarily domesticated red junglefowl subsequent genetic contribution grey junglefowl sri lankan junglefowl green junglefowl domestication occurred year ago based molecular evidence common ancestor flock bird natural range proceeded wave east west study fully sequenced chicken worldwide author concluded domestic chicken originated single domestication event specifically spadiceus subspecies southeast asia around year ago early domesticated chicken spread across southeast south asia interbred local subspecies junglefowl forming genetically geographically distinct group archaeological evidence suggests domestication date around bp chishan site hebei province china however domestication event china disputed several study citing unfavourable weather condition time ganges region india wild red junglefowl used human early year ago domestic chicken remains older year identified indus valley antiquity chicken recovered excavation still debated gallus three transferrin cluster closely vertebrate orthologs three member genus sri lanka junglefowl lafayetii grey junglefowl sonneratii green junglefowl varius usually produce fertile hybrid red junglefowl however supporting hypothesis hybrid origin research published found gene responsible yellow skin domestic chicken likely originated closely related grey junglefowl red junglefowl similarly study analysed whole genome sri lanka junglefowl grey junglefowl green junglefowl found strong introgressive hybridisation event different population indigenous village chicken study also show red junglefowl dna shared domestic chicken culturally significant hybrid red junglefowl green junglefowl indonesia known bekisar red junglefowl thought facing threat due hybridisation forest edge domesticated chicken common hybridisation lead genetic dilution potentially affecting specie distinct characteristic adaptation wild addition habitat loss due deforestation urbanisation contributed population decline certain region hunting food pet trade also pose threat local population particularly area specie legally protected red junglefowl considered near threatened singapore nevertheless classified iucn specie least concern
Document 4,Southeast Asia - Wikipedia,"
Southeast Asia[b] is the geographical southeastern region of Asia, consisting of the regions that are situated south of China, east of the Indian subcontinent, and northwest of mainland Australia, which is part of Oceania.[5] Southeast Asia is bordered to the north by East Asia, to the west by South Asia and the Bay of Bengal, to the east by Oceania and the Pacific Ocean, and to the south by Australia and the Indian Ocean. Apart from the British Indian Ocean Territory and two out of 26 atolls of the Maldives in South Asia, Maritime Southeast Asia is the only other subregion of Asia that lies partly within the Southern Hemisphere. Mainland Southeast Asia is entirely in the Northern Hemisphere. Timor-Leste and the southern portion of Indonesia are the parts of Southeast Asia that are located south of the equator.
The region lies near the intersection of geological plates, with both heavy seismic and volcanic activities.[6] The Sunda plate is the main plate of the region, featuring almost all Southeast Asian countries except Myanmar, northern Thailand, northern Laos, northern Vietnam, and northern Luzon of the Philippines, while the Sunda plate only includes western Indonesia to as far east as the Indonesian province of Bali. The mountain ranges in Myanmar, Thailand, Peninsular Malaysia, and the Indonesian islands of Sumatra, Java, Bali, Lesser Sunda Islands, and Timor are part of the Alpide belt, while the islands of the Philippines and Indonesia as well as Timor-Leste are part of the Pacific Ring of Fire. Both seismic belts meet in Indonesia, causing the region to have relatively high occurrences of earthquakes and volcanic eruptions, particularly in the Philippines and Indonesia.[7]
It covers about 4,500,000 km2 (1,700,000 sq mi), which is 9.80% of Asia, 8% of Eurasia and 3% of Earth's total land area. Its total population is about 676 million, about 8.5% of the world's population. It is the third most populous geographical region in Asia after South Asia and East Asia.[8] The region is culturally and ethnically diverse, with hundreds of languages spoken by different ethnic groups.[9] The eleven countries in the region are members of the Association of Southeast Asian Nations (ASEAN), a regional organisation established for economic, political, military, educational, and cultural integration among its members.[10]
Southeast Asia is one of the most culturally diverse regions of the world. There are many different languages and ethnicities in the region. Historically, Southeast Asia was significantly influenced by Indian, Chinese, Muslim, and colonial cultures, which became core components of the region's cultural and political institutions. Most modern Southeast Asian countries were colonised by European powers. European colonisation exploited natural resources and labour from the lands they conquered, and attempted to spread European institutions to the region.[11] Several Southeast Asian countries were also briefly occupied by the Empire of Japan during World War II. The aftermath of World War II saw most of the region decolonised. Today, Southeast Asia is predominantly governed by independent states.[12]
The region, together with part of South Asia, was well known by Europeans as the East Indies or simply the Indies until the 20th century. Chinese sources referred to the region as Nanyang (""南洋""), which literally means the ""Southern Ocean"". The mainland section of Southeast Asia was referred to as Indochina by European geographers due to its location between China and the Indian subcontinent and its having cultural influences from both neighbouring regions. In the 20th century, however, the term became more restricted to territories of the former French Indochina (Cambodia, Laos, and Vietnam). The maritime section of Southeast Asia is also known as the Malay Archipelago, a term derived from the European concept of a Malay race.[13] Another term for Maritime Southeast Asia is Insulindia (Indian Islands), used to describe the region between Indochina and Australasia.[14]
The term ""Southeast Asia"" was first used in 1839 by American pastor Howard Malcolm in his book Travels in South-Eastern Asia. Malcolm only included the Mainland section and excluded the Maritime section in his definition of Southeast Asia.[15] The term was officially used in the midst of World War II by the Allies, through the formation of South East Asia Command (SEAC) in 1943.[16] SEAC popularised the use of the term ""Southeast Asia"", although what constituted Southeast Asia was not fixed; for example, SEAC excluded the Philippines and a large part of Indonesia while including Ceylon. However, by the late 1970s, a roughly standard usage of the term ""Southeast Asia"" and the territories it encompasses had emerged.[17] Although from a cultural or linguistic perspective the definitions of ""Southeast Asia"" may vary, the most common definitions nowadays include the area represented by the countries (sovereign states and dependent territories) listed below.
All eleven states of Southeast Asia are members of the Association of Southeast Asian Nations (ASEAN). Papua New Guinea has stated that it might join ASEAN, and is currently an observer. Sovereignty issues exist over some islands in the South China Sea.
* Administrative centre in Putrajaya.
Southeast Asia is geographically divided into two subregions, namely Mainland Southeast Asia (or the Indochinese Peninsula) and Maritime Southeast Asia.
Mainland Southeast Asia includes:
Maritime Southeast Asia includes:
While Peninsular Malaysia is geographically situated in Mainland Southeast Asia, it shares many similar cultural and ecological affinities with surrounding islands, thus it is often grouped with them as part of Maritime Southeast Asia.[33] Geographically, the Andaman and Nicobar Islands of India is also considered a part of Maritime Southeast Asia.[citation needed] Eastern Bangladesh and Northeast India have strong cultural ties with Mainland Southeast Asia and are sometimes considered transregional areas between South Asia and Southeast Asia (see also: Eastern South Asia and Southeast Asian relations with Northeast India).[34] To the east, Hong Kong is sometimes regarded as part of Southeast Asia.[35][36][37][38][39][40][41][excessive citations] Similarly, Christmas Island and the Cocos (Keeling) Islands have strong cultural ties with Maritime Southeast Asia and are sometimes considered transregional areas between Southeast Asia and Australia/Oceania. On some occasions, Sri Lanka has been considered a part of Southeast Asia because of its cultural and religious ties to Mainland Southeast Asia.[17][42] The eastern half of the island of New Guinea, which is not a part of Indonesia, namely, Papua New Guinea, is sometimes included as a part of Maritime Southeast Asia, and so are Guam, the Northern Mariana Islands, and Palau, which were all parts of the Spanish East Indies with strong cultural and linguistic ties to the region, specifically, the Philippines.[43]
Timor-Leste and the eastern half of Indonesia (east of the Wallace Line in the region of Wallacea) are considered to be geographically associated with Oceania due to their distinctive faunal features. Geologically, the island of New Guinea and its surrounding islands are considered as parts of the Australian continent, connected via the Sahul Shelf. Both Christmas Island and the Cocos (Keeling) Islands are located on the Australian plate, south of the Sunda Trench. Even though they are geographically closer to Maritime Southeast Asia than mainland Australia, these two Australian external territories are not geologically associated with Asia as none of them is actually on the Sunda plate. The UN Statistics Division's geoscheme, which is a UN political geography tool created specifically for statistical purposes,[44] has classified both island territories as parts of Oceania, under the UNSD subregion ""Australia and New Zealand"" (Australasia).
Some definitions of Southeast Asia may include Taiwan. Taiwan has sometimes been included in Southeast Asia as well as East Asia but is not a member of ASEAN.[45] Likewise, a similar argument could be applied to some southern parts of mainland China, as well as Hong Kong and Macau, may also considered as part of Southeast Asia as well as East Asia but are not members of ASEAN.[35]
The region was already inhabited by Homo erectus from approximately 1,500,000 years ago during the Middle Pleistocene age.[46] Distinct Homo sapiens groups, ancestral to Eastern non-African (related to East Asians as well as Papuans) populations, reached the region by between 50,000BC to 70,000BC, with some arguing earlier.[47][48] Rock art (parietal art) dating from 40,000 to 60,000 years ago (which is currently the world's oldest) has been discovered in the caves of Sulawesi and Borneo (Kalimantan).[49][50] Homo floresiensis also lived in the area up until at least 50,000 years ago, after which they became extinct.[51] During much of this time the present-day islands of Western Indonesia were joined into a single landmass with the Malay Peninsula known as Sundaland due to much lower sea levels. The Gulf of Thailand was dry land which connected Sundaland with Mainland Southeast Asia.
Distinctive Basal-East Eurasian (Eastern non-African) ancestry was recently found to have originated in Mainland Southeast Asia at ~50,000BC, and expanded through multiple migration waves southwards and northwards respectively, giving rise to both Oceanian (Papuan related) and basal East Asian (Onge and Tianyuan related) lineages.[48]
Ancient remains of hunter-gatherers in Maritime Southeast Asia, such as one Holocene hunter-gatherer from South Sulawesi, had ancestry from both the Oceanian-related and East Asian-related branches of the Eastern non-African lineage. The hunter-gatherer individual had approximately ~50% ""Basal-East Asian"" ancestry, modeled as Onge or Tianyuan-like ancestry, and was positioned in between the Andamanese Onge and the Papuans of Oceania. The authors concluded that the presence of this ancestry in the Holocene hunter-gatherer suggests that East Asian-related admixture from Mainland Southeast Asia into Maritime Southeast Asia may have taken place long before the expansion of Austronesian societies. Geneflow of East Asian-related ancestry into Maritime Southeast Asia and Oceania could be estimated to ~25,000BC (possibly even earlier).[52]
The pre-Neolithic Oceanian-related populations of Maritime Southeast Asia were largely replaced by the expansion of various East Asian-related populations, beginning about 50,000BC to 25,000BC years ago from Mainland Southeast Asia. East Asian-related ancestry was already widespread across Southeast Asia by 15,000BC, predating the expansion of Austroasiatic and Austronesian peoples.[48]
Samples dated to c. 10,000–2000 BCE from the Hoabinhian hunter-gatherer lithic techno-complex in Mainland Southeast Asia, which predated the Austronesian and Austroasiatic expansions, display the closest genetic affinities to basal East Asian lineages related to the Upper Paleolithic Tianyuan man from northern China, as well as the prehistoric Jōmon peoples of Japan. Compared to modern populations, they share the closest affinities to the Andamanese Onge and Jarawa, and the Semang (also known as ""Malaysian Negritos"") and Maniq in the interior of the Malay Peninsula.[53][54][55][56][57]
In the late Neolithic, the Austronesian peoples, who form the majority of the modern population in Brunei, Indonesia, Malaysia, the Philippines, and Timor-Leste, migrated to Southeast Asia from Taiwan in the first seaborne human migration known as the Austronesian Expansion. They arrived in the northern Philippines between 7,000 BC to 2,200 BC and rapidly spread further into the Northern Mariana Islands and Borneo by 1500 BC; Island Melanesia by 1300 BC; and to the rest of Indonesia, Malaysia, southern Vietnam, and Palau by 1000 BC.[58][59] They often settled along coastal areas, replacing and assimilating the diverse preexisting peoples. The remainders of these preexisting populations, known as Negritos, form small minority groups in geographically isolated regions.[60][61][48]
The Austronesian peoples of Southeast Asia have been seafarers for thousands of years. They spread eastwards to Micronesia and Polynesia, as well as westwards to Madagascar, becoming the ancestors of modern-day Malagasy, Micronesians, Melanesians, and Polynesians.[62] Passage through the Indian Ocean aided the colonisation of Madagascar, as well as commerce between Western Asia, eastern coast of India and Chinese southern coast.[62] Gold from Sumatra is thought to have reached as far west as Rome. Pliny the Elder wrote in his Natural History about Chryse and Argyre, two legendary islands rich in gold and silver, located in the Indian Ocean. Their vessels, such as the vinta, were capable to sail across the ocean. Magellan's voyage records how much more manoeuvrable their vessels were, as compared to the European ships.[63] A slave from the Sulu Sea was believed to have been used in the Magellan expedition as a translator.
Studies presented by the Human Genome Organisation (HUGO) through genetic studies of the various peoples of Asia show empirically that there was a single migration event from Africa, whereby the early people travelled along the south coast of Asia, first entered the Malay Peninsula 50,000–90,000 years ago. The Orang Asli, in particular the Semang who show Negrito characteristics, are the direct descendants of these earliest settlers of Southeast Asia. These early people diversified and travelled slowly northwards to China, and the populations of Southeast Asia show greater genetic diversity than the younger population of China.[64][65]
Solheim and others have shown evidence for a Nusantao maritime trading network ranging from Vietnam to the rest of the archipelago as early as 5000 BC to 1 AD.[66] The Bronze Age Dong Son culture flourished in Northern Vietnam from about 1000 BC to 1 BC. Its influence spread to other parts Southeast Asia.[67][68] The region entered the Iron Age era in 500 BC, when iron was forged also in northern Vietnam still under Dong Son, due to its frequent interactions with neighbouring China.[46]
Most Southeast Asian people were originally animist, engaged in ancestors, nature, and spirits worship. These belief systems were later supplanted by Hinduism and Buddhism after the region, especially coastal areas, came under contact with Indian subcontinent during the first century.[69] Indian Brahmins and traders brought Hinduism to the region and made contacts with local courts.[70] Local rulers converted to Hinduism or Buddhism and adopted Indian religious traditions to reinforce their legitimacy, elevate ritual status above their fellow chief counterparts and facilitate trade with South Asian states. They periodically invited Indian Brahmins into their realms and began a gradual process of Indianisation in the region.[71][72][73] Shaivism was the dominant religious tradition of many southern Indian Hindu kingdoms during the first century. It then spread into Southeast Asia via the Bay of Bengal, Indochina, then Malay Archipelago, leading to thousands of Shiva temples on the islands of Indonesia as well as Cambodia and Vietnam, co-evolving with Buddhism in the region.[74][75] Theravada Buddhism entered the region during the third century, via maritime trade routes between the region and Sri Lanka.[76] Buddhism later established a strong presence in Funan region in the fifth century. In present-day mainland Southeast Asia, Theravada is still the dominant branch of Buddhism, practised by the Thai, Burmese, and Cambodian Buddhists. This branch was fused with the Hindu-influenced Khmer culture. Mahayana Buddhism established presence in Maritime Southeast Asia, brought by Chinese monks during their transit in the region en route to Nalanda.[71] It is still the dominant branch of Buddhism practised by Indonesian and Malaysian Buddhists.
The spread of these two Indian religions confined the adherents of Southeast Asian indigenous beliefs into remote inland areas. The Maluku Islands and New Guinea were never Indianised and its native people were predominantly animists until the 15th century when Islam began to spread in those areas.[77] While in Vietnam, Buddhism never managed to develop strong institutional networks due to strong Chinese influence.[78] In present-day Southeast Asia, Vietnam is the only country where its folk religion makes up the plurality.[79][80] Recently, Vietnamese folk religion is undergoing a revival with the support of the government.[81] Elsewhere, there are ethnic groups in Southeast Asia that resisted conversion and still retain their original animist beliefs, such as the Dayaks in Kalimantan, the Igorots in Luzon, and the Shans in eastern Myanmar.[82]
After the region came under contact with the Indian subcontinent c. 400 BCE, it began a gradual process of Indianisation where Indian ideas such as religions, cultures, architectures, and political administrations were brought by traders and religious figures and adopted by local rulers. In turn, Indian Brahmins and monks were invited by local rulers to live in their realms and help transforming local polities to become more Indianised, blending Indian and indigenous traditions.[83][72][73] Sanskrit and Pali became the elite language of the region, which effectively made Southeast Asia part of the Indosphere.[84] Most of the region had been Indianised during the first centuries, while the Philippines later Indianised c. ninth century when the Kingdom of Tondo was established in Luzon.[85] Vietnam, especially its northern part, was never fully Indianised due to the many periods of Chinese domination it experienced.[86]
The first Indian-influenced polities established in the region were the Pyu city-states that already existed circa second century BCE, located in inland Myanmar. It served as an overland trading hub between India and China.[87] Theravada Buddhism was the predominant religion of these city states, while the presence of other Indian religions such as Mahayana Buddhism and Hinduism were also widespread.[88][89] In the first century, the Funan states centered in the Mekong Delta were established, encompassed modern-day Cambodia, southern Vietnam, Laos, and eastern Thailand. It became the dominant trading power in mainland Southeast Asia for about five centuries, provided passage for Indian and Chinese goods and assumed authority over the flow of commerce through Southeast Asia.[62] In maritime Southeast Asia, the first recorded Indianised kingdom was Salakanagara, established in western Java circa second century CE. This Hindu kingdom was known by the Greeks as Argyre (Land of Silver).[90]
By the fifth century CE, trade networking between East and West was concentrated in the maritime route. Foreign traders were starting to use new routes such as the Malacca and Sunda Straits due to the development of maritime Southeast Asia. This change resulted in the decline of Funan, while new maritime powers such as Srivijaya, Tarumanagara, and Mataram emerged. Srivijaya especially became the dominant maritime power for more than 5 centuries, controlling both Strait of Malacca and Sunda Strait.[62] This dominance started to decline when Srivijaya were invaded by Chola Empire, a dominant maritime power of Indian subcontinent, in 1025.[91] The invasion reshaped power and trade in the region, resulted in the rise of new regional powers such as the Khmer Empire and Kahuripan.[92] Continued commercial contacts with the Chinese Empire enabled the Cholas to influence the local cultures. Many of the surviving examples of the Hindu cultural influence found today throughout Southeast Asia are the result of the Chola expeditions.[note 1]
As Srivijaya influence in the region declined, The Hindu Khmer Empire experienced a golden age during the 11th to 13th century CE. The empire's capital Angkor hosts majestic monuments—such as Angkor Wat and Bayon. Satellite imaging has revealed that Angkor, during its peak, was the largest pre-industrial urban centre in the world.[94] The Champa civilisation was located in what is today central Vietnam, and was a highly Indianised Hindu kingdom. The Vietnamese launched a massive conquest against the Cham people during the 1471 Vietnamese invasion of Champa, ransacking and burning Champa, slaughtering thousands of Cham people, and forcibly assimilating them into Vietnamese culture.[95]
During the 13th century CE, the region experienced Mongol invasions, affecting areas such as the Vietnamese coast, inland Burma (Myanmar) and Java. In 1258, 1285 and 1287, the Mongols attempted to invade Đại Việt and Champa.[96] The invasions were unsuccessful, yet both Dai Viet and Champa agreed to become tributary states to Yuan dynasty to avoid further conflicts.[97] The Mongols also invaded Pagan Kingdom in Burma from 1277 to 1287, resulted in fragmentation of the Kingdom and rise of smaller Shan States ruled by local chieftains nominally submitted to Yuan dynasty.[98][99] However, in 1297, a new local power emerged. Myinsaing Kingdom became the real ruler of Central Burma and challenged the Mongol rule. This resulted in the second Mongol invasion of Burma in 1300, which was repulsed by Myinsaing.[100][101] The Mongols would later in 1303 withdrawn from Burma.[102] In 1292, the Mongols sent envoys to the Singhasari kingdom in Java to ask for submission to Mongol rule. Singhasari rejected the proposal and injured the envoys, enraged the Mongols and made them sent a large invasion fleet to Java. Unbeknownst to them, Singhasari collapsed in 1293 due to a revolt by Kadiri, one of its vassals. When the Mongols arrived in Java, a local prince named Raden Wijaya offered his service to assist the Mongols in punishing Kadiri. After Kadiri was defeated, Wijaya turned on his Mongol allies, ambushed their invasion fleet and forced them to immediately leave Java.[103][104]
After the departure of the Mongols, Wijaya established the Majapahit Empire in eastern Java in 1293. Majapahit would soon grow into a regional power. Its greatest ruler was Hayam Wuruk, whose reign from 1350 to 1389 marked the empire's peak when other kingdoms in the southern Malay Peninsula, Borneo, Sumatra, and Bali came under its influence. Various sources such as the Nagarakertagama also mention that its influence spanned over parts of Sulawesi, Maluku, and some areas of western New Guinea and southern Philippines, making it one of the largest empire to ever exist in Southeast Asian history.[105]: 107  By the 15th century CE however, Majapahit's influence began to wane due to many war of successions it experienced and the rise of new Islamic states such as Samudera Pasai and Malacca Sultanate around the strategic Strait of Malacca. Majapahit then collapsed around 1500. It was the last major Hindu kingdom and the last regional power in the region before the arrival of the Europeans.[106][107]
Islam began to make contacts with Southeast Asia in the eighth-century CE, when the Umayyads established trade with the region via sea routes.[108][109][110] However, it only began to spread into the region centuries later. In the 11th century, a turbulent period occurred in the history of Maritime Southeast Asia. The Indian Chola navy crossed the ocean and attacked the Srivijaya kingdom of Sangrama Vijayatungavarman in Kadaram (Kedah); the capital of the powerful maritime kingdom was sacked and the king was taken captive. Along with Kadaram, Pannai in present-day Sumatra and Malaiyur and the Malayan peninsula were attacked too. Soon after that, the king of Kedah Phra Ong Mahawangsa became the first ruler to abandon the traditional Hindu faith, and converted to Islam with the Sultanate of Kedah established in 1136. Samudera Pasai converted to Islam in 1267, the King of Malacca Parameswara married the princess of Pasai, and the son became the first sultan of Malacca. Soon, Malacca became the center of Islamic study and maritime trade, and other rulers followed suit. Indonesian religious leader and Islamic scholar Hamka (1908–1981) wrote in 1961: ""The development of Islam in Indonesia and Malaya is intimately related to a Chinese Muslim, Admiral Zheng He.""[111] Muslims as far as Ottoman Turkey reached Southeast Asia that Melchor Davalos a Spanish officer in Manila, remarked:[112]
Persians and Arabs and Egyptians and Turks brought [Muhammad's] veneration and evil sect here, and even Moors from Tunis and Granada came here, sometimes in the armadas of Campson [Kait Bey], former Sultan of Cairo and King of Egypt... Thus it seems to me that these Moros of the Philippine Islands [are] mainly those who, as had been said, come from Egypt and Arabia and Mecca, and are their relatives, disciples and members, and every year they say that Turks come to Sumatra and Borneo, and to Ternate, where there are now some of those defeated in the famous battle which Señor Don Juan de Austria won.[112]
— Melchor Davalos
There are several theories to the Islamization process in Southeast Asia. Another theory is trade. The expansion of trade among West Asia, India, and Southeast Asia helped the spread of the religion as Muslim traders from South Arabia (Hadhramaut) brought Islam to the region with their large volume of trade. Many settled in Indonesia, Singapore, and Malaysia. This is evident in the Arab-Indonesian, Arab-Singaporean, and Arab-Malay populations who were at one time very prominent in each of their countries. Finally, the ruling classes embraced Islam and that further aided the permeation of the religion throughout the region. The ruler of the region's most important port, Malacca Sultanate, embraced Islam in the 15th century, heralding a period of accelerated conversion of Islam throughout the region as Islam provided a positive force among the ruling and trading classes. Gujarati Muslims played a pivotal role in establishing Islam in Southeast Asia.[113]
Trade among Southeast Asian countries has a long tradition. The consequences of colonial rule, struggle for independence, and in some cases war influenced the economic attitudes and policies of each country.[114]
From 111 BC to 938 AD, northern Vietnam was under Chinese rule. Vietnam was successfully governed by a series of Chinese dynasties including the Han, Eastern Han, Eastern Wu, Cao Wei, Jin, Liu Song, Southern Qi, Liang, Sui, Tang, and Southern Han.
Records from Magellan's voyage show that Brunei possessed more cannon than European ships, so the Chinese must have been trading with them.[63]
Malaysian legend has it that a Chinese Ming emperor sent a princess, Hang Li Po, to Malacca, with a retinue of 500, to marry Sultan Mansur Shah after the emperor was impressed by the wisdom of the sultan. Hang Li Poh's Well (constructed 1459) is now a tourist attraction there, as is Bukit Cina, where her retinue settled.
The strategic value of the Strait of Malacca, which was controlled by Sultanate of Malacca in the 15th and early 16th century, did not go unnoticed by Portuguese writer Tomé Pires, who wrote in the Suma Oriental: ""Whoever is lord of Malacca has his hand on the throat of Venice.""[115] (Venice was a major European trading partner, and goods were transported there via the Strait.)
Western influence started to enter in the 16th century, with the arrival of the Portuguese in Malacca, Maluku, and the Philippines, the latter being settled by the Spaniards years later, which they used to trade between Asia and Latin America. Throughout the 17th and 18th centuries, the Dutch established the Dutch East Indies; the French Indochina; and the British Strait Settlements. By the 19th century, all Southeast Asian countries were colonised except for Thailand.
European explorers were reaching Southeast Asia from the west and from the east. Regular trade between the ships sailing east from the Indian Ocean and south from mainland Asia provided goods in return for natural products, such as honey and hornbill beaks from the islands of the archipelago. Before the 18th and 19th centuries, the Europeans mostly were interested in expanding trade links. For the majority of the populations in each country, there was comparatively little interaction with Europeans and traditional social routines and relationships continued. For most, a life with subsistence-level agriculture, fishing and, in less developed civilisations, hunting and gathering was still hard.[116]
Europeans brought Christianity allowing Christian missionaries to become widespread. Spain, although a European power, sent the most colonists and have sourced a significant portion of them from the Americas. This was so, that, Casimiro Díaz once wrote:[117]
""He (Governor Don Sebastían Hurtado de Corcuera) brought a great reënforcements of soldiers, many of them from Perú, as he made his voyage to Acapulco from that kingdom.""[117]
— Casimiro Díaz
Since then the popularity of Christianity grew to about 89 percent of the Filipino population in 2021.[118]
Thailand also allowed Western scientists to enter its country to develop its own education system as well as start sending royal members and Thai scholars to get higher education from Europe and Russia.
During World War II, Imperial Japan invaded most of the former western colonies under the concept of ""Greater East Asia Co-Prosperity Sphere"". However, the Shōwa occupation regime committed violent actions against civilians such as live human experimentation,[119][120][121][122][123][124][125] sexual slavery under the brutal ""comfort women"" system,[126][127][128][129][130] the Manila massacre and the implementation of a system of forced labour, such as the one involving four to ten million romusha in Indonesia.[131] A later UN report stated that four million people died in Indonesia as a result of famine and forced labour during the Japanese occupation.[132] The Allied powers who then defeated Japan (and other allies of Axis) in the South-East Asian theatre of World War II then contended with nationalists to whom the occupation authorities had granted independence.
Gujarat, India had a flourishing trade relationship with Southeast Asia in the 15th and 16th centuries.[133] The trade relationship with Gujarat declined after the Portuguese invasion of Southeast Asia in the 17th century.[133]
The United States took the Philippines from Spain in 1898. Internal autonomy was granted in 1934, and independence in 1946.[134]
Most countries in the region maintain national autonomy. Democratic forms of government are practised in most Southeast Asian countries and human rights is recognised but dependent on each nation state. Socialist or communist countries in Southeast Asia include Vietnam and Laos. ASEAN provides a framework for the integration of commerce and regional responses to international concerns.
China has asserted broad claims over the South China Sea, based on its nine-dash line, and has built artificial islands in an attempt to bolster its claims. China also has asserted an exclusive economic zone based on the Spratly Islands. The Philippines challenged China in the Permanent Court of Arbitration in The Hague in 2013, and in Philippines v. China (2016), the Court ruled in favour of the Philippines and rejected China's claims.[135][136]
Southeast Asia stretches from the margins of the Tibetan Plateau in Northern Myanmar. Stretching from
Indonesia is the largest country in Southeast Asia and also the largest archipelago in the world by size.[137] Geologically, the Indonesian Archipelago is one of the most volcanically active regions in the world. Geological uplifts in the region have also produced some impressive mountains, culminating in Puncak Jaya in Papua, Indonesia at 5,030 metres (16,503 feet), on the island of New Guinea; it is the only place where ice glaciers can be found in Southeast Asia. The highest mountain in Southeast Asia is Hkakabo Razi at 5,967 metres (19,577 feet) in northern Myanmar sharing the same range of its parent peak, Mount Everest.
The regional seas that make up the vast maritime landscape are: the South China Sea, Java Sea, Sulu Sea, Celebes Sea, and the Andaman Sea. The South China Sea is the largest regional sea within Southeast Asia. The Philippines, Vietnam, Malaysia, Brunei, Indonesia, and Singapore, have integral rivers that flow into the South China Sea.
Tonlé Sap in Cambodia is the largest freshwater lake in Southeast Asia with a maximum surface area of 16,000 km2 (6,200 mi2).
The Gulf of Thailand is the largest gulf in SEA with a surface area of 320,000 km2 (120,000 sq mi).[138] It has a mean depth of 45 meters, and a maximum depth of 80 meters.
The Mekong is 4,900 km long and the longest river in Southeast Asia.[139] It flows from its source in the Tibetan Plateau through multiple countries in SEA including Myanmar, Laos, Thailand, Cambodia, and Vietnam.[139] The river basin drains a total land area of 795,000 km2 and it has the world's 10th largest mean annual discharge of 475 km3.[139]
Mayon Volcano, despite being dangerously active, holds the record of the world's most perfect cone which is built from past and continuous eruption.[140]
Geographically, Southeast Asia borders Mainland China to the north, the Indian subcontinent to the west, Micronesia to the east, and the Australian continent to the south. The boundary between SEA and Australia is often considered to run through Wallacea.
Geopolitically, the northern boundary is with Mainland China and Taiwan. The western boundary is with India and Bangladesh. The eastern boundary is with the islands of Micronesia. The southern boundary is with Australia. It lies between Papua New Guinea and the Indonesian region of Western New Guinea (Papua and West Papua). Both countries share the island of New Guinea.
The islands of Micronesia are not biogeographically, geologically or historically linked to mainland Asia. They are considered part of Oceania by the United Nations, The World Factbook, and other organisations.[141] The Oceania region is politically represented through the Pacific Islands Forum, a governing body which, up until 2022, included Australia, New Zealand and all independent territories in Melanesia, Micronesia, and Polynesia. Several countries of Maritime Southeast Asia, such as Indonesia and the Philippines, are dialogue partners of the Pacific Islands Forum, but none have full membership.[142]
Maritime Southeast Asia was often grouped with Australia and Oceania in the mid to late 1800s, rather than with mainland Asia.[143] The term Oceania came into usage at the beginning of the 1800s, and the earlier definitions predated the advent of concepts such as Wallacea.
The non-continental Australian external territories of Christmas Island and Cocos (Keeling) Islands are sometimes considered part of Maritime Southeast Asia, as they lie in much closer proximity to western Indonesia than they do to mainland Australia.[144][145][146] They have a multicultural mix of inhabitants with Asian and European Australian ancestry, and were uninhabited when discovered by the British during the 17th century.[147][148] The islands lie within the bounds of the Australian Plate, and are defined by The World Factbook as the westernmost extent of Oceania.[149][150] The United Nations also include these islands in their definition of Oceania, under the same sub-region as Australia and New Zealand.[141]
Most of Southeast Asia has a tropical climate that is hot and humid all year round with plentiful rainfall. The majority of Southeast Asia has a wet and dry season caused by seasonal shifts in winds or monsoons. The tropical rain belt causes additional rainfall during the monsoon season. The rainforest is the second largest on Earth (with the Amazon rainforest being the largest). Exceptions to the typical tropical climate and forest vegetation are:
Southeast Asia lags behind on mitigation measures,[153] even though it is one of the most vulnerable regions to climate change in the world.[154] Climate change has already caused an increase in heavy precipitation events (defined as 400 mm or more in a day)[155]: 1464  and greater increases are expected in this region. Changes in rainfall and runoff will also affect the quality of water supply used by the irrigation systems.[156] Under a high-warming scenario, heat-related deaths in the region could increase by 12.7% by 2100.[155]: 1508  Among the elderly in Malaysia, annual heat-related deaths may go from less than 1 per 100,000 to 45 per 100,000.[157]: 1 [158]: 23
Sea level rise is a serious threat. Along Philippine coasts, it occurs three times faster than the global average,[159] while 199 out of 514 cities and districts in Indonesia could be affected by tidal flooding by 2050.[160] Bangkok, Ho Chi Minh City and Jakarta are amongst the 20 coastal cities which would have the world's highest annual flood losses in the year 2050.[155] Due to land subsidence, Jakarta is sinking so much (up to 28 cm (11 in) per year between 1982 and 2010 in some areas[161]) that by 2019, the government had committed to relocate the capital of Indonesia to another city.[162]
Climate change is also likely to pose a serious threat to the region's fisheries:[154]
3.35 million fishers in the Southeast Asia are reliant on coral reefs,[155]: 1479  and yet those reefs are highly vulnerable to even low-emission climate change and will likely be lost if global warming exceeds 1.5 °C (2.7 °F)[163][164] By 2050–2070, around 30% of the region's aquaculture area and 10–20% of aquaculture production may be lost.[155]: 1491
The vast majority of Southeast Asia falls within the warm, humid tropics, and its climate generally can be characterized as monsoonal. The animals of Southeast Asia are diverse; on the islands of Borneo and Sumatra, the orangutan, the Asian elephant, the Malayan tapir, the Sumatran rhinoceros, and the Bornean clouded leopard can also be found. Six subspecies of the binturong or bearcat exist in the region, though the one endemic to the island of Palawan is now classed as vulnerable. Tigers of three different subspecies are found on the island of Sumatra (the Sumatran tiger), in peninsular Malaysia (the Malayan tiger), and in Indochina (the Indochinese tiger); all of which are endangered species. The Komodo dragon is the largest living species of lizard and inhabits the islands of Komodo, Rinca, Flores, and Gili Motang in Indonesia. The Philippine eagle is the national bird of the Philippines. It is considered by scientists as the largest eagle in the world,[165][166] and is endemic to the Philippines' forests. The wild water buffalo, and on various islands related dwarf species of Bubalus such as anoa were once widespread in Southeast Asia; nowadays the domestic Asian water buffalo is common across the region, but its remaining relatives are rare and endangered. The mouse deer, a small tusked deer as large as a toy dog or cat, mostly can be found on Sumatra, Borneo (Indonesia), and in Palawan (Philippines). The gaur, a gigantic wild ox larger than even wild water buffalo, is found mainly in Indochina. There is very little scientific information available regarding Southeast Asian amphibians.[167]
Birds such as the green peafowl and drongo live in this subregion as far east as Indonesia. The babirusa, a four-tusked pig, can be found in Indonesia as well. The hornbill was prized for its beak and used in trade with China. The horn of the rhinoceros, not part of its skull, was prized in China as well.
The Indonesian Archipelago is split by the Wallace Line. This line runs along what is now known to be a tectonic plate boundary, and separates Asian (Western) species from Australasian (Eastern) species. The islands between Java/Borneo and Papua form a mixed zone, where both types occur, known as Wallacea. As the pace of development accelerates and populations continue to expand in Southeast Asia, concern has increased regarding the impact of human activity on the region's environment. A significant portion of Southeast Asia, however, has not changed greatly and remains an unaltered home to wildlife. The nations of the region, with only a few exceptions, have become aware of the need to maintain forest cover not only to prevent soil erosion but to preserve the diversity of flora and fauna. Indonesia, for example, has created an extensive system of national parks and preserves for this purpose. Even so, such species as the Javan rhinoceros face extinction, with only a handful of the animals remaining in western Java.
The shallow waters of the Southeast Asian coral reefs have the highest levels of biodiversity for the world's marine ecosystems, where coral, fish, and molluscs abound. According to Conservation International, marine surveys suggest that the marine life diversity in the Raja Ampat (Indonesia) is the highest recorded on Earth. Diversity is considerably greater than any other area sampled in the Coral Triangle composed of Indonesia, the Philippines, and Papua New Guinea. The Coral Triangle is the heart of the world's coral reef biodiversity, the Verde Passage is dubbed by Conservation International as the world's ""center of the center of marine shore fish biodiversity"". The whale shark, the world's largest species of fish and 6 species of sea turtles can also be found in the South China Sea and the Pacific Ocean territories of the Philippines.
The trees and other plants of the region are tropical; in some countries where the mountains are tall enough, temperate-climate vegetation can be found. These rainforest areas are currently being logged-over, especially in Borneo.
While Southeast Asia is rich in flora and fauna, Southeast Asia is facing severe deforestation which causes habitat loss for various endangered species such as orangutan and the Sumatran tiger. Predictions have been made that more than 40% of the animal and plant species in Southeast Asia could be wiped out in the 21st century.[168] At the same time, haze has been a regular occurrence. The two worst regional hazes were in 1997 and 2006 in which multiple countries were covered with thick haze, mostly caused by ""slash and burn"" activities in Sumatra and Borneo. In reaction, several countries in Southeast Asia signed the ASEAN Agreement on Transboundary Haze Pollution to combat haze pollution.
The 2013 Southeast Asian haze saw API levels reach a hazardous level in some countries. Muar experienced the highest API level of 746 on 23 June 2013 at around 7 am.[169]
Even prior to the penetration of European interests, Southeast Asia was a critical part of the world trading system. A wide range of commodities originated in the region, but especially important were spices such as pepper, ginger, cloves, and nutmeg. The spice trade initially was developed by Indian and Arab merchants, but it also brought Europeans to the region. First, Spaniards (Manila galleon) who sailed from the Americas and Kingdom of Portugal, then the Dutch, and finally the British and French became involved in this enterprise in various countries. The penetration of European commercial interests gradually evolved into annexation of territories, as traders lobbied for an extension of control to protect and expand their activities. As a result, the Dutch moved into Indonesia, the British into Malaya and parts of Borneo, the French into Indochina, and the Spanish and the US into the Philippines. An economic effect of this imperialism was the shift in the production of commodities. For example, the rubber plantations of Malaysia, Java, Vietnam, and Cambodia, the tin mining of Malaya, the rice fields of the Mekong Delta in Vietnam, and the Irrawaddy River delta in Myanmar, were a response to the powerful market demands.[170]
The overseas Chinese community has played a large role in the development of the economies in the region. The origins of Chinese influence can be traced to the 16th century, when Chinese migrants from southern China settled in Indonesia, Thailand, and other Southeast Asian countries.[171] Chinese populations in the region saw a rapid increase following the Communist Revolution in 1949, which forced many refugees to emigrate outside of China.[172] In 2022, Malaysian petroleum industry through its oil and gas company, Petronas, was ranked eighth in the world by the Brandirectory.[173] Seventeen telecommunications companies contracted to build the Asia-America Gateway submarine cable to connect Southeast Asia to the US[174] This is to avoid disruption of the kind caused by the cutting of the undersea cable from Taiwan to the US in the 2006 Hengchun earthquakes.
Tourism has been a key factor in economic development for many Southeast Asian countries, especially Cambodia. According to UNESCO, ""tourism, if correctly conceived, can be a tremendous development tool and an effective means of preserving the cultural diversity of our planet.""[175] Since the early 1990s, ""even the non-ASEAN nations such as Cambodia, Laos, Vietnam and Burma, where the income derived from tourism is low, are attempting to expand their own tourism industries.""[176] In 1995, Singapore was the regional leader in tourism receipts relative to GDP at over 8%. By 1998, those receipts had dropped to less than 6% of GDP while Thailand and Lao PDR increased receipts to over 7%. Since 2000, Cambodia has surpassed all other ASEAN countries and generated almost 15% of its GDP from tourism in 2006.[177] Furthermore, Vietnam is considered as a growing power in Southeast Asia due to its large foreign investment opportunities and the booming tourism sector.
By the early 21st century, Indonesia had grown to an emerging market economy, becoming the largest economy in the region. It was classified a newly industrialised country and is the region's singular member of the G-20 major economies.[178] Indonesia's estimated gross domestic product (GDP) for 2020 was US$1,088.8 billion (nominal) or $3,328.3 billion (PPP) with per capita GDP of US$4,038 (nominal) or $12,345 (PPP).[179] By GDP per capita in 2023, Singapore is the leading nation in the region with US$84,500 (nominal) or US$140,280 (PPP), followed by Brunei with US$41,713 (nominal) or US$79,408 (PPP) and Malaysia with US$13,942 (nominal) or    US$33,353 (PPP).[180] Besides that, Malaysia has the lowest cost of living in the region, followed by Brunei and Vietnam.[181] On the contrary, Singapore is the costliest country in the region, followed by Thailand and the Philippines.[181]
Stock markets in Southeast Asia have performed better than other bourses in the Asia-Pacific region in 2010, with the Philippines' PSE leading the way with 22 per cent growth, followed by Thailand's SET with 21 per cent and Indonesia's JKSE with 19 per cent.[182][183]
Southeast Asia's GDP per capita is US$4,685 according to a 2020 International Monetary Fund estimates, which is comparable to South Africa, Iraq, and Georgia.[184]
Energy demand in South East Asia more than doubled from 458 TWh in 2003 to 1,258 TWh in 2023, driven by economic growth and rising electric vehicle use and development of data centres.[189] By 2023, 97% of the population had access to electricity and 81% to clean cooking, placing the region on track for near-universal electrification by 2040.[190][191]
Fossil fuels dominated the energy mix in 2023, accounting for 83.5% of total primary energy supply.[191] Coal continues to play a central role in power generation and demand is projected to increase by 2030.[192] Despite commitments to reduce coal use, Indonesia, Vietnam, and the Philippines still plan substantial new coal capacity.[193] ASEAN countries are net importers of oil but exporters of natural gas, supported by extensive refining and LNG infrastructure.[194] Oil is mainly used in transport (powering 91.2% of the transport sector),[195] while natural gas provides about one-fifth of the energy mix.[196]
Renewable energy is expanding but remains underdeveloped relative to potential.[197] Under the ASEAN Plan of Action for Energy Cooperation 2026–2030, member states aim for a 30% renewable share in TPES and 45% in installed capacity by 2030.[198] Growth is expected to be led by solar and wind, supported by energy storage and grid integration.[190] Although the region has significant renewable resources, installed capacity (around 30.5 GW of solar and 8.3 GW of wind) remains far below (less than 1%) theoretical potential.[197] Thailand, Myanmar and Cambodia are the top three countries with the largest solar potentials, while Myanmar, Vietnam and Thailand rank as the top three for prospective wind capacity among ASEAN countries.[197]
Southeast Asia has an area of approximately 4,500,000 square kilometres (1,700,000 mi2). As of 2021, around 676 million people live in the region, more than a fifth live (143 million) on the Indonesian island of Java, the most densely populated large island in the world. Indonesia is the most populous country with 274 million people (~40% of South East Asia), and also the fourth most populous country in the world. The distribution of the religions and people is diverse in Southeast Asia and varies by country. Some 30 million overseas Chinese also live in Southeast Asia, most prominently in Christmas Island, Indonesia, Malaysia, the Philippines, Singapore, and Thailand, and also as the Hoa in Vietnam. People of Southeast Asian origins are known as Southeast Asians or Aseanites.
The peoples of Southeast Asia are mainly divided into four major ethnolinguistic groups: the Austronesian, Austroasiatic (or Mon-Khmers), Tai (part of the wider Kra-Dai family) and Tibeto-Burman (part of greater Sino-Tibetan language family) peoples. There is also a smaller but significant number of Hmong–Mien, Chinese, Dravidians, Indo-Aryans, Eurasians and Papuans, which also contributes to the diversity of peoples in the region.
The Aslians and Negritos were believed to be one of the earliest inhabitants in the region. They are genetically related to Papuans in Eastern Indonesia, Timor-Leste and Aboriginal Australians. In modern times, the Javanese are the largest ethnic group in Southeast Asia, with more than 100 million people, mostly concentrated in Java, Indonesia. The second-largest ethnic group in Southeast Asia are the Vietnamese (Kinh people) with around 86 million people, mainly inhabiting Vietnam but also forming a significant minority in neighbouring Cambodia and Laos. The Thais are the third largest with around 59 million people, forming the majority in Thailand.
Indonesia is politically and culturally dominated by the Javanese and Sundanese ethnic groups (both native to Java), but the country also has hundreds of ethnic groups scattered throughout the archipelago, such as the Madurese, Minangkabau, Acehnese, Bugis, Balinese, Makassarese, Dayak, Minahasan, Batak, Malay, Betawi, Torajan and Ambonese peoples.
In Malaysia, the country is demographically divided into Malays, who make up more than half of the country's population; the Chinese, at around 22%; other Bumiputeras, at 12%; and Indians, at around 6%. In East Malaysia, the Dayaks (mainly Ibans and Bidayuhs) make up the majority in the state of Sarawak, while the Kadazan-Dusuns make up the majority in Sabah. In Labuan, the Bruneian Malays and Kedayans are the largest groups. Overall, the Malays are the majority in Malaysia and Brunei and form a significant minority in Indonesia, Southern Thailand, Myanmar, and Singapore. In Singapore, the demographics of the country is similar to that of its West Malaysian counterparts but instead of Malays, it is the Chinese that are the majority, while the Malays are the second largest group and Indians third largest.
Within the Philippines, the country has no majority ethnic groups; but the four largest ethnolinguistic groups in the country are the Visayans (mainly Cebuanos, Warays and Hiligaynons), Tagalogs, Ilocanos and Bicolanos. Besides the major four, there are also the Moro peoples of Mindanao, consisting of the Tausug, Maranao, Yakan and Maguindanao. Other regional groups in the country are the Kapampangans, Pangasinans, Surigaonons, Ifugao, Kalinga, Kamayo, Cuyonon and Ivatan.
In mainland Southeast Asia, the Burmese accounts for more than two-thirds of the population in Myanmar, but the country also has several regional ethnic groups which mainly live in states that are specifically formed for ethnic minorities. The major regional ethnic groups in Myanmar are the Tai-speaking Shan people, Karen people, Rakhine people, Chin people, Kayah people and Indo-Aryan-speaking Rohingya people living on the westernmost part of the country near the border with Bangladesh. In neighbouring Thailand, the Thais are the largest ethnic group in the country but is divided into several regional Tai groups such as Central Thais, Northern Thais or Lanna, Southern Thais or Pak Thai, and Northeastern Thai or Isan people (which is ethnically more closely related to Lao people than to Central Thais), each have their own unique dialects, history and culture. Besides the Thais, Thailand is also home to more than 70 ethnolinguistic groups of which the largest being Patani Malays, Northern Khmers, Karen, Hmongs and Chinese.
Cambodia is one of the most homogeneous countries in the area, with Khmers forming more than 90% of the population but the country also has a large number of ethnic Chams, Vietnamese and various inland tribes categorised under the term Khmer Loeu (Hill Khmers).
Countries in Southeast Asia practice many different religions and the region is home to many world religions including Abrahamic, Indian, East Asian and Iranian religions. By population, Islam is the most practised faith with approximately 240 million adherents, or about 40% of the entire population, concentrated in Indonesia, Brunei, Malaysia, Southern Thailand, and in the Southern Philippines. Indonesia is the most populous Muslim-majority country in the world. Meanwhile, Islam is constitutionally the official religion in Malaysia and Brunei.[200][201]
There are approximately 190–205 million Buddhists in Southeast Asia, making it the second-largest religion in the region. Approximately 28 to 35% of the world's Buddhists reside in Southeast Asia. Buddhism is predominant in Vietnam, Thailand, Laos, Cambodia, Myanmar and Singapore, and adherents may come from Theravada or Mahayana schools. Ancestor worship and Confucianism are also widely practised in Vietnam and Singapore. Taoism and Chinese folk religions such as Mazuism are also widely practised by the overseas Chinese community in Malaysia, Singapore and Thailand. In certain cases, they may include Chinese or local deities in their worshipping practises such as Tua Pek Kong, Datuk Keramat and many more.[full citation needed]
Christianity is predominant in the Philippines, eastern Indonesia, East Malaysia, and Timor-Leste. The Philippines has the largest Roman Catholic population in Asia.[202][118] Timor-Leste is also predominantly Roman Catholic due to a history of Indonesian[203] and Portuguese rule. In October 2019, the number of Christians, both Catholic and Protestant, in Southeast Asia reached 156 million, of which 97 million came from the Philippines, 29 million from Indonesia, 11 million from Vietnam, and the rest from Malaysia, Myanmar, Timor-Leste, Singapore, Laos, Cambodia and Brunei. In addition, Eastern Orthodox Christianity can also be found in the region. In addition, Judaism is practised in certain countries such as in the Philippines, Singapore and Indonesia due to the presence of Jewish diaspora. There is a small population of Parsis in Singapore who practise Zoroastrianism, and Baháʼí is also practised by very small population in Malaysia, Vietnam, Singapore and Thailand.
No individual Southeast Asian country is religiously homogeneous. Some groups are protected de facto by their isolation from the rest of the world.[204] In the world's most populous Muslim nation, Indonesia, Hinduism is dominant on islands such as Bali. Christianity also predominates in the rest of the part of the Philippines, New Guinea, Flores, and Timor. Pockets of Hindu population can also be found around Southeast Asia in Singapore, Malaysia, etc. Garuda, the phoenix who is the mount (vahanam) of Vishnu, is a national symbol in both Thailand and Indonesia; in the Philippines, gold images of Garuda have been found on Palawan; gold images of other Hindu gods and goddesses have also been found on Mindanao. Balinese Hinduism is somewhat different from Hinduism practised elsewhere, as animism and local culture is incorporated into it. Meanwhile, Hindu community in Malaysia and Singapore are mostly South Indian diaspora, hence the practices are closely related to the Indian Hinduism. Additionally, Sikhism is also practised by significant population especially in Malaysia and Singapore by North Indian diaspora specifically from Punjab region. Small population of the Indian diaspora in the region are Jains and can be found in Malaysia, Singapore, Thailand and Indonesia. Christians can also be found throughout Southeast Asia; they are in the majority in Timor-Leste and the Philippines, Asia's largest Christian nation. In addition, there are also older tribal religious practices in remote areas of Sarawak in East Malaysia, Highland Philippines, and Papua in eastern Indonesia. In Myanmar, Sakka (Indra) is revered as a Nat. In Vietnam, Mahayana Buddhism is practised, which is influenced by native animism but with a strong emphasis on ancestor worship. Vietnamese folk religions are practised by majority of population in Vietnam. Caodaism, a monotheistic syncretic new religious movement, is also practised by less than one percent of the population in Vietnam. Due to the presence of Japanese diaspora in the region, the practice of  Shinto has growingly made appearance in certain countries such as in Thailand.
The religious composition for each country is as follows: Some values are taken from the CIA World Factbook:[205]
Each of the languages has been influenced by cultural pressures due to trade, immigration, and historical colonisation as well. There are nearly 800 native languages in the region.
The language composition for each country is as follows (with official languages in bold):
Indonesia has over 700 languages in over 17,000 islands across the archipelago, making Indonesia the second most linguistically diverse country on the planet,[214] slightly behind Papua New Guinea. The official language of Indonesia is Indonesian (Bahasa Indonesia), widely used in educational, political, economic, and other formal situations. In daily activities and informal situations, most Indonesians speak in their local language(s). For more details, see: Languages of Indonesia.
see: Languages of the Philippines
see: Languages of Singapore
The culture in Southeast Asia is diverse: on mainland Southeast Asia, the culture is a mix of Burmese, Cambodian, Laotian, Thai (Indic) and Vietnamese (Sinic) cultures. While in Indonesia, the Philippines, Singapore, and Malaysia the culture is a mix of indigenous Austronesian, Indian, Islamic, Western, and Chinese cultures. In addition, Brunei shows a strong influence from Arabia. Vietnam and Singapore show more Chinese influence[223] in that Singapore, although being geographically a Southeast Asian nation, is home to a large Chinese majority and Vietnam was in China's sphere of influence for much of its history. Indian influence in Singapore is most prominently evident through the Tamil migrants,[224] which influenced, to some extent, the cuisine of Singapore. Throughout Vietnam's history, it has had no direct influence from India – only through contact with the Thai, Khmer and Cham peoples. Moreover, Vietnam is also categorised under the East Asian cultural sphere along with China, Korea, and Japan due to a large amount of Chinese influence embedded in their culture and lifestyle.
Rice paddy agriculture has existed in Southeast Asia for millennia, ranging across the subregion. Some dramatic examples of these rice paddies populate the Banaue Rice Terraces in the mountains of Luzon in the Philippines. Maintenance of these paddies is very labour-intensive. The rice paddies are well-suited to the monsoon climate of the region.
Stilt houses can be found all over Southeast Asia, from Thailand and Vietnam to Borneo, to Luzon in the Philippines, to Papua New Guinea. The region has diverse metalworking, especially in Indonesia. This includes weaponry, such as the distinctive kris, and musical instruments, such as the gamelan.
The region's chief cultural influences have been from some combination of Islam, India, and China. Diverse cultural influence is pronounced in the Philippines, derived particularly from the period of Spanish and American rule, contact with Indian-influenced cultures, and the Chinese and Japanese trading era.
As a rule of thumb, the peoples who ate with their fingers were more likely influenced by the culture of India, for example, than the culture of China, where the peoples ate with chopsticks; tea, as a beverage, can be found across the region. The fish sauces distinctive to the region tend to vary.
The arts of Southeast Asia have an affinity with the arts of other areas. Dance in much of Southeast Asia includes movement of the hands as well as the feet, to express the dance's emotion and meaning of the story that the ballerina is going to tell the audience. Most of Southeast Asia introduced dance into their court; in particular, Cambodian royal ballet represented them in the early seventh century before the Khmer Empire, which was highly influenced by Indian Hinduism. The Apsara Dance, famous for strong hand and feet movement, is a great example of Hindu symbolic dance.
Puppetry and shadow plays were also a favoured form of entertainment in past centuries, a famous one being the wayang from Indonesia. The arts and literature in some of Southeast Asia are quite influenced by Hinduism, which was brought to them centuries ago. Indonesia, despite large-scale conversion to Islam which opposes certain forms of art, has retained many forms of Hindu-influenced practices, culture, art, and literature. An example is the wayang kulit (shadow puppet) and literature like the Ramayana. The wayang kulit show has been recognised by UNESCO on 7 November 2003 as a Masterpiece of Oral and Intangible Heritage of Humanity.
It has been pointed out that Khmer and Indonesian classical arts were concerned with depicting the life of the gods, but to the Southeast Asian mind, the life of the gods was the life of the peoples themselves—joyous, earthy, yet divine. The Tai, coming late into Southeast Asia, brought with them some Chinese artistic traditions, but they soon shed them in favour of the Khmer and Mon traditions, and the only indications of their earlier contact with Chinese arts were in the style of their temples, especially the tapering roof, and in their lacquerware.
Traditional music in Southeast Asia is as varied as its many ethnic and cultural divisions. The main styles of traditional music include court music, folk music, music styles of smaller ethnic groups, and music influenced by genres outside the geographic region.
Of the court and folk genres, gong chime ensembles and orchestras make up the majority (the exception being lowland areas of Vietnam). Gamelan and angklung orchestras from Indonesia; piphat and pinpeat ensembles of Thailand and Cambodia; and the kulintang ensembles of the southern Philippines, Borneo, Sulawesi and Timor are the three main distinct styles of musical genres that have influenced other traditional musical styles in the region. String instruments are also popular in the region.
On 18 November 2010, UNESCO officially recognised the angklung as a Masterpiece of Oral and Intangible Heritage of Humanity, and encouraged the Indonesian people and government to safeguard, transmit, promote performances and to encourage the craftsmanship of angklung making.
The history of Southeast Asia has led to a wealth of different authors, from both within and without writing about the region.
Some of the earliest writing systems of Southeast Asia stem from those of India. This is shown through Brahmic forms of writing present in the region, such as the Balinese script shown on split palm leaves called lontar (see image to the left – magnify the image to see the writing on the flat side, and the decoration on the reverse side).
The antiquity of this form of writing extends before the invention of paper around the year 100 in China. Note each palm leaf section was only several lines, written longitudinally across the leaf, and bound by twine to the other sections. The outer portion was decorated. The alphabets of Southeast Asia tended to be abugidas, until the arrival of the Europeans, who used words that also ended in consonants, not just vowels. Other forms of official documents, which did not use paper, included Javanese copperplate scrolls. This material would have been more durable than paper in the tropical climate of Southeast Asia.
In Malaysia, Brunei, and Singapore, the Malay language is now generally written in the Latin script. The same phenomenon is present in Indonesian, although different spelling standards are utilised (e.g. 'Teksi' in Malay and 'Taksi' in Indonesian for the word 'Taxi').
The use of Chinese characters, in the past and present, is only evident in Vietnam and more recently, Singapore and Malaysia. The adoption of chữ Hán in Vietnam dates back to around 111 BC when it was occupied by the Chinese. A Vietnamese script called chữ Nôm used modified chữ Hán to express the Vietnamese language. Both chữ Hán and chữ Nôm were used up until the early 20th century.
Rapa Nui is an Austronesian language like those of Indonesian, Tagalog, and many other Southeast Asian languages. Rongorongo is presumed to be the script of Rapa Nui and if proven so, would place it as one of very few inventions of writing in human history.[225]
Association football is the most popular sport in the region, with the ASEAN Football Federation, the region's primary regulatory body, formed on 31 January 1984, in Jakarta, Indonesia. The AFF Championship is the largest football competition in the region since its inaugural in 1996, with Thailand holding the most titles in the competition with seven titles. The current reigning winner is Vietnam, who defeated Thailand in the 2024 final. Thailand has had the most numerous appearances in the AFC Asian Cup with 7 while the highest-ranked result in the Asian Cup for a Southeast Asian team is second place in the 1968 by Myanmar in Iran. Indonesia is the only Southeast Asian team to have played in the 1938 FIFA World Cup as the Dutch East Indies.
ASEAN has also committed to preserving traditional sports and games (TSG) in the region.[226]
",southeast asia b geographical southeastern region asia consisting region situated south china east indian subcontinent northwest mainland australia part oceania southeast asia bordered north east asia west south asia bay bengal east oceania pacific ocean south australia indian ocean apart british indian ocean territory two atoll maldives south asia maritime southeast asia subregion asia lie partly within southern hemisphere mainland southeast asia entirely northern hemisphere southern portion indonesia part southeast asia located south equator region lie near intersection geological plate heavy seismic volcanic activity sunda plate main plate region featuring almost southeast asian country except myanmar northern thailand northern lao northern vietnam northern luzon philippine sunda plate includes western indonesia far east indonesian province bali mountain range myanmar thailand peninsular malaysia indonesian island sumatra java bali lesser sunda island timor part alpide belt island philippine indonesia well part pacific ring fire seismic belt meet indonesia causing region relatively high occurrence earthquake volcanic eruption particularly philippine indonesia cover sq mi asia eurasia earth total land area total population million world population third populous geographical region asia south asia east asia region culturally ethnically diverse hundred language spoken different ethnic group eleven country region member association southeast asian nation asean regional organisation established economic political military educational cultural integration among member southeast asia one culturally diverse region world many different language ethnicity region historically southeast asia significantly influenced indian chinese muslim colonial culture became core component region cultural political institution modern southeast asian country colonised european power european colonisation exploited natural resource labour land conquered attempted spread european institution region several southeast asian country also briefly occupied empire japan world war ii aftermath world war ii saw region decolonised today southeast asia predominantly governed independent state region together part south asia well known european east indie simply indie century chinese source referred region nanyang 南洋 literally mean southern ocean mainland section southeast asia referred indochina european geographer due location china indian subcontinent cultural influence neighbouring region century however term became restricted territory former french indochina cambodia lao vietnam maritime section southeast asia also known malay archipelago term derived european concept malay race another term maritime southeast asia insulindia indian island used describe region indochina australasia term southeast asia first used american pastor howard malcolm book travel asia malcolm included mainland section excluded maritime section definition southeast asia term officially used midst world war ii ally formation south east asia command seac seac popularised use term southeast asia although constituted southeast asia fixed example seac excluded philippine large part indonesia including ceylon however late roughly standard usage term southeast asia territory encompasses emerged although cultural linguistic perspective definition southeast asia may vary common definition nowadays include area represented country sovereign state dependent territory listed eleven state southeast asia member association southeast asian nation asean papua new guinea stated might join asean currently observer sovereignty issue exist island south china sea administrative centre putrajaya southeast asia geographically divided two subregions namely mainland southeast asia indochinese peninsula maritime southeast asia mainland southeast asia includes maritime southeast asia includes peninsular malaysia geographically situated mainland southeast asia share many similar cultural ecological affinity surrounding island thus often grouped part maritime southeast asia geographically andaman nicobar island india also considered part maritime southeast asia citation needed eastern bangladesh northeast india strong cultural tie mainland southeast asia sometimes considered transregional area south asia southeast asia see also eastern south asia southeast asian relation northeast india east hong kong sometimes regarded part southeast asia excessive citation similarly christmas island coco keeling island strong cultural tie maritime southeast asia sometimes considered transregional area southeast asia occasion sri lanka considered part southeast asia cultural religious tie mainland southeast asia eastern half island new guinea part indonesia namely papua new guinea sometimes included part maritime southeast asia guam northern mariana island palau part spanish east indie strong cultural linguistic tie region specifically philippine eastern half indonesia east wallace line region wallacea considered geographically associated oceania due distinctive faunal feature geologically island new guinea surrounding island considered part australian continent connected via sahul shelf christmas island coco keeling island located australian plate south sunda trench even though geographically closer maritime southeast asia mainland australia two australian external territory geologically associated asia none actually sunda plate un statistic division geoscheme un political geography tool created specifically statistical purpose classified island territory part oceania unsd subregion australia new zealand australasia definition southeast asia may include taiwan taiwan sometimes included southeast asia well east asia member asean likewise similar argument could applied southern part mainland china well hong kong macau may also considered part southeast asia well east asia member asean region already inhabited homo erectus approximately year ago middle pleistocene age distinct homo sapiens group ancestral eastern related east asian well papuan population reached region arguing earlier rock art parietal art dating year ago currently world oldest discovered cave sulawesi borneo kalimantan homo floresiensis also lived area least year ago became extinct much time island western indonesia joined single landmass malay peninsula known sundaland due much lower sea level gulf thailand dry land connected sundaland mainland southeast asia distinctive eurasian eastern ancestry recently found originated mainland southeast asia expanded multiple migration wave southward northward respectively giving rise oceanian papuan related basal east asian onge tianyuan related lineage ancient remains maritime southeast asia one holocene south sulawesi ancestry east branch eastern lineage individual approximately asian ancestry modeled onge ancestry positioned andamanese onge papuan oceania author concluded presence ancestry holocene suggests east admixture mainland southeast asia maritime southeast asia may taken place long expansion austronesian society geneflow east ancestry maritime southeast asia oceania could estimated possibly even earlier population maritime southeast asia largely replaced expansion various east population beginning year ago mainland southeast asia east ancestry already widespread across southeast asia predating expansion austroasiatic austronesian people sample dated bce hoabinhian lithic mainland southeast asia predated austronesian austroasiatic expansion display closest genetic affinity basal east asian lineage related upper paleolithic tianyuan man northern china well prehistoric jōmon people japan compared modern population share closest affinity andamanese onge jarawa semang also known malaysian negritos maniq interior malay peninsula late neolithic austronesian people form majority modern population brunei indonesia malaysia philippine migrated southeast asia taiwan first seaborne human migration known austronesian expansion arrived northern philippine bc bc rapidly spread northern mariana island borneo bc island melanesia bc rest indonesia malaysia southern vietnam palau bc often settled along coastal area replacing assimilating diverse preexisting people remainder preexisting population known negritos form small minority group geographically isolated region austronesian people southeast asia seafarer thousand year spread eastward micronesia polynesia well westward madagascar becoming ancestor malagasy micronesians melanesians polynesian passage indian ocean aided colonisation madagascar well commerce western asia eastern coast india chinese southern coast gold sumatra thought reached far west rome pliny elder wrote natural history chryse argyre two legendary island rich gold silver located indian ocean vessel vinta capable sail across ocean magellan voyage record much manoeuvrable vessel compared european ship slave sulu sea believed used magellan expedition translator study presented human genome organisation hugo genetic study various people asia show empirically single migration event africa whereby early people travelled along south coast asia first entered malay peninsula year ago orang asli particular semang show negrito characteristic direct descendant earliest settler southeast asia early people diversified travelled slowly northward china population southeast asia show greater genetic diversity younger population china solheim others shown evidence nusantao maritime trading network ranging vietnam rest archipelago early bc ad bronze age dong son culture flourished northern vietnam bc bc influence spread part southeast asia region entered iron age era bc iron forged also northern vietnam still dong son due frequent interaction neighbouring china southeast asian people originally animist engaged ancestor nature spirit worship belief system later supplanted hinduism buddhism region especially coastal area came contact indian subcontinent first century indian brahmin trader brought hinduism region made contact local court local ruler converted hinduism buddhism adopted indian religious tradition reinforce legitimacy elevate ritual status fellow chief counterpart facilitate trade south asian state periodically invited indian brahmin realm began gradual process indianisation region shaivism dominant religious tradition many southern indian hindu kingdom first century spread southeast asia via bay bengal indochina malay archipelago leading thousand shiva temple island indonesia well cambodia vietnam buddhism region theravada buddhism entered region third century via maritime trade route region sri lanka buddhism later established strong presence funan region fifth century mainland southeast asia theravada still dominant branch buddhism practised thai burmese cambodian buddhist branch fused khmer culture mahayana buddhism established presence maritime southeast asia brought chinese monk transit region en route nalanda still dominant branch buddhism practised indonesian malaysian buddhist spread two indian religion confined adherent southeast asian indigenous belief remote inland area maluku island new guinea never indianised native people predominantly animist century islam began spread area vietnam buddhism never managed develop strong institutional network due strong chinese influence southeast asia vietnam country folk religion make plurality recently vietnamese folk religion undergoing revival support government elsewhere ethnic group southeast asia resisted conversion still retain original animist belief dayaks kalimantan igorots luzon shan eastern myanmar region came contact indian subcontinent bce began gradual process indianisation indian idea religion culture architecture political administration brought trader religious figure adopted local ruler turn indian brahmin monk invited local ruler live realm help transforming local polity become indianised blending indian indigenous tradition sanskrit pali became elite language region effectively made southeast asia part indosphere region indianised first century philippine later indianised ninth century kingdom tondo established luzon vietnam especially northern part never fully indianised due many period chinese domination experienced first polity established region pyu already existed circa second century bce located inland myanmar served overland trading hub india china theravada buddhism predominant religion city state presence indian religion mahayana buddhism hinduism also widespread first century funan state centered mekong delta established encompassed cambodia southern vietnam lao eastern thailand became dominant trading power mainland southeast asia five century provided passage indian chinese good assumed authority flow commerce southeast asia maritime southeast asia first recorded indianised kingdom salakanagara established western java circa second century ce hindu kingdom known greek argyre land silver fifth century ce trade networking east west concentrated maritime route foreign trader starting use new route malacca sunda strait due development maritime southeast asia change resulted decline funan new maritime power srivijaya tarumanagara mataram emerged srivijaya especially became dominant maritime power century controlling strait malacca sunda strait dominance started decline srivijaya invaded chola empire dominant maritime power indian subcontinent invasion reshaped power trade region resulted rise new regional power khmer empire kahuripan continued commercial contact chinese empire enabled cholas influence local culture many surviving example hindu cultural influence found today throughout southeast asia result chola expedition note srivijaya influence region declined hindu khmer empire experienced golden age century ce empire capital angkor host majestic monument angkor wat bayon satellite imaging revealed angkor peak largest urban centre world champa civilisation located today central vietnam highly indianised hindu kingdom vietnamese launched massive conquest cham people vietnamese invasion champa ransacking burning champa slaughtering thousand cham people forcibly assimilating vietnamese culture century ce region experienced mongol invasion affecting area vietnamese coast inland burma myanmar java mongol attempted invade đại việt champa invasion unsuccessful yet dai viet champa agreed become tributary state yuan dynasty avoid conflict mongol also invaded pagan kingdom burma resulted fragmentation kingdom rise smaller state ruled local chieftain nominally submitted yuan dynasty however new local power emerged myinsaing kingdom became real ruler central burma challenged mongol rule resulted second mongol invasion burma repulsed myinsaing mongol would later withdrawn burma mongol sent envoy singhasari kingdom java ask submission mongol rule singhasari rejected proposal injured envoy enraged mongol made sent large invasion fleet java unbeknownst singhasari collapsed due revolt kadiri one vassal mongol arrived java local prince named raden wijaya offered service assist mongol punishing kadiri kadiri defeated wijaya turned mongol ally ambushed invasion fleet forced immediately leave java departure mongol wijaya established majapahit empire eastern java majapahit would soon grow regional power greatest ruler hayam wuruk whose reign marked empire peak kingdom southern malay peninsula borneo sumatra bali came influence various source nagarakertagama also mention influence spanned part sulawesi maluku area western new guinea southern philippine making one largest empire ever exist southeast asian history century ce however majapahit influence began wane due many war succession experienced rise new islamic state samudera pasai malacca sultanate around strategic strait malacca majapahit collapsed around last major hindu kingdom last regional power region arrival european islam began make contact southeast asia ce umayyad established trade region via sea route however began spread region century later century turbulent period occurred history maritime southeast asia indian chola navy crossed ocean attacked srivijaya kingdom sangrama vijayatungavarman kadaram kedah capital powerful maritime kingdom sacked king taken captive along kadaram pannai sumatra malaiyur malayan peninsula attacked soon king kedah phra ong mahawangsa became first ruler abandon traditional hindu faith converted islam sultanate kedah established samudera pasai converted islam king malacca parameswara married princess pasai son became first sultan malacca soon malacca became center islamic study maritime trade ruler followed suit indonesian religious leader islamic scholar hamka wrote development islam indonesia malaya intimately related chinese muslim admiral zheng muslim far ottoman turkey reached southeast asia melchor davalos spanish officer manila remarked persian arab egyptian turk brought muhammad veneration evil sect even moor tunis granada came sometimes armada campson kait bey former sultan cairo king egypt thus seems moro philippine island mainly said come egypt arabia mecca relative disciple member every year say turk come sumatra borneo ternate defeated famous battle señor juan de austria melchor davalos several theory islamization process southeast asia another theory trade expansion trade among west asia india southeast asia helped spread religion muslim trader south arabia hadhramaut brought islam region large volume trade many settled indonesia singapore malaysia evident population one time prominent country finally ruling class embraced islam aided permeation religion throughout region ruler region important port malacca sultanate embraced islam century heralding period accelerated conversion islam throughout region islam provided positive force among ruling trading class gujarati muslim played pivotal role establishing islam southeast asia trade among southeast asian country long tradition consequence colonial rule struggle independence case war influenced economic attitude policy country bc ad northern vietnam chinese rule vietnam successfully governed series chinese dynasty including han eastern han eastern wu cao wei jin liu song southern qi liang sui tang southern han record magellan voyage show brunei possessed cannon european ship chinese must trading malaysian legend chinese ming emperor sent princess hang li po malacca retinue marry sultan mansur shah emperor impressed wisdom sultan hang li poh well constructed tourist attraction bukit cina retinue settled strategic value strait malacca controlled sultanate malacca early century go unnoticed portuguese writer tomé pires wrote suma oriental whoever lord malacca hand throat venice venice major european trading partner good transported via strait western influence started enter century arrival portuguese malacca maluku philippine latter settled spaniard year later used trade asia latin america throughout century dutch established dutch east indie french indochina british strait settlement century southeast asian country colonised except thailand european explorer reaching southeast asia west east regular trade ship sailing east indian ocean south mainland asia provided good return natural product honey hornbill beak island archipelago century european mostly interested expanding trade link majority population country comparatively little interaction european traditional social routine relationship continued life agriculture fishing less developed civilisation hunting gathering still hard european brought christianity allowing christian missionary become widespread spain although european power sent colonist sourced significant portion america casimiro díaz wrote governor sebastían hurtado de corcuera brought great reënforcements soldier many perú made voyage acapulco kingdom casimiro díaz since popularity christianity grew percent filipino population thailand also allowed western scientist enter country develop education system well start sending royal member thai scholar get higher education europe russia world war ii imperial japan invaded former western colony concept greater east asia sphere however shōwa occupation regime committed violent action civilian live human experimentation sexual slavery brutal comfort woman system manila massacre implementation system forced labour one involving four ten million romusha indonesia later un report stated four million people died indonesia result famine forced labour japanese occupation allied power defeated japan ally axis asian theatre world war ii contended nationalist occupation authority granted independence gujarat india flourishing trade relationship southeast asia century trade relationship gujarat declined portuguese invasion southeast asia century united state took philippine spain internal autonomy granted independence country region maintain national autonomy democratic form government practised southeast asian country human right recognised dependent nation state socialist communist country southeast asia include vietnam lao asean provides framework integration commerce regional response international concern china asserted broad claim south china sea based line built artificial island attempt bolster claim china also asserted exclusive economic zone based spratly island philippine challenged china permanent court arbitration hague philippine china court ruled favour philippine rejected china claim southeast asia stretch margin tibetan plateau northern myanmar stretching indonesia largest country southeast asia also largest archipelago world size geologically indonesian archipelago one volcanically active region world geological uplift region also produced impressive mountain culminating puncak jaya papua indonesia metre foot island new guinea place ice glacier found southeast asia highest mountain southeast asia hkakabo razi metre foot northern myanmar sharing range parent peak mount everest regional sea make vast maritime landscape south china sea java sea sulu sea celebes sea andaman sea south china sea largest regional sea within southeast asia philippine vietnam malaysia brunei indonesia singapore integral river flow south china sea tonlé sap cambodia largest freshwater lake southeast asia maximum surface area gulf thailand largest gulf sea surface area sq mi mean depth meter maximum depth meter mekong km long longest river southeast asia flow source tibetan plateau multiple country sea including myanmar lao thailand cambodia vietnam river basin drain total land area world largest mean annual discharge mayon volcano despite dangerously active hold record world perfect cone built past continuous eruption geographically southeast asia border mainland china north indian subcontinent west micronesia east australian continent south boundary sea australia often considered run wallacea geopolitically northern boundary mainland china taiwan western boundary india bangladesh eastern boundary island micronesia southern boundary australia lie papua new guinea indonesian region western new guinea papua west papua country share island new guinea island micronesia biogeographically geologically historically linked mainland asia considered part oceania united nation world factbook organisation oceania region politically represented pacific island forum governing body included australia new zealand independent territory melanesia micronesia polynesia several country maritime southeast asia indonesia philippine dialogue partner pacific island forum none full membership maritime southeast asia often grouped australia oceania mid late rather mainland asia term oceania came usage beginning earlier definition predated advent concept wallacea australian external territory christmas island coco keeling island sometimes considered part maritime southeast asia lie much closer proximity western indonesia mainland australia multicultural mix inhabitant asian european australian ancestry uninhabited discovered british century island lie within bound australian plate defined world factbook westernmost extent oceania united nation also include island definition oceania australia new zealand southeast asia tropical climate hot humid year round plentiful rainfall majority southeast asia wet dry season caused seasonal shift wind monsoon tropical rain belt cause additional rainfall monsoon season rainforest second largest earth amazon rainforest largest exception typical tropical climate forest vegetation southeast asia lag behind mitigation measure even though one vulnerable region climate change world climate change already caused increase heavy precipitation event defined mm day greater increase expected region change rainfall runoff also affect quality water supply used irrigation system scenario death region could increase among elderly malaysia annual death may go less per per sea level rise serious threat along philippine coast occurs three time faster global average city district indonesia could affected tidal flooding bangkok ho chi minh city jakarta amongst coastal city would world highest annual flood loss year due land subsidence jakarta sinking much cm per year area government committed relocate capital indonesia another city climate change also likely pose serious threat region fishery million fisher southeast asia reliant coral reef yet reef highly vulnerable even climate change likely lost global warming exceeds around region aquaculture area aquaculture production may lost vast majority southeast asia fall within warm humid tropic climate generally characterized monsoonal animal southeast asia diverse island borneo sumatra orangutan asian elephant malayan tapir sumatran rhinoceros bornean clouded leopard also found six subspecies binturong bearcat exist region though one endemic island palawan classed vulnerable tiger three different subspecies found island sumatra sumatran tiger peninsular malaysia malayan tiger indochina indochinese tiger endangered specie komodo dragon largest living specie lizard inhabits island komodo rinca flores gili motang indonesia philippine eagle national bird philippine considered scientist largest eagle world endemic philippine forest wild water buffalo various island related dwarf specie bubalus anoa widespread southeast asia nowadays domestic asian water buffalo common across region remaining relative rare endangered mouse deer small tusked deer large toy dog cat mostly found sumatra borneo indonesia palawan philippine gaur gigantic wild ox larger even wild water buffalo found mainly indochina little scientific information available regarding southeast asian amphibian bird green peafowl drongo live subregion far east indonesia babirusa pig found indonesia well hornbill prized beak used trade china horn rhinoceros part skull prized china well indonesian archipelago split wallace line line run along known tectonic plate boundary separate asian western specie australasian eastern specie island papua form mixed zone type occur known wallacea pace development accelerates population continue expand southeast asia concern increased regarding impact human activity region environment significant portion southeast asia however changed greatly remains unaltered home wildlife nation region exception become aware need maintain forest cover prevent soil erosion preserve diversity flora fauna indonesia example created extensive system national park preserve purpose even specie javan rhinoceros face extinction handful animal remaining western java shallow water southeast asian coral reef highest level biodiversity world marine ecosystem coral fish mollusc abound according conservation international marine survey suggest marine life diversity raja ampat indonesia highest recorded earth diversity considerably greater area sampled coral triangle composed indonesia philippine papua new guinea coral triangle heart world coral reef biodiversity verde passage dubbed conservation international world center center marine shore fish biodiversity whale shark world largest specie fish specie sea turtle also found south china sea pacific ocean territory philippine tree plant region tropical country mountain tall enough vegetation found rainforest area currently especially borneo southeast asia rich flora fauna southeast asia facing severe deforestation cause habitat loss various endangered specie orangutan sumatran tiger prediction made animal plant specie southeast asia could wiped century time haze regular occurrence two worst regional haze multiple country covered thick haze mostly caused slash burn activity sumatra borneo reaction several country southeast asia signed asean agreement transboundary haze pollution combat haze pollution southeast asian haze saw api level reach hazardous level country muar experienced highest api level june around even prior penetration european interest southeast asia critical part world trading system wide range commodity originated region especially important spice pepper ginger clove nutmeg spice trade initially developed indian arab merchant also brought european region first spaniard manila galleon sailed america kingdom portugal dutch finally british french became involved enterprise various country penetration european commercial interest gradually evolved annexation territory trader lobbied extension control protect expand activity result dutch moved indonesia british malaya part borneo french indochina spanish u philippine economic effect imperialism shift production commodity example rubber plantation malaysia java vietnam cambodia tin mining malaya rice field mekong delta vietnam irrawaddy river delta myanmar response powerful market demand overseas chinese community played large role development economy region origin chinese influence traced century chinese migrant southern china settled indonesia thailand southeast asian country chinese population region saw rapid increase following communist revolution forced many refugee emigrate outside china malaysian petroleum industry oil gas company petronas ranked eighth world brandirectory seventeen telecommunication company contracted build gateway submarine cable connect southeast asia u avoid disruption kind caused cutting undersea cable taiwan u hengchun earthquake tourism key factor economic development many southeast asian country especially cambodia according unesco tourism correctly conceived tremendous development tool effective mean preserving cultural diversity planet since early even nation cambodia lao vietnam burma income derived tourism low attempting expand tourism industry singapore regional leader tourism receipt relative gdp receipt dropped less gdp thailand lao pdr increased receipt since cambodia surpassed asean country generated almost gdp tourism furthermore vietnam considered growing power southeast asia due large foreign investment opportunity booming tourism sector early century indonesia grown emerging market economy becoming largest economy region classified newly industrialised country region singular member major economy indonesia estimated gross domestic product gdp u billion nominal billion ppp per caput gdp u nominal ppp gdp per caput singapore leading nation region u nominal u ppp followed brunei u nominal u ppp malaysia u nominal u ppp besides malaysia lowest cost living region followed brunei vietnam contrary singapore costliest country region followed thailand philippine stock market southeast asia performed better bourse region philippine pse leading way per cent growth followed thailand set per cent indonesia jkse per cent southeast asia gdp per caput u according international monetary fund estimate comparable south africa iraq georgia energy demand south east asia doubled twh twh driven economic growth rising electric vehicle use development data centre population access electricity clean cooking placing region track electrification fossil fuel dominated energy mix accounting total primary energy supply coal continues play central role power generation demand projected increase despite commitment reduce coal use indonesia vietnam philippine still plan substantial new coal capacity asean country net importer oil exporter natural gas supported extensive refining lng infrastructure oil mainly used transport powering transport sector natural gas provides energy mix renewable energy expanding remains underdeveloped relative potential asean plan action energy cooperation member state aim renewable share tpes installed capacity growth expected led solar wind supported energy storage grid integration although region significant renewable resource installed capacity around gw solar gw wind remains far less theoretical potential thailand myanmar cambodia top three country largest solar potential myanmar vietnam thailand rank top three prospective wind capacity among asean country southeast asia area approximately square kilometre around million people live region fifth live million indonesian island java densely populated large island world indonesia populous country million people south east asia also fourth populous country world distribution religion people diverse southeast asia varies country million overseas chinese also live southeast asia prominently christmas island indonesia malaysia philippine singapore thailand also hoa vietnam people southeast asian origin known southeast asian aseanites people southeast asia mainly divided four major ethnolinguistic group austronesian austroasiatic tai part wider family part greater language family people also smaller significant number hmong mien chinese dravidian eurasian papuan also contributes diversity people region aslians negritos believed one earliest inhabitant region genetically related papuan eastern indonesia aboriginal australian modern time javanese largest ethnic group southeast asia million people mostly concentrated java indonesia ethnic group southeast asia vietnamese kinh people around million people mainly inhabiting vietnam also forming significant minority neighbouring cambodia lao thai third largest around million people forming majority thailand indonesia politically culturally dominated javanese sundanese ethnic group native java country also hundred ethnic group scattered throughout archipelago madurese minangkabau acehnese bugis balinese makassarese dayak minahasan batak malay betawi torajan ambonese people malaysia country demographically divided malay make half country population chinese around bumiputeras indian around east malaysia dayaks mainly ibans bidayuhs make majority state sarawak make majority sabah labuan bruneian malay kedayans largest group overall malay majority malaysia brunei form significant minority indonesia southern thailand myanmar singapore singapore demographic country similar west malaysian counterpart instead malay chinese majority malay second largest group indian third largest within philippine country majority ethnic group four largest ethnolinguistic group country visayan mainly cebuano warays hiligaynons tagalog ilocanos bicolanos besides major four also moro people mindanao consisting tausug maranao yakan maguindanao regional group country kapampangans pangasinans surigaonons ifugao kalinga kamayo cuyonon ivatan mainland southeast asia burmese account population myanmar country also several regional ethnic group mainly live state specifically formed ethnic minority major regional ethnic group myanmar people karen people rakhine people chin people kayah people rohingya people living westernmost part country near border bangladesh neighbouring thailand thai largest ethnic group country divided several regional tai group central thai northern thai lanna southern thai pak thai northeastern thai isan people ethnically closely related lao people central thai unique dialect history culture besides thai thailand also home ethnolinguistic group largest patani malay northern khmer karen hmong chinese cambodia one homogeneous country area khmer forming population country also large number ethnic chams vietnamese various inland tribe categorised term khmer loeu hill khmer country southeast asia practice many different religion region home many world religion including abrahamic indian east asian iranian religion population islam practised faith approximately million adherent entire population concentrated indonesia brunei malaysia southern thailand southern philippine indonesia populous country world meanwhile islam constitutionally official religion malaysia brunei approximately million buddhist southeast asia making religion region approximately world buddhist reside southeast asia buddhism predominant vietnam thailand lao cambodia myanmar singapore adherent may come theravada mahayana school ancestor worship confucianism also widely practised vietnam singapore taoism chinese folk religion mazuism also widely practised overseas chinese community malaysia singapore thailand certain case may include chinese local deity worshipping practises tua pek kong datuk keramat many full citation needed christianity predominant philippine eastern indonesia east malaysia philippine largest roman catholic population asia also predominantly roman catholic due history indonesian portuguese rule october number christian catholic protestant southeast asia reached million million came philippine million indonesia million vietnam rest malaysia myanmar singapore lao cambodia brunei addition eastern orthodox christianity also found region addition judaism practised certain country philippine singapore indonesia due presence jewish diaspora small population parsi singapore practise zoroastrianism baháʼí also practised small population malaysia vietnam singapore thailand individual southeast asian country religiously homogeneous group protected de facto isolation rest world world populous muslim nation indonesia hinduism dominant island bali christianity also predominates rest part philippine new guinea flores timor pocket hindu population also found around southeast asia singapore malaysia etc garuda phoenix mount vahanam vishnu national symbol thailand indonesia philippine gold image garuda found palawan gold image hindu god goddess also found mindanao balinese hinduism somewhat different hinduism practised elsewhere animism local culture incorporated meanwhile hindu community malaysia singapore mostly south indian diaspora hence practice closely related indian hinduism additionally sikhism also practised significant population especially malaysia singapore north indian diaspora specifically punjab region small population indian diaspora region jains found malaysia singapore thailand indonesia christian also found throughout southeast asia majority philippine asia largest christian nation addition also older tribal religious practice remote area sarawak east malaysia highland philippine papua eastern indonesia myanmar sakka indra revered nat vietnam mahayana buddhism practised influenced native animism strong emphasis ancestor worship vietnamese folk religion practised majority population vietnam caodaism monotheistic syncretic new religious movement also practised less one percent population vietnam due presence japanese diaspora region practice shinto growingly made appearance certain country thailand religious composition country follows value taken cia world factbook language influenced cultural pressure due trade immigration historical colonisation well nearly native language region language composition country follows official language bold indonesia language island across archipelago making indonesia second linguistically diverse country planet slightly behind papua new guinea official language indonesia indonesian bahasa indonesia widely used educational political economic formal situation daily activity informal situation indonesian speak local language detail see language indonesia see language philippine see language singapore culture southeast asia diverse mainland southeast asia culture mix burmese cambodian laotian thai indic vietnamese sinic culture indonesia philippine singapore malaysia culture mix indigenous austronesian indian islamic western chinese culture addition brunei show strong influence arabia vietnam singapore show chinese influence singapore although geographically southeast asian nation home large chinese majority vietnam china sphere influence much history indian influence singapore prominently evident tamil migrant influenced extent cuisine singapore throughout vietnam history direct influence india contact thai khmer cham people moreover vietnam also categorised east asian cultural sphere along china korea japan due large amount chinese influence embedded culture lifestyle rice paddy agriculture existed southeast asia millennium ranging across subregion dramatic example rice paddy populate banaue rice terrace mountain luzon philippine maintenance paddy rice paddy monsoon climate region stilt house found southeast asia thailand vietnam borneo luzon philippine papua new guinea region diverse metalworking especially indonesia includes weaponry distinctive kris musical instrument gamelan region chief cultural influence combination islam india china diverse cultural influence pronounced philippine derived particularly period spanish american rule contact culture chinese japanese trading era rule thumb people ate finger likely influenced culture india example culture china people ate chopstick tea beverage found across region fish sauce distinctive region tend vary art southeast asia affinity art area dance much southeast asia includes movement hand well foot express dance emotion meaning story ballerina going tell audience southeast asia introduced dance court particular cambodian royal ballet represented early seventh century khmer empire highly influenced indian hinduism apsara dance famous strong hand foot movement great example hindu symbolic dance puppetry shadow play also favoured form entertainment past century famous one wayang indonesia art literature southeast asia quite influenced hinduism brought century ago indonesia despite conversion islam opposes certain form art retained many form practice culture art literature example wayang kulit shadow puppet literature like ramayana wayang kulit show recognised unesco november masterpiece oral intangible heritage humanity pointed khmer indonesian classical art concerned depicting life god southeast asian mind life god life people joyous earthy yet divine tai coming late southeast asia brought chinese artistic tradition soon shed favour khmer mon tradition indication earlier contact chinese art style temple especially tapering roof lacquerware traditional music southeast asia varied many ethnic cultural division main style traditional music include court music folk music music style smaller ethnic group music influenced genre outside geographic region court folk genre gong chime ensemble orchestra make majority exception lowland area vietnam gamelan angklung orchestra indonesia piphat pinpeat ensemble thailand cambodia kulintang ensemble southern philippine borneo sulawesi timor three main distinct style musical genre influenced traditional musical style region string instrument also popular region november unesco officially recognised angklung masterpiece oral intangible heritage humanity encouraged indonesian people government safeguard transmit promote performance encourage craftsmanship angklung making history southeast asia led wealth different author within without writing region earliest writing system southeast asia stem india shown brahmic form writing present region balinese script shown split palm leaf called lontar see image left magnify image see writing flat side decoration reverse side antiquity form writing extends invention paper around year china note palm leaf section several line written longitudinally across leaf bound twine section outer portion decorated alphabet southeast asia tended abugidas arrival european used word also ended consonant vowel form official document use paper included javanese copperplate scroll material would durable paper tropical climate southeast asia malaysia brunei singapore malay language generally written latin script phenomenon present indonesian although different spelling standard utilised malay indonesian word use chinese character past present evident vietnam recently singapore malaysia adoption chữ hán vietnam date back around bc occupied chinese vietnamese script called chữ nôm used modified chữ hán express vietnamese language chữ hán chữ nôm used early century rapa nui austronesian language like indonesian tagalog many southeast asian language rongorongo presumed script rapa nui proven would place one invention writing human history association football popular sport region asean football federation region primary regulatory body formed january jakarta indonesia aff championship largest football competition region since inaugural thailand holding title competition seven title current reigning winner vietnam defeated thailand final thailand numerous appearance afc asian cup result asian cup southeast asian team second place myanmar iran indonesia southeast asian team played fifa world cup dutch east indie asean also committed preserving traditional sport game tsg region
Document 5,List of domesticated animals - Wikipedia,"This page gives a list of domesticated animals,[1] also including a list of animals which are or may be currently undergoing the process of domestication and animals that have an extensive relationship with humans beyond simple predation. This includes species which are semi-domesticated, undomesticated but captive-bred on a commercial scale, or commonly wild-caught, at least occasionally captive-bred, and tameable. In order to be considered fully domesticated, most species have undergone significant genetic, behavioural and morphological changes from their wild ancestors, while others have changed very little from their wild ancestors despite hundreds or thousands of years of potential selective breeding. Many factors determine how quickly any changes may occur in a species, but there is not always a desire to improve a species from its wild form. Domestication is a gradual process, so there is no precise moment in the history of a given species when it can be considered to have become fully domesticated.
Zooarchaeology has identified three classes of animal domesticates:
Europe[6] in different places in Asia
Due to the somewhat unclear outlines of what precisely constitutes domestication, there are some species that may or may not be fully domesticated. There are also some species that are extensively commercially used by humans, but are not significantly altered from wild-type animals. Many animals on this second table are at least somewhat altered from wild-type animals due to their extensive interactions with humans, albeit not to the point that they are regarded as distinct forms (therefore, no separate wild ancestors are noted) or would be unable to survive if reintroduced to the wild.
The categories used in the Taxon group column are:
",page give list domesticated animal also including list animal may currently undergoing process domestication animal extensive relationship human beyond simple predation includes specie undomesticated commercial scale commonly least occasionally tameable order considered fully domesticated specie undergone significant genetic behavioural morphological change wild ancestor others changed little wild ancestor despite hundred thousand year potential selective breeding many factor determine quickly change may occur specie always desire improve specie wild form domestication gradual process precise moment history given specie considered become fully domesticated zooarchaeology identified three class animal domesticates europe different place asia due somewhat unclear outline precisely constitutes domestication specie may may fully domesticated also specie extensively commercially used human significantly altered animal many animal second table least somewhat altered animal due extensive interaction human albeit point regarded distinct form therefore separate wild ancestor noted would unable survive reintroduced wild category used taxon group column
Document 6,Chicken as food - Wikipedia,"
Chicken is the most common type of poultry in the world.[2] Owing to the relative ease and low cost of raising chickens—in comparison to mammals such as cattle or hogs—chicken meat (commonly called just ""chicken"") and chicken eggs have become prevalent in numerous cuisines.
Chicken can be prepared in a vast range of ways, including baking, grilling, barbecuing, frying, boiling, and roasting. Since the latter half of the 20th century, prepared chicken has become a staple of fast food. Chicken is sometimes cited as being more healthy than red meat, with lower concentrations of cholesterol and saturated fat.[3]
The poultry farming industry that accounts for chicken production takes on a range of forms across different parts of the world. In developed countries, chickens are typically subject to intensive farming methods while less-developed areas raise chickens using more traditional farming techniques. The United Nations estimates there to be 19 billion chickens on Earth in 2011, making them outnumber humans more than two to one.[4] Chickens are recognized as sentient animals capable of experiencing pain and distress, which has led to ongoing scientific and ethical discussions regarding their treatment in food production systems.[5]
The modern chicken is a descendant of red junglefowl hybrids along with the grey junglefowl first raised thousands of years ago in the northern parts of the Indian subcontinent.[6]
Chicken as a meat has been depicted in Babylonian carvings from around 600 BC.[7] Chicken was one of the most common meats available in the Middle Ages.[8][9] For thousands of years, a number of different kinds of chicken have been eaten across most of the Eastern Hemisphere,[10] including capons, pullets, and hens. It was one of the basic ingredients in blancmange, a stew usually consisting of chicken and fried onions cooked in milk and seasoned with spices and sugar.[11]
In the United States in the 1800s, chicken was more expensive than other meats and it was ""sought by the rich because [it is] so costly as to be an uncommon dish.""[12] Chicken consumption in the U.S. increased during World War II due to a shortage of beef and pork.[13] In Europe, consumption of chicken overtook that of beef and veal in 1996, linked to consumer awareness of bovine spongiform encephalopathy (mad cow disease).[14]
357 million tonnes of meat were produced in 2021, 53% more than in 2000, with chicken meat representing more than half the increase. Chicken meat was the most produced type of meat in 2021 just ahead of pig meat.[15]
Modern varieties of chicken such as the Cornish Cross, are bred specifically for meat production, with an emphasis placed on the ratio of feed to meat produced by the animal. The most common breeds of chicken consumed in the U.S. are Cornish and White Rock.[16]
Chickens raised specifically for food are called broilers. In the U.S., broilers are typically butchered at a young age. Modern Cornish Cross hybrids, for example, are butchered as early as 8 weeks for fryers and 12 weeks for roasting birds.[citation needed]
Capons (castrated cocks) produce more and fattier meat. For this reason, they are considered a delicacy and were particularly popular in the Middle Ages.[citation needed]
Chicken meat contains about two to three times as much polyunsaturated fat as most types of red meat when measured as weight percentage.[22]
Chicken generally includes low fat in the meat itself (castrated roosters excluded).[citation needed] The fat is highly concentrated on the skin.[citation needed] 100 grams (3.5 oz) of raw chicken breast contains 2 grams (0.071 oz) of fat and 22 grams (0.78 oz) of protein, compared to 9 grams (0.32 oz) of fat and 20 grams (0.71 oz) of protein for the same portion of raw beef flank steak.[23][24]
In factory farming, chickens are routinely administered with the feed additive roxarsone, an organoarsenic compound which partially decomposes into inorganic arsenic compounded in the flesh of chickens, and in their feces, which are often used as a fertilizer.[25] The compound is used to control stomach pathogens and promote growth. In a 2013 sample conducted by the Johns Hopkins School of Public Health of chicken meat from poultry producers that did not prohibit roxarsone, 70% of the samples in the US had levels which exceeded the safety limits as set by the FDA.[26] The FDA has since[dubious – discuss] revised its stance on safe limits to inorganic arsenic in animal feed by stating that ""any new animal drug that contributes to the overall inorganic arsenic burden is of potential concern"".[27]
The FDA approval for roxarsone and two other arsenic poultry drugs were voluntarily withdrawn by the manufacturers in September 2013.[28] The final remaining arsenic drug nitarsone was banned at the end of 2015.[29]
Information obtained by the Canadian Integrated Program for Antimicrobial Resistance (CIPARS) ""strongly indicates that cephalosporin resistance in humans is moving in lockstep with the use of the drug in poultry production"". According to the Canadian Medical Association Journal, the unapproved antibiotic ceftiofur is routinely injected into eggs in Quebec and Ontario to discourage infection of hatchlings. Although the data are contested by the industry, antibiotic resistance in humans appears to be directly related to the antibiotic's use in eggs.[30]
A study by the Translational Genomics Research Institute showed that nearly half (47%) of the meat and poultry in US grocery stores was contaminated with S. aureus, with more than half (52%) of those bacteria resistant to antibiotics.[31] Furthermore, as per the FDA, more than 25% of retail chicken is resistant to 5 or more different classes of antibiotic treatment drugs in the United States.[32] An estimated 90–100% of conventional chicken contains, at least, one form of antibiotic resistance microorganism, while organic chicken has been found to have a lower incidence at 84%.[33][34]
In random surveys of chicken products across the United States in 2012, the Physicians Committee for Responsible Medicine found 48% of samples to contain fecal matter. On most commercial chicken farms, the chickens spend their entire life standing in, lying on, and living in their own manure, which is somewhat mixed in with the bedding material (e.g., sawdust, wood shavings, chopped straw, etc.).
During shipping from the concentrated animal feeding operation farm to the abattoir, the chickens are usually placed inside shipping crates that usually have slatted floors. Those crates are then piled 5 to 10 rows high on the transport truck to the abattoir. During shipment, the chickens tend to defecate, and that chicken manure tends to sit inside the crowded cages, contaminating the feathers and skin of the chickens, or rains down upon the chickens and crates on the lower levels of the transport truck. By the time the truck gets to the abattoir, most chickens have had their skin and feathers contaminated with feces.
There is also fecal matter in the intestines. While the slaughter process removes the feathers and intestines, only visible fecal matter is removed.[35] The high speed automated processes at the abattoir are not designed to remove this fecal contamination on the feather and skin. The high speed processing equipment tend to spray the contamination around to the birds going down the processing line, and the equipment on the line itself. At one or more points on most abattoirs, chemical sprays and baths (e.g., bleach, acids, peroxides, etc.) are used to partially rinse off or kill this bacterial contamination. The fecal contamination, once it has occurred, especially in the various membranes between the skin and muscle, is impossible to completely remove.
Chicken is sold both as whole birds and broken down into pieces.
In the United Kingdom, juvenile chickens of less than 28 days of age at slaughter are marketed as poussin. Mature chicken is sold as small, medium or large.
In the United States, whole mature chickens are marketed as fryers, broilers, and roasters. Fryers are the smallest size (2.5-4 lbs dressed for sale), and the most common, as chicken reach this size quickly (about 7 weeks). Broilers are larger than fryers. Roasters, or roasting hens, are the largest chickens commonly sold (3–5 months and 6–8 lbs) and are typically more expensive. Even larger and older chickens are called stewing chickens but these are no longer usually found commercially. The names reflect the most appropriate cooking method for the surface area to volume ratio. As the size increases, the volume (which determines how much heat must enter the bird for it to be cooked) increases faster than the surface area (which determines how fast heat can enter the bird). For a fast method of cooking, such as frying, a small bird is appropriate: frying a large piece of chicken results in the inside being undercooked when the outside is ready.
Chicken is also sold broken down into pieces. Such pieces usually come from smaller birds that would qualify as fryers if sold whole. Pieces may include quarters, or fourths of the chicken. A chicken is typically cut into two leg quarters and two breast quarters. Each quarter contains two of the commonly available pieces of chicken. A leg quarter contains the thigh, drumstick and a portion of the back; a leg has the back portion removed. A breast quarter contains the breast, wing and portion of the back; a breast has the back portion and wing removed. Pieces may be sold in packages of all of the same pieces, or in combination packages. Whole chicken cut up refers to either the entire bird cut into 8 individual pieces. (8-piece cut); or sometimes without the back. A 9-piece cut (usually for fast food restaurants) has the tip of the breast cut off before splitting. Pick of the chicken, or similar titles, refers to a package with only some of the chicken pieces, typically the breasts, thighs, and legs without wings or back. Thighs and breasts are sold boneless or skinless. Chicken livers and gizzards are commonly available packaged separately. Other parts of the chicken, such as the neck, feet, combs, etc. are not widely available except in countries where they are in demand, or in cities that cater to ethnic groups who favor these parts.
Worldwide, there are many fast food restaurant chains that sell exclusively or primarily poultry products including KFC (global), Red Rooster (Australia), Hector Chicken (Belgium) and CFC (Indonesia). Most of the products on the menus in such eateries are fried or breaded and are served with french fries.
Raw chicken may contain Salmonella. The safe minimum cooking temperature recommended by the U.S. Department of Health & Human Services is 165 °F (74 °C) to prevent foodborne illness because of bacteria and parasites.[36] However, in Japan raw chicken is sometimes consumed in a dish called torisashi, which is sliced raw chicken served in sashimi style. Another preparation is toriwasa which is lightly seared on the outsides while the inside remains raw.[37]
Chicken can be cooked in many ways. It can be made into sausages, skewered, put in salads, traditionally grilled or by using electric grill, breaded and deep-fried, or used in various curries. There is significant variation in cooking methods amongst cultures. Historically common methods include roasting, baking, broasting, and frying. Western cuisine frequently has chicken prepared by deep frying for fast foods such as fried chicken, chicken nuggets, chicken lollipops or Buffalo wings. They are also often grilled for salads or tacos. Eastern cuisine has chicken prepared by marination, especially chicken Philippine adobo.[38]
Chickens often come with labels such as ""roaster"", which suggest a method of cooking based on the type of chicken. While these labels are only suggestions, ones labeled for stew often do not do well when cooked with other methods.[39]
Some chicken breast cuts and processed chicken breast products include the moniker ""with rib meat"". This is a misnomer, as it refers to the small piece of white meat that overlays the scapula, removed along with the breast meat. The breast is cut from the chicken and sold as a solid cut, while the leftover breast and true rib meat is stripped from the bone through mechanical separation for use in chicken franks, for example. Breast meat is often sliced thinly and marketed as chicken slices, an easy filling for sandwiches. Often, the tenderloin (pectoralis minor) is marketed separately from the breast (pectoralis major). In the US, ""tenders"" can be either tenderloins or strips cut from the breast. In the UK the strips of pectoralis minor are called ""chicken mini-fillets"".
Chicken bones are hazardous to health as they tend to break into sharp splinters when eaten, but they can be simmered with vegetables and herbs for hours or even days to make chicken stock.
In Asian countries it is possible to buy bones alone as they are very popular for making chicken soups, which are said to be healthy. In Australia the rib cages and backs of chickens after the other cuts have been removed are frequently sold cheaply in supermarket delicatessen sections as either ""chicken frames"" or ""chicken carcasses"" and are purchased for soup or stock purposes.
Raw chicken maintains its quality longer than fresh in the freezer, as moisture is lost during cooking.[42] There is little change in nutrient value of chicken during freezer storage.[42] For optimal quality, however, a maximum storage time in the freezer of 12 months is recommended for uncooked whole chicken, 9 months for uncooked chicken parts, 3 to 4 months for uncooked chicken giblets, and 4 months for cooked chicken.[42] Freezing does not usually cause color changes in poultry, but the bones and the meat near them can become dark. This bone darkening results when pigment seeps through the porous bones of young poultry into the surrounding tissues when the poultry meat is frozen and thawed.[42]
It is safe to freeze chicken directly in its original packaging, but this type of wrap is permeable to air and quality may diminish over time. Therefore, for prolonged storage, it is recommended to overwrap these packages.[42] It is recommended to freeze unopened vacuum packages as is.[42] If a package has accidentally been torn or has opened while food is in the freezer, the food is still safe to use, but it is still recommended to overwrap or rewrap it.[42] Chicken should be away from other foods, so if they begin to thaw, their juices will not drip onto other foods.[42] If previously frozen chicken is purchased at a retail store, it can be refrozen if it has been handled properly.[42]
Bacteria survives but does not grow in freezing temperatures. However, if frozen cooked foods are not defrosted properly and are not reheated to temperatures that kill bacteria, chances of getting a foodborne illness greatly increase.[43]
This article incorporates text from a free content work. Licensed under CC BY-SA IGO 3.0 (license statement/permission). Text taken from World Food and Agriculture – Statistical Yearbook 2023​, FAO, FAO.
",chicken common type poultry world owing relative ease low cost raising chicken comparison mammal cattle hog chicken meat commonly called chicken chicken egg become prevalent numerous cuisine chicken prepared vast range way including baking grilling barbecuing frying boiling roasting since latter half century prepared chicken become staple fast food chicken sometimes cited healthy red meat lower concentration cholesterol saturated fat poultry farming industry account chicken production take range form across different part world developed country chicken typically subject intensive farming method area raise chicken using traditional farming technique united nation estimate billion chicken earth making outnumber human two one chicken recognized sentient animal capable experiencing pain distress led ongoing scientific ethical discussion regarding treatment food production system modern chicken descendant red junglefowl hybrid along grey junglefowl first raised thousand year ago northern part indian subcontinent chicken meat depicted babylonian carving around bc chicken one common meat available middle age thousand year number different kind chicken eaten across eastern hemisphere including capon pullet hen one basic ingredient blancmange stew usually consisting chicken fried onion cooked milk seasoned spice sugar united state chicken expensive meat sought rich costly uncommon dish chicken consumption increased world war ii due shortage beef pork europe consumption chicken overtook beef veal linked consumer awareness bovine spongiform encephalopathy mad cow disease million tonne meat produced chicken meat representing half increase chicken meat produced type meat ahead pig meat modern variety chicken cornish cross bred specifically meat production emphasis placed ratio feed meat produced animal common breed chicken consumed cornish white rock chicken raised specifically food called broiler broiler typically butchered young age modern cornish cross hybrid example butchered early week fryer week roasting bird citation needed capon castrated cock produce fattier meat reason considered delicacy particularly popular middle age citation needed chicken meat contains two three time much polyunsaturated fat type red meat measured weight percentage chicken generally includes low fat meat castrated rooster excluded citation needed fat highly concentrated skin citation needed gram oz raw chicken breast contains gram oz fat gram oz protein compared gram oz fat gram oz protein portion raw beef flank steak factory farming chicken routinely administered feed additive roxarsone organoarsenic compound partially decomposes inorganic arsenic compounded flesh chicken feces often used fertilizer compound used control stomach pathogen promote growth sample conducted john hopkins school public health chicken meat poultry producer prohibit roxarsone sample u level exceeded safety limit set fda fda since dubious discus revised stance safe limit inorganic arsenic animal feed stating new animal drug contributes overall inorganic arsenic burden potential concern fda approval roxarsone two arsenic poultry drug voluntarily withdrawn manufacturer september final remaining arsenic drug nitarsone banned end information obtained canadian integrated program antimicrobial resistance cipars strongly indicates cephalosporin resistance human moving lockstep use drug poultry production according canadian medical association journal unapproved antibiotic ceftiofur routinely injected egg quebec ontario discourage infection hatchling although data contested industry antibiotic resistance human appears directly related antibiotic use egg study translational genomics research institute showed nearly half meat poultry u grocery store contaminated aureus half bacteria resistant antibiotic furthermore per fda retail chicken resistant different class antibiotic treatment drug united state estimated conventional chicken contains least one form antibiotic resistance microorganism organic chicken found lower incidence random survey chicken product across united state physician committee responsible medicine found sample contain fecal matter commercial chicken farm chicken spend entire life standing lying living manure somewhat mixed bedding material sawdust wood shaving chopped straw shipping concentrated animal feeding operation farm abattoir chicken usually placed inside shipping crate usually slatted floor crate piled row high transport truck abattoir shipment chicken tend defecate chicken manure tends sit inside crowded cage contaminating feather skin chicken rain upon chicken crate lower level transport truck time truck get abattoir chicken skin feather contaminated feces also fecal matter intestine slaughter process remove feather intestine visible fecal matter removed high speed automated process abattoir designed remove fecal contamination feather skin high speed processing equipment tend spray contamination around bird going processing line equipment line one point abattoir chemical spray bath bleach acid peroxide etc used partially rinse kill bacterial contamination fecal contamination occurred especially various membrane skin muscle impossible completely remove chicken sold whole bird broken piece united kingdom juvenile chicken less day age slaughter marketed poussin mature chicken sold small medium large united state whole mature chicken marketed fryer broiler roaster fryer smallest size lb dressed sale common chicken reach size quickly week broiler larger fryer roaster roasting hen largest chicken commonly sold month lb typically expensive even larger older chicken called stewing chicken longer usually found commercially name reflect appropriate cooking method surface area volume ratio size increase volume determines much heat must enter bird cooked increase faster surface area determines fast heat enter bird fast method cooking frying small bird appropriate frying large piece chicken result inside undercooked outside ready chicken also sold broken piece piece usually come smaller bird would qualify fryer sold whole piece may include quarter fourth chicken chicken typically cut two leg quarter two breast quarter quarter contains two commonly available piece chicken leg quarter contains thigh drumstick portion back leg back portion removed breast quarter contains breast wing portion back breast back portion wing removed piece may sold package piece combination package whole chicken cut refers either entire bird cut individual piece cut sometimes without back cut usually fast food restaurant tip breast cut splitting pick chicken similar title refers package chicken piece typically breast thigh leg without wing back thigh breast sold boneless skinless chicken liver gizzard commonly available packaged separately part chicken neck foot comb etc widely available except country demand city cater ethnic group favor part worldwide many fast food restaurant chain sell exclusively primarily poultry product including kfc global red rooster australia hector chicken belgium cfc indonesia product menu eatery fried breaded served french fry raw chicken may contain salmonella safe minimum cooking temperature recommended department health human service prevent foodborne illness bacteria parasite however japan raw chicken sometimes consumed dish called torisashi sliced raw chicken served sashimi style another preparation toriwasa lightly seared outside inside remains raw chicken cooked many way made sausage skewered put salad traditionally grilled using electric grill breaded used various curry significant variation cooking method amongst culture historically common method include roasting baking broasting frying western cuisine frequently chicken prepared deep frying fast food fried chicken chicken nugget chicken lollipop buffalo wing also often grilled salad taco eastern cuisine chicken prepared marination especially chicken philippine adobo chicken often come label roaster suggest method cooking based type chicken label suggestion one labeled stew often well cooked method chicken breast cut processed chicken breast product include moniker rib meat misnomer refers small piece white meat overlay scapula removed along breast meat breast cut chicken sold solid cut leftover breast true rib meat stripped bone mechanical separation use chicken frank example breast meat often sliced thinly marketed chicken slice easy filling sandwich often tenderloin pectoralis minor marketed separately breast pectoralis major u tender either tenderloin strip cut breast uk strip pectoralis minor called chicken chicken bone hazardous health tend break sharp splinter eaten simmered vegetable herb hour even day make chicken stock asian country possible buy bone alone popular making chicken soup said healthy australia rib cage back chicken cut removed frequently sold cheaply supermarket delicatessen section either chicken frame chicken carcass purchased soup stock purpose raw chicken maintains quality longer fresh freezer moisture lost cooking little change nutrient value chicken freezer storage optimal quality however maximum storage time freezer month recommended uncooked whole chicken month uncooked chicken part month uncooked chicken giblet month cooked chicken freezing usually cause color change poultry bone meat near become dark bone darkening result pigment seeps porous bone young poultry surrounding tissue poultry meat frozen thawed safe freeze chicken directly original packaging type wrap permeable air quality may diminish time therefore prolonged storage recommended overwrap package recommended freeze unopened vacuum package package accidentally torn opened food freezer food still safe use still recommended overwrap rewrap chicken away food begin thaw juice drip onto food previously frozen chicken purchased retail store refrozen handled properly bacteria survives grow freezing temperature however frozen cooked food defrosted properly reheated temperature kill bacteria chance getting foodborne illness greatly increase article incorporates text free content work licensed cc igo license text taken world food agriculture statistical yearbook fao fao
Document 7,Eggs as food - Wikipedia,"
Humans and other hominids have consumed eggs for millions of years.[1] The most widely consumed eggs are those of fowl, especially chickens. People in Southeast Asia began harvesting chicken eggs for food by 1500 BCE.[2] Eggs of other birds, such as ducks and ostriches, are eaten regularly but much less commonly than those of chickens. People may also eat the eggs of reptiles, amphibians, and fish. Fish eggs consumed as food are known as roe or caviar.
Hens and other egg-laying creatures are raised throughout the world, and mass production of chicken eggs is a global industry. In 2009, an estimated 62.1 million metric tons of eggs were produced worldwide from a total laying flock of approximately 6.4 billion hens.[3] There are issues of regional variation in demand and expectation, as well as current debates concerning methods of mass production. In 2012, the European Union banned battery husbandry of chickens.
Bird eggs have been valuable foodstuffs since prehistory, in both hunting societies and more recent cultures where birds were domesticated. The chicken was most likely domesticated for its eggs (from jungle fowl native to tropical and subtropical Southeast Asia and Indian subcontinent) before 7500 BCE. Chickens were brought to Sumer and Egypt by 1500 BCE, and arrived in Greece around 800 BCE, where the quail had been the primary source of eggs.[4] In Thebes, Egypt, the tomb of Haremhab, dating to approximately 1420 BCE, shows a depiction of a man carrying bowls of ostrich eggs and other large eggs, presumably those of the pelican, as offerings.[5] In ancient Rome, eggs were preserved using a number of methods and meals often started with an egg course.[5] The Romans crushed the shells in their plates to prevent evil spirits from hiding there.[6] The Babylonian Talmud, a Jewish work from late antiquity, states, ""A soft-boiled egg is better than six logs of farina.""[7]
In the Middle Ages, eggs were forbidden during Lent because of their richness,[6] although the motivation for forgoing eggs during Lent was not entirely religious. An annual pause in egg consumption allowed farmers to rest their flocks, and also to limit their hens' consumption of feed during a time of year when food stocks were usually scarce.
Eggs scrambled with acidic fruit juices were popular in France in the seventeenth century; this may have been the origin of lemon curd.[8]
The dried egg industry developed in the nineteenth century, before the rise of the frozen egg industry.[9] In 1878, a company in St. Louis, Missouri started to transform egg yolk and egg white into a light-brown, meal-like substance by using a drying process.[9] The production of dried eggs significantly expanded during World War II, for use by the United States Armed Forces and its allies.[9]
In 1911, the egg carton was invented by Joseph Coyle in Smithers, British Columbia, to solve a dispute about broken eggs between a farmer in Bulkley Valley and the owner of the Aldermere Hotel. Early egg cartons were made of paper.[10] Polystyrene egg cartons became popular in the latter half of the twentieth century as they were perceived to offer better protection especially against heat and breakage, however, by the twenty-first century environmental considerations have led to the return of more biodegradable paper cartons (often made of recycled material) that once again became more widely used.
Whereas the wild Asian fowl from which domesticated chickens are descended typically lay about a dozen eggs each year during the breeding season, several millennia of selective breeding have produced domesticated hens capable of laying more than three hundred eggs each annually, and to lay eggs year round.
Bird eggs are a common food and one of the most versatile ingredients used in cooking. They are important in many branches of the modern food industry.[6]
The most commonly used bird eggs are those from the chicken, duck, and goose. Smaller eggs, such as quail eggs, are used occasionally as a gourmet ingredient in Western countries. Eggs are a common everyday food in many parts of Asia, such as China and Thailand, with Asian production providing 59 percent of the world total in 2013.[11]
The largest bird eggs, ostrich eggs, tend to be used only as special luxury food. Gull eggs are considered a delicacy in England,[12] as well as in some Scandinavian countries, particularly in Norway. In some African countries, guineafowl eggs often are seen in marketplaces, especially in the spring of each year.[13] Pheasant eggs and emu eggs are edible, but less widely available;[12] sometimes they are obtainable from farmers, poulterers, or luxury grocery stores. In many countries, wild bird eggs are protected by laws which prohibit the collecting or selling of them, or permit collection only during specific periods of the year.[12]
In 2017, world production of chicken eggs was 80.1 million tonnes. The largest producers were China with 31.3 million of this total, the United States with 6.3 million, India at 4.8 million, Mexico at 2.8 million, Japan at 2.6 million, and Brazil and Russia with 2.5 million each.[14] The largest egg factory in British Columbia, for example, ships 12 million eggs per week.[15]
For the month of January 2019, the United States produced 9.41 billion eggs, with 8.2 billion for table consumption and 1.2 billion for raising chicks.[16] Americans are projected to each consume 279 eggs in 2019, the highest since 1973, but less than the 405 eggs eaten per person in 1945.[16]
In 2023, world hen egg production reached 91 million tonnes, a 77% increase from 2000 that translates into an additional 40 million tonnes over the period.[17]
During production, eggs can be candled to check their quality.[18] The size of an egg's air cell is determined, and if fertilization took place three to six days or earlier prior to the candling, blood vessels can typically be seen as evidence that the egg contains an embryo.[18] Contrary to common misconception, this is not conclusive evidence of fertilization, as blood vessels can just denote an ordinary rupture on the egg yolk surface while the egg was forming.[19] Depending on local regulations, eggs may be washed before being placed in egg boxes, although washing may shorten their length of freshness.
Bird and reptile eggs consist of a protective eggshell, albumen (egg white), and vitellus (egg yolk), contained within various thin membranes. The egg yolk is suspended in the egg white by one or two spiral bands of tissue called the chalazae (from the Greek word χάλαζα, meaning 'hailstone' or 'hard lump'). The shape of a chicken egg resembles a prolate spheroid with one end larger than the other and has cylindrical symmetry along the long axis.
The larger end of the egg contains an air cell that forms when the contents of the egg cool down and contract after it is laid. Chicken eggs are graded according to the size of this air cell, measured during candling. A very fresh egg has a small air cell and receives a grade of AA. As the size of the air cell increases and the quality of the egg decreases, the grade moves from AA to A to B. This provides a way of testing the age of an egg: as the air cell increases in size due to air being drawn through pores in the shell as water is lost, the egg becomes less dense and the larger end of the egg will rise to increasingly shallower depths when the egg is placed in a bowl of water. A very old egg will float in the water and should not be eaten,[20] especially if a foul odor can be detected if the egg is cracked open.[21]
Eggshell color is caused by pigment deposition during egg formation in the oviduct and may vary according to species and breed, from the more common white or brown to pink or speckled blue-green. The brown pigment is protoporphyrin IX, a precursor of heme, and the blue pigment is biliverdin, a product of the breakdown of heme.[22][23] Generally, chicken breeds with white ear lobes lay white eggs, whereas chickens with red ear lobes lay brown eggs.[24] Although there is no significant link between shell color and nutritional value, often there is a cultural preference for one color over another (see § Color of eggshell below). As candling is less effective with brown eggs, they have a significantly higher incidence of blood spots.[25]
The eggshell membrane is a clear film lining the eggshell, visible when one peels a boiled egg. Primarily, it is composed of fibrous proteins such as collagen type I.[26] These membranes may be used commercially as a dietary supplement.
""White"" is the common name for the clear liquid (also called the albumen or the glair/glaire) contained within an egg. Colorless and transparent initially, upon cooking it turns white and opaque. In chickens, it is formed from the layers of secretions of the anterior section of the hen oviduct during the passage of the egg.[27] It forms around both fertilized and unfertilized yolks. The primary natural purpose of egg white is to protect the yolk and provide additional nutrition during the growth of the embryo.
Egg white consists primarily of approximately 90 percent water into which is dissolved 10 percent proteins (including albumins, mucoproteins, and globulins). Unlike the yolk, which is high in lipids (fats), egg white contains almost no fat and the carbohydrate content is less than one percent. Egg white has many uses in food and many other applications, including the preparation of vaccines, such as those for influenza.[28]
The yolk in a newly laid egg is round and firm. As the yolk ages, it absorbs water from the albumen, which increases its size and causes it to stretch and weaken the vitelline membrane (the clear casing enclosing the yolk). The resulting effect is a flattened and enlarged yolk shape.
Yolk color is dependent on the diet of the hen. If the diet contains yellow or orange plant pigments known as xanthophylls, then they are deposited in the yolk, coloring it. Lutein is the most abundant pigment in egg yolk.[29] A diet without such colorful foods may result in an almost colorless yolk. Yolk color is, for example, enhanced if the diet includes foods such as yellow maize and marigold petals.[30] In the US, the use of artificial color additives is forbidden.[30]
Abnormalities that have been found in eggs purchased for human consumption include:
Chicken eggs are widely used in many types of dish, both sweet and savory, including many baked goods. Some of the most common preparation methods include scrambled, fried, poached, boiled (hard- or soft-), omelettes, and pickled. They also may be eaten raw, although this is not recommended for people who may be especially susceptible to salmonellosis, such as the elderly, the infirm, or pregnant women. In addition, the protein in raw eggs is only 51 percent bioavailable, whereas that of a cooked egg is nearer 91 percent bioavailable, meaning the protein of cooked eggs is nearly twice as absorbable as the protein from raw eggs.[35]
As a cooking ingredient, egg yolks are an important emulsifier in the kitchen, and are also used as a thickener, as in custards.
The albumen (egg white) contains protein, but little or no fat, and may be used in cooking separately from the yolk. The proteins in egg white allow it to form foams and aerated dishes. Egg whites may be aerated or whipped to a light, fluffy consistency, and often are used in desserts such as meringues and mousse.
Ground eggshells sometimes are used as a food additive to deliver calcium.[36] Every part of an egg is edible, although the eggshell is generally discarded. Some recipes call for immature or unlaid eggs, which are harvested after the hen is slaughtered or cooked, while still inside the chicken.[37]
Eggs contain multiple proteins that gel at different temperatures within the yolk and the white, and the temperature determines the gelling time. Egg yolk becomes a gel, or solidifies, between 61 and 70 °C (142 and 158 °F). Egg white gels at different temperatures: 60 to 73 °C (140 to 163 °F). The white contains exterior albumen which sets at the highest temperature. In practice, in many cooking processes the white gels first because it is exposed to higher temperatures for longer.[38]
Salmonella is killed instantly at 71 °C (160 °F), but also is killed from 54.5 °C (130.1 °F), if held at that temperature for sufficiently long time periods. To avoid the issue of salmonella, eggs may be pasteurized in-shell at 57 °C (135 °F) for an hour and 15 minutes. Although the white then is slightly milkier, the eggs may be used in normal ways. Whipping for meringue takes significantly longer, but the final volume is virtually the same.[39]
If a boiled egg is overcooked, a greenish ring sometimes appears around the egg yolk due to changes to the iron and sulfur compounds in the egg.[40] It also may occur with an abundance of iron in the cooking water.[41] Overcooking harms the quality of the protein.[42] Chilling an overcooked egg for a few minutes in cold water until it is completely cooled may prevent the greenish ring from forming on the surface of the yolk.[43]
Peeling a cooked egg is easiest when the egg was put into boiling water as opposed to slowly heating the egg from a start in cold water.[44]
In February 2025, scientists published research confirming that periodic cooking of an egg is the best way to preserve the distinct textures of each part of an egg as well as its nutritional value.[45] The method requires alternating between boiling and lukewarm water: two minutes in 100 °C (212 °F) water, two minutes at 30 °C (86 °F), repeated eight times.[46]
Although the age of the egg and the conditions of its storage have a greater influence, the bird's diet affects the flavor of the egg.[8] For example, when a brown-egg chicken breed eats rapeseed (canola) or soy meals, its intestinal microbes metabolize them into fishy-smelling triethylamine, which ends up in the egg.[8] The unpredictable diet of free-range hens will produce likewise, unpredictable egg flavors.[8] Duck eggs tend to have a flavor distinct from, but still resembling, chicken eggs.
Eggs may be soaked in mixtures to absorb flavor. Tea eggs, a common snack sold from street-side carts in China, are steeped in a brew from a mixture of various spices, soy sauce, and black tea leaves to give flavor. Hard boiled eggs are cracked slightly before being simmered in the marinade for more flavor, also giving them their marble pattern.[47]
Careful storage of edible eggs is extremely important, as an improperly handled egg may contain elevated levels of Salmonella bacteria that may cause severe food poisoning. In the US, eggs are washed. This cleans the shell, but erodes its cuticle.[48][49] The USDA thus recommends refrigerating eggs to prevent the growth of Salmonella.[30]
Refrigeration also preserves the taste and texture.[50][unreliable source?] In Europe, eggs are not usually washed, and the shells are dirtier, however the cuticle is undamaged, and they do not require refrigeration.[51][49][unreliable source?] In the UK in particular, hens are immunized against salmonella and generally, their eggs are safe for 21 days.[49]
The simplest method to preserve an egg is to treat it with salt. Salt draws water out of bacteria and molds, which prevents their growth.[52] The Chinese salted duck egg is made by immersing duck eggs in brine, or coating them individually with a paste of salt and mud or clay. The eggs stop absorbing salt after approximately a month, having reached osmotic equilibrium.[52] Their yolks take on an orange-red color and solidify, but the white remains somewhat liquid. These often are boiled before consumption and are served with rice congee; the yolks are also used in mooncakes and other pastries.
Another method is to make pickled eggs, by boiling them first and immersing them in a mixture of vinegar, salt, and spices, such as ginger or allspice. Frequently, beetroot juice is added to impart a red color to the eggs.[53] If the eggs are immersed in it for a few hours, the distinct red, white, and yellow colors may be seen when the eggs are sliced.[53] If marinated for several days or more, the red color will reach the yolk.[53] If the eggs are marinated in the mixture for several weeks or more, the vinegar will dissolve much of the shell's calcium carbonate and penetrate the egg, making it acidic enough to inhibit the growth of bacteria and molds.[52] Pickled eggs made this way generally keep for a year or more without refrigeration.[52]
A century egg or hundred-year-old egg is preserved by coating an egg in a mixture of clay, wood ash, salt, lime, and rice straw for several weeks to several months, depending on the method of processing. After the process is completed, the yolk becomes a dark green, cream-like substance with a strong odor of sulfur and ammonia, while the white becomes a dark brown, transparent jelly with a comparatively mild, distinct flavor. The transforming agent in a century egg is its alkaline material, which gradually raises the pH of the egg from approximately 9 to 12 or more.[54] This chemical process breaks down some of the complex, flavorless proteins and fats of the yolk into simpler, flavorful ones, which in some way may be thought of as an ""inorganic"" version of fermentation.
Egg yolks and whole eggs store significant amounts of protein and choline.[57][58] Due to their protein content, the United States Department of Agriculture formerly categorized eggs as Meat within the Food Guide Pyramid (now MyPlate).[57] Under the Protein Digestibility Corrected Amino Acid Score (PDCAAS) system, they score the maximum value of 1.0, and under the Digestible Indispensable Amino Acid Score (DIAAS) system, they are also classified as an excellent-quality protein source.[59]
A 50-gram (1.8 oz) medium/large chicken egg provides approximately 70 kilocalories (290 kJ) of food energy and 6 grams of protein.[60][61]
Cooking methods affect the nutritional values of eggs.[clarification needed] For example, a large whole chicken egg contains approximately 0.45 - 0.5 μg of vitamin B12, which is concentrated in the yolk. Different cooking methods retain varying amounts of this vitamin; scrambled eggs lose about 5%, lightly fried eggs 5 - 15%,  and hard-boiled up to 20%.[62] Studies have also found that the average absorption of vitamin B12 from fried or boiled eggs is more than twice that from scrambled eggs.[63] Eggs (boiled) supply several vitamins and minerals as significant amounts of the Daily Value (DV), including (per 100g) vitamin A (19% DV), riboflavin (42% DV), pantothenic acid (28% DV), vitamin B12 (46% DV), choline (60% DV), phosphorus (25% DV), zinc (11% DV) and vitamin D (15% DV).
The diet of laying hens also may affect the nutritional quality of eggs. For instance, chicken eggs that are especially high in omega-3 fatty acids are produced by feeding hens a diet containing polyunsaturated fats from sources such as fish oil, chia seeds, or flaxseeds.[64] Pasture-raised free-range hens, which forage for their own food, also produce eggs that are relatively enriched in omega-3 fatty acids when compared to those of cage-raised chickens.[65][66]
A 2010 USDA study determined there were no significant differences of macronutrients in various chicken eggs.[67]
Cooked eggs are easier to digest than raw eggs,[68] as well as having a lower risk of salmonellosis.[69]
More than half the calories found in eggs come from the fat in the yolk; 50 grams of chicken egg (the contents of an egg just large enough to be classified as ""large"" in the US, but ""medium"" in Europe) contains approximately five grams of fat. Saturated fat (palmitic, stearic, and myristic acids) makes up 33 percent of the fat in an egg; monounsaturated fat makes up 38 percent; polyunsaturated makes up 20 percent; and cholesterol makes up 4 percent.[70] The egg white consists primarily of water (88 percent) and protein (11 percent), with no cholesterol and 0.2 percent fat.[71]
There is debate over whether egg yolk presents a health risk. Some research suggests dietary cholesterol increases the ratio of total to HDL cholesterol and, therefore, adversely affects the body's cholesterol profile;[72] whereas other studies show that moderate consumption of eggs, up to one a day, does not appear to increase heart disease risk in healthy individuals.[73] Harold McGee argues that the cholesterol in the egg yolk is not what causes a problem, because fat (particularly saturated fat) is much more likely to raise cholesterol levels than the consumption of cholesterol.[20]
Studies have shown conflicting results about a possible connection between egg consumption and type 2 diabetes.
A meta-analysis from 2013 found that eating four eggs per week was associated with a 29 percent increase in the relative risk of developing diabetes.[74] Another meta-analysis from 2013 also supported the idea that egg consumption may lead to an increased incidence of type two diabetes.[75] A 2016 meta-analysis suggested that association of egg consumption with increased risk of incident type 2 diabetes may be restricted to cohort studies from the United States.[76]
A 2020 meta-analysis found that there was no overall association between moderate egg consumption and risk of type 2 diabetes and that the risk found in US studies was not found in European or Asian studies.[77]
A 2015 meta-analysis found an association between higher egg consumption (five a week) with increased risk of breast cancer compared to no egg consumption.[78] Another meta-analysis found that egg consumption may increase ovarian cancer risk.[79]
A 2019 meta-analysis found an association between high egg consumption and risk of upper aero-digestive tract cancers in hospital-based case-control studies.[80]
A 2021 review did not find a significant association between egg consumption and breast cancer.[81] A 2021 umbrella review found that egg consumption significantly increases the risk of ovarian cancer.[82]
One systematic review and meta-analysis of egg consumption found that higher consumption of eggs (more than 1 egg/day) was associated with a significant reduction in risk of coronary artery disease.[83] Another systematic review and meta-analysis of dietary cholesterol and egg consumption found that egg consumption was associated with an increased all-cause mortality and CVD mortality.[84] These contrary results may be due to somewhat different methods of study selection and the use primarily of observational studies, where confounding factors are not controlled.[85]
A 2018 meta-analysis of randomized clinical trials found that consumption of eggs increases total cholesterol (TC), LDL-C and HDL-C compared to no egg-consumption but not to low-egg control diets.[86] In 2020, two meta-analyses found that moderate egg consumption (up to one egg a day) is not associated with an increased cardiovascular disease risk.[87][88] A 2020 umbrella review concluded that increased egg consumption is not associated with cardiovascular disease risk in the general population.[89] Another umbrella review found no association between egg consumption and cardiovascular disorders.[90]
A 2013 meta-analysis found no association between egg consumption and heart disease or stroke.[91][92] A 2013 systematic review and meta-analysis found no association between egg consumption and cardiovascular disease or cardiovascular disease mortality, but did find egg consumption of more than once daily increased cardiovascular disease risk 1.69-fold in those with type 2 diabetes mellitus when compared to type 2 diabetics who ate less than one egg per week.[75] Another 2013 meta-analysis found that eating four eggs per week increased the risk of cardiovascular disease by six percent.[74]
Eggs are one of the largest sources of phosphatidylcholine (lecithin) in the human diet.[93] A study published in the scientific journal, Nature, showed that dietary phosphatidylcholine is digested by bacteria in the gut and eventually converted into the compound TMAO, a compound linked with increased heart disease.[94][95] Another study found that type 2 diabetes mellitus and kidney disease also increase TMAO levels and that evidence for a link between TMAO and cardiovascular diseases may be due to confounding or reverse causality.[96]
Egg consumption does not increase hypertension risk.[97][98] A 2016 meta-analysis found that consumption of up to one egg a day may contribute to a decreased risk of total stroke.[99] Two recent meta-analyses found no association between egg intake and risk of stroke.[100][101]
A 2019 meta-analysis revealed that egg consumption has no significant effect on serum biomarkers of inflammation.[102] A 2021 review of clinical trials found that egg consumption has beneficial effects on macular pigment optical density and serum lutein.[103]
A health issue associated with eggs is contamination by pathogenic bacteria, such as Salmonella enteritidis. Contamination of eggs with other members of the genus Salmonella while exiting a female bird via the cloaca may occur, so care must be taken to prevent the egg shell from becoming contaminated with fecal matter. In commercial practice in the US, eggs are quickly washed with a sanitizing solution within minutes of being laid. The risk of infection from raw or undercooked eggs is dependent in part upon the sanitary conditions under which the hens are kept.
Health experts advise people to refrigerate washed eggs, use them within two weeks, cook them thoroughly, and never consume raw eggs.[69] As with meat, containers and surfaces that have been used to process raw eggs should not come in contact with ready-to-eat food.
A study by the U.S. Department of Agriculture in 2002 (Risk Analysis April 2002 22(2):203-18) suggests the problem is not so prevalent in the U.S. as once thought. It showed that of the 69 billion eggs produced annually, only 2.3 million are contaminated with Salmonella—equivalent to just one in every 30,000 eggs—thus showing Salmonella infection is quite rarely induced by eggs. This has not been the case in other countries, however, where Salmonella enteritidis and Salmonella typhimurium infections due to egg consumption are major concerns.[104][105][106]
Egg shells act as hermetic seals that guard against bacteria entering, but this seal can be broken through improper handling or if laid by unhealthy chickens. Most forms of contamination enter through such weaknesses in the shell. In the UK, the British Egg Industry Council awards the lions stamp to eggs that, among other things, come from hens that have been vaccinated against Salmonella.[107][108][109]
In 2017, authorities blocked millions of eggs from sale in the Netherlands, Belgium, and Germany because of contamination with the insecticide fipronil.[110]
One of the most common food allergies in infants is eggs.[111] Infants usually have the opportunity to grow out of this allergy during childhood, if exposure is minimized.[112] Allergic reactions against egg white are more common than reactions against egg yolks.[113] In addition to true allergic reactions, some people experience a food intolerance to egg whites.[113] Food labeling practices in most developed countries now include eggs, egg products, and the processing of foods on equipment that also process foods containing eggs in a special allergen alert section of the ingredients on the labels.[114]
Most commercially farmed chicken eggs intended for human consumption are unfertilized, since the laying hens are kept without roosters. Fertile eggs may be eaten, with little nutritional difference when compared to the unfertilized. Fertile eggs will not contain a developed embryo, as refrigeration temperatures inhibit cellular growth for an extended period of time. Sometimes an embryo is allowed to develop, but eaten before hatching as with balut.
The U.S. Department of Agriculture grades eggs by the interior quality of the egg (see Haugh unit) and the appearance and condition of the egg shell. Eggs of any quality grade may differ in weight (size). Grade AA and Grade A eggs are best for frying and poaching, where appearance is important.
In Australia[115] and the European Union, eggs are graded by the hen raising method, free range, battery caged, etc.
Chicken eggs are graded by size for the purpose of sales. Some maxi eggs may have double-yolks and some farms separate out double-yolk eggs for special sale.[116]
Although eggshell color is a largely cosmetic issue, with no effect on egg quality or taste, it is a major issue in production due to regional and national preferences for specific colors, and the results of such preferences on demand. For example, in most regions of the United States, chicken eggs generally are white. However, brown eggs are more common in some parts of the Northeastern United States, particularly New England, where a television jingle for years proclaimed ""brown eggs are local eggs, and local eggs are fresh!"".[117] Local chicken breeds, including the Rhode Island Red, lay brown eggs. Brown eggs are preferred in China, Costa Rica, Ireland, France, and the United Kingdom. In Brazil and Poland, white chicken eggs are generally regarded as industrial, and brown or reddish ones are preferred. Small farms and smallholdings, particularly in economically advanced nations, may sell eggs of widely varying colors and sizes, with combinations of white, brown, speckled (red), green, and blue (as laid by certain breeds, including araucanas,[118] heritage skyline, and cream leg bar) eggs in the same box or carton, while the supermarkets at the same time sell mostly eggs from the larger producers, of the color preferred in that nation or region.
These cultural trends have been observed for many years. The New York Times reported during the Second World War that housewives in Boston preferred brown eggs and those in New York preferred white eggs.[119] In February 1976, the New Scientist magazine, in discussing issues of chicken egg color, stated ""Housewives are particularly fussy about the colour of their eggs, preferring even to pay more for brown eggs although white eggs are just as good"".[120] As a result of these trends, brown eggs are usually more expensive to purchase in regions where white eggs are considered ""normal"", due to lower production.[121] In France and the United Kingdom, it is very difficult to buy white eggs, with most supermarkets supplying only the more popular brown eggs. By contrast, in Egypt it is very hard to source brown eggs, as demand is almost entirely for white ones, with the country's largest supplier describing white eggs as ""table eggs"" and packaging brown eggs for export.[122]
Research conducted by a French institute in the 1970s demonstrated blue chicken eggs from the Chilean araucana fowl may be stronger and more resilient to breakage.[120]
Research at Nihon University, Japan, in 1990 revealed that when Japanese housewives were deciding which eggs to buy, color was a distinct factor, with most Japanese housewives preferring the white color.[123]
Egg producers carefully consider cultural issues, as well as commercial ones, when selecting the breed or breeds of chickens used for production, as egg color varies between breeds.[124] Among producers and breeders, brown eggs often are referred to as ""tinted"", while the speckled eggs preferred by some consumers often are referred to as being ""red"" in color.[125]
Commercial factory farming operations often involve raising the hens in small, crowded cages, preventing the chickens from engaging in natural behaviors, such as wing-flapping, dust-bathing, scratching, pecking, perching, and nest-building. Such restrictions may lead to pacing and escape behavior.[126]
Many hens confined to battery cages, and some raised in cage-free conditions, are debeaked to prevent them from harming each other and engaging in cannibalism. According to critics of the practice, this can cause hens severe pain to the point where some may refuse to eat and starve to death. Some hens may be forced to molt to increase egg quality and production level after the molting.[127] Molting can be induced by extended food withdrawal, water withdrawal, or controlled lighting programs.
Laying hens often are euthanized when reaching 100 to 130 weeks of age, when their egg productivity starts to decline.[128] Due to modern selective breeding, laying hen strains differ from meat production strains. As male birds of the laying strain do not lay eggs and are not suitable for meat production, they generally are killed soon after they hatch.[129]
Free-range eggs are considered by some advocates to be an acceptable substitute to factory-farmed eggs. Free-range laying hens are given outdoor access instead of being contained in crowded cages. Questions regarding the living conditions of free-range hens have been raised in the United States of America, as there is no legal definition or regulations for eggs labeled as free-range in that country.[130]
In the United States, increased public concern for animal welfare has pushed various egg producers to promote eggs under a variety of standards. The most widespread standard in use is determined by United Egg Producers through their voluntary program of certification.[131] The United Egg Producers program includes guidelines regarding housing, food, water, air, living space, beak trimming, molting, handling, and transportation, however, opponents such as The Humane Society have alleged UEP certification is misleading and allows a significant amount of unchecked animal cruelty.[132] Other standards include ""Cage Free"", ""Natural"", ""Certified Humane"", and ""Certified Organic"". Of these standards, ""Certified Humane"", which carries requirements for stocking density and cage-free keeping and so on, and ""Certified Organic"", which requires hens to have outdoor access and to be fed only organic vegetarian feed and so on, are the most stringent.[133][134]
Effective 1 January 2012, the European Union banned conventional battery cages for egg-laying hens, as outlined in EU Directive 1999/74/EC.[135] The EU permits the use of ""enriched"" furnished cages that must meet certain space and amenity requirements. Egg producers in many member states have objected to the new quality standards while in some countries, even furnished cages and family cages are subject to be banned as well. The production standard of the eggs is visible on a mandatory egg marking categorization where the EU egg code begins with 3 for caged chicken to 1 for free-range eggs and 0 for organic egg production.
In all methods of egg production, unwanted male chicks are killed at birth during the process of securing a further generation of egg-laying hens.[136] As of June 2023, this practice has been banned in Germany, France, Luxembourg, and Italy.[137][138] Some egg producers have begun using in-ovo sexing to analyze the sex of a chick before it hatches, allowing them to remove male eggs from incubation and avoid chick culling.[139] As of April 2025, five companies offer commercially available in-ovo sexing technology, which is used for 28 percent of the European layer population.[140]
A popular Easter tradition in some parts of the world is a decoration of hard-boiled eggs (usually by dyeing, but often by spray-painting). A similar tradition of egg painting exists in areas of the world influenced by the culture of Persia. Before the spring equinox in the Persian New Year tradition (called Norouz), each family member decorates a hard-boiled egg and they set them together in a bowl.[141] In Northern Europe and North America, Easter eggs may be hidden by adults for children to find in an Easter egg hunt. They may be rolled in some traditions.[142] In Eastern and Central Europe, and parts of England, easter eggs may be tapped against each other to see whose egg breaks first.[143]
Since the sixteenth century, the tradition of a dancing egg is held during the feast of Corpus Christi in Barcelona and other Catalan cities. It consists of a hollow eggshell, positioned over the water jet from a fountain, which causes the eggshell to revolve without falling.[144]
This article incorporates text from a free content work. Licensed under CC BY 4.0 (license statement/permission). Text taken from World Food and Agriculture – Statistical Yearbook 2025​, Food and Agriculture Organization of the United Nations.
",human hominid consumed egg million year widely consumed egg fowl especially chicken people southeast asia began harvesting chicken egg food bce egg bird duck ostrich eaten regularly much less commonly chicken people may also eat egg reptile amphibian fish fish egg consumed food known roe caviar hen creature raised throughout world mass production chicken egg global industry estimated million metric ton egg produced worldwide total laying flock approximately billion hen issue regional variation demand expectation well current debate concerning method mass production european union banned battery husbandry chicken bird egg valuable foodstuff since prehistory hunting society recent culture bird domesticated chicken likely domesticated egg jungle fowl native tropical subtropical southeast asia indian subcontinent bce chicken brought sumer egypt bce arrived greece around bce quail primary source egg thebe egypt tomb haremhab dating approximately bce show depiction man carrying bowl ostrich egg large egg presumably pelican offering ancient rome egg preserved using number method meal often started egg course roman crushed shell plate prevent evil spirit hiding babylonian talmud jewish work late antiquity state egg better six log farina middle age egg forbidden lent richness although motivation forgoing egg lent entirely religious annual pause egg consumption allowed farmer rest flock also limit hen consumption feed time year food stock usually scarce egg scrambled acidic fruit juice popular france seventeenth century may origin lemon curd dried egg industry developed nineteenth century rise frozen egg industry company louis missouri started transform egg yolk egg white substance using drying process production dried egg significantly expanded world war ii use united state armed force ally egg carton invented joseph coyle smithers british columbia solve dispute broken egg farmer bulkley valley owner aldermere hotel early egg carton made paper polystyrene egg carton became popular latter half twentieth century perceived offer better protection especially heat breakage however century environmental consideration led return biodegradable paper carton often made recycled material became widely used whereas wild asian fowl domesticated chicken descended typically lay dozen egg year breeding season several millennium selective breeding produced domesticated hen capable laying three hundred egg annually lay egg year round bird egg common food one versatile ingredient used cooking important many branch modern food industry commonly used bird egg chicken duck goose smaller egg quail egg used occasionally gourmet ingredient western country egg common everyday food many part asia china thailand asian production providing percent world total largest bird egg ostrich egg tend used special luxury food gull egg considered delicacy england well scandinavian country particularly norway african country guineafowl egg often seen marketplace especially spring year pheasant egg emu egg edible less widely available sometimes obtainable farmer poulterer luxury grocery store many country wild bird egg protected law prohibit collecting selling permit collection specific period year world production chicken egg million tonne largest producer china million total united state million india million mexico million japan million brazil russia million largest egg factory british columbia example ship million egg per week month january united state produced billion egg billion table consumption billion raising chick american projected consume egg highest since less egg eaten per person world hen egg production reached million tonne increase translates additional million tonne period production egg candled check quality size egg air cell determined fertilization took place three six day earlier prior candling blood vessel typically seen evidence egg contains embryo contrary common misconception conclusive evidence fertilization blood vessel denote ordinary rupture egg yolk surface egg forming depending local regulation egg may washed placed egg box although washing may shorten length freshness bird reptile egg consist protective eggshell albumen egg white vitellus egg yolk contained within various thin membrane egg yolk suspended egg white one two spiral band tissue called chalaza greek word χάλαζα meaning lump shape chicken egg resembles prolate spheroid one end larger cylindrical symmetry along long axis larger end egg contains air cell form content egg cool contract laid chicken egg graded according size air cell measured candling fresh egg small air cell receives grade aa size air cell increase quality egg decrease grade move aa provides way testing age egg air cell increase size due air drawn pore shell water lost egg becomes less dense larger end egg rise increasingly shallower depth egg placed bowl water old egg float water eaten especially foul odor detected egg cracked open eggshell color caused pigment deposition egg formation oviduct may vary according specie breed common white brown pink speckled brown pigment protoporphyrin ix precursor heme blue pigment biliverdin product breakdown heme generally chicken breed white ear lobe lay white egg whereas chicken red ear lobe lay brown egg although significant link shell color nutritional value often cultural preference one color another see color eggshell candling less effective brown egg significantly higher incidence blood spot eggshell membrane clear film lining eggshell visible one peel boiled egg primarily composed fibrous protein collagen type membrane may used commercially dietary supplement white common name clear liquid also called albumen contained within egg colorless transparent initially upon cooking turn white opaque chicken formed layer secretion anterior section hen oviduct passage egg form around fertilized unfertilized yolk primary natural purpose egg white protect yolk provide additional nutrition growth embryo egg white consists primarily approximately percent water dissolved percent protein including albumin mucoproteins globulin unlike yolk high lipid fat egg white contains almost fat carbohydrate content less one percent egg white many us food many application including preparation vaccine influenza yolk newly laid egg round firm yolk age absorbs water albumen increase size cause stretch weaken vitelline membrane clear casing enclosing yolk resulting effect flattened enlarged yolk shape yolk color dependent diet hen diet contains yellow orange plant pigment known xanthophyll deposited yolk coloring lutein abundant pigment egg yolk diet without colorful food may result almost colorless yolk yolk color example enhanced diet includes food yellow maize marigold petal u use artificial color additive forbidden abnormality found egg purchased human consumption include chicken egg widely used many type dish sweet savory including many baked good common preparation method include scrambled fried poached boiled omelette pickled also may eaten raw although recommended people may especially susceptible salmonellosis elderly infirm pregnant woman addition protein raw egg percent bioavailable whereas cooked egg nearer percent bioavailable meaning protein cooked egg nearly twice absorbable protein raw egg cooking ingredient egg yolk important emulsifier kitchen also used thickener custard albumen egg white contains protein little fat may used cooking separately yolk protein egg white allow form foam aerated dish egg white may aerated whipped light fluffy consistency often used dessert meringue mousse ground eggshell sometimes used food additive deliver calcium every part egg edible although eggshell generally discarded recipe call immature unlaid egg harvested hen slaughtered cooked still inside chicken egg contain multiple protein gel different temperature within yolk white temperature determines gelling time egg yolk becomes gel solidifies egg white gel different temperature white contains exterior albumen set highest temperature practice many cooking process white gel first exposed higher temperature longer salmonella killed instantly also killed held temperature sufficiently long time period avoid issue salmonella egg may pasteurized hour minute although white slightly milkier egg may used normal way whipping meringue take significantly longer final volume virtually boiled egg overcooked greenish ring sometimes appears around egg yolk due change iron sulfur compound egg also may occur abundance iron cooking water overcooking harm quality protein chilling overcooked egg minute cold water completely cooled may prevent greenish ring forming surface yolk peeling cooked egg easiest egg put boiling water opposed slowly heating egg start cold water february scientist published research confirming periodic cooking egg best way preserve distinct texture part egg well nutritional value method requires alternating boiling lukewarm water two minute water two minute repeated eight time although age egg condition storage greater influence bird diet affect flavor egg example chicken breed eats rapeseed canola soy meal intestinal microbe metabolize triethylamine end egg unpredictable diet hen produce likewise unpredictable egg flavor duck egg tend flavor distinct still resembling chicken egg egg may soaked mixture absorb flavor tea egg common snack sold cart china steeped brew mixture various spice soy sauce black tea leaf give flavor hard boiled egg cracked slightly simmered marinade flavor also giving marble pattern careful storage edible egg extremely important improperly handled egg may contain elevated level salmonella bacteria may cause severe food poisoning u egg washed clean shell erodes cuticle usda thus recommends refrigerating egg prevent growth salmonella refrigeration also preserve taste texture unreliable source europe egg usually washed shell dirtier however cuticle undamaged require refrigeration unreliable source uk particular hen immunized salmonella generally egg safe day simplest method preserve egg treat salt salt draw water bacteria mold prevents growth chinese salted duck egg made immersing duck egg brine coating individually paste salt mud clay egg stop absorbing salt approximately month reached osmotic equilibrium yolk take color solidify white remains somewhat liquid often boiled consumption served rice congee yolk also used mooncakes pastry another method make pickled egg boiling first immersing mixture vinegar salt spice ginger allspice frequently beetroot juice added impart red color egg egg immersed hour distinct red white yellow color may seen egg sliced marinated several day red color reach yolk egg marinated mixture several week vinegar dissolve much shell calcium carbonate penetrate egg making acidic enough inhibit growth bacteria mold pickled egg made way generally keep year without refrigeration century egg egg preserved coating egg mixture clay wood ash salt lime rice straw several week several month depending method processing process completed yolk becomes dark green substance strong odor sulfur ammonia white becomes dark brown transparent jelly comparatively mild distinct flavor transforming agent century egg alkaline material gradually raise ph egg approximately chemical process break complex flavorless protein fat yolk simpler flavorful one way may thought inorganic version fermentation egg yolk whole egg store significant amount protein choline due protein content united state department agriculture formerly categorized egg meat within food guide pyramid myplate protein digestibility corrected amino acid score pdcaas system score maximum value digestible indispensable amino acid score diaas system also classified protein source oz chicken egg provides approximately kilocalorie kj food energy gram protein cooking method affect nutritional value egg clarification needed example large whole chicken egg contains approximately μg vitamin concentrated yolk different cooking method retain varying amount vitamin scrambled egg lose lightly fried egg study also found average absorption vitamin fried boiled egg twice scrambled egg egg boiled supply several vitamin mineral significant amount daily value dv including per vitamin dv riboflavin dv pantothenic acid dv vitamin dv choline dv phosphorus dv zinc dv vitamin dv diet laying hen also may affect nutritional quality egg instance chicken egg especially high fatty acid produced feeding hen diet containing polyunsaturated fat source fish oil chia seed flaxseed hen forage food also produce egg relatively enriched fatty acid compared chicken usda study determined significant difference macronutrients various chicken egg cooked egg easier digest raw egg well lower risk salmonellosis half calorie found egg come fat yolk gram chicken egg content egg large enough classified large u medium europe contains approximately five gram fat saturated fat palmitic stearic myristic acid make percent fat egg monounsaturated fat make percent polyunsaturated make percent cholesterol make percent egg white consists primarily water percent protein percent cholesterol percent fat debate whether egg yolk present health risk research suggests dietary cholesterol increase ratio total hdl cholesterol therefore adversely affect body cholesterol profile whereas study show moderate consumption egg one day appear increase heart disease risk healthy individual harold mcgee argues cholesterol egg yolk cause problem fat particularly saturated fat much likely raise cholesterol level consumption cholesterol study shown conflicting result possible connection egg consumption type diabetes found eating four egg per week associated percent increase relative risk developing diabetes another also supported idea egg consumption may lead increased incidence type two diabetes suggested association egg consumption increased risk incident type diabetes may restricted cohort study united state found overall association moderate egg consumption risk type diabetes risk found u study found european asian study found association higher egg consumption five week increased risk breast cancer compared egg consumption another found egg consumption may increase ovarian cancer risk found association high egg consumption risk upper tract cancer study review find significant association egg consumption breast cancer umbrella review found egg consumption significantly increase risk ovarian cancer one systematic review egg consumption found higher consumption egg associated significant reduction risk coronary artery disease another systematic review dietary cholesterol egg consumption found egg consumption associated increased mortality cvd mortality contrary result may due somewhat different method study selection use primarily observational study confounding factor controlled randomized clinical trial found consumption egg increase total cholesterol tc compared control diet two found moderate egg consumption one egg day associated increased cardiovascular disease risk umbrella review concluded increased egg consumption associated cardiovascular disease risk general population another umbrella review found association egg consumption cardiovascular disorder found association egg consumption heart disease stroke systematic review found association egg consumption cardiovascular disease cardiovascular disease mortality find egg consumption daily increased cardiovascular disease risk type diabetes mellitus compared type diabetic ate less one egg per week another found eating four egg per week increased risk cardiovascular disease six percent egg one largest source phosphatidylcholine lecithin human diet study published scientific journal nature showed dietary phosphatidylcholine digested bacteria gut eventually converted compound tmao compound linked increased heart disease another study found type diabetes mellitus kidney disease also increase tmao level evidence link tmao cardiovascular disease may due confounding reverse causality egg consumption increase hypertension risk found consumption one egg day may contribute decreased risk total stroke two recent found association egg intake risk stroke revealed egg consumption significant effect serum biomarkers inflammation review clinical trial found egg consumption beneficial effect macular pigment optical density serum lutein health issue associated egg contamination pathogenic bacteria salmonella enteritidis contamination egg member genus salmonella exiting female bird via cloaca may occur care must taken prevent egg shell becoming contaminated fecal matter commercial practice u egg quickly washed sanitizing solution within minute laid risk infection raw undercooked egg dependent part upon sanitary condition hen kept health expert advise people refrigerate washed egg use within two week cook thoroughly never consume raw egg meat container surface used process raw egg come contact food study department agriculture risk analysis april suggests problem prevalent thought showed billion egg produced annually million contaminated salmonella equivalent one every egg thus showing salmonella infection quite rarely induced egg case country however salmonella enteritidis salmonella typhimurium infection due egg consumption major concern egg shell act hermetic seal guard bacteria entering seal broken improper handling laid unhealthy chicken form contamination enter weakness shell uk british egg industry council award lion stamp egg among thing come hen vaccinated salmonella authority blocked million egg sale netherlands belgium germany contamination insecticide fipronil one common food allergy infant egg infant usually opportunity grow allergy childhood exposure minimized allergic reaction egg white common reaction egg yolk addition true allergic reaction people experience food intolerance egg white food labeling practice developed country include egg egg product processing food equipment also process food containing egg special allergen alert section ingredient label commercially farmed chicken egg intended human consumption unfertilized since laying hen kept without rooster fertile egg may eaten little nutritional difference compared unfertilized fertile egg contain developed embryo refrigeration temperature inhibit cellular growth extended period time sometimes embryo allowed develop eaten hatching balut department agriculture grade egg interior quality egg see haugh unit appearance condition egg shell egg quality grade may differ weight size grade aa grade egg best frying poaching appearance important australia european union egg graded hen raising method free range battery caged etc chicken egg graded size purpose sale maxi egg may farm separate egg special sale although eggshell color largely cosmetic issue effect egg quality taste major issue production due regional national preference specific color result preference demand example region united state chicken egg generally white however brown egg common part northeastern united state particularly new england television jingle year proclaimed brown egg local egg local egg fresh local chicken breed including rhode island red lay brown egg brown egg preferred china costa rica ireland france united kingdom brazil poland white chicken egg generally regarded industrial brown reddish one preferred small farm smallholding particularly economically advanced nation may sell egg widely varying color size combination white brown speckled red green blue laid certain breed including araucanas heritage skyline cream leg bar egg box carton supermarket time sell mostly egg larger producer color preferred nation region cultural trend observed many year new york time reported second world war housewife boston preferred brown egg new york preferred white egg february new scientist magazine discussing issue chicken egg color stated housewife particularly fussy colour egg preferring even pay brown egg although white egg good result trend brown egg usually expensive purchase region white egg considered normal due lower production france united kingdom difficult buy white egg supermarket supplying popular brown egg contrast egypt hard source brown egg demand almost entirely white one country largest supplier describing white egg table egg packaging brown egg export research conducted french institute demonstrated blue chicken egg chilean araucana fowl may stronger resilient breakage research nihon university japan revealed japanese housewife deciding egg buy color distinct factor japanese housewife preferring white color egg producer carefully consider cultural issue well commercial one selecting breed breed chicken used production egg color varies breed among producer breeder brown egg often referred tinted speckled egg preferred consumer often referred red color commercial factory farming operation often involve raising hen small crowded cage preventing chicken engaging natural behavior scratching pecking perching restriction may lead pacing escape behavior many hen confined battery cage raised condition debeaked prevent harming engaging cannibalism according critic practice cause hen severe pain point may refuse eat starve death hen may forced molt increase egg quality production level molting molting induced extended food withdrawal water withdrawal controlled lighting program laying hen often euthanized reaching week age egg productivity start decline due modern selective breeding laying hen strain differ meat production strain male bird laying strain lay egg suitable meat production generally killed soon hatch egg considered advocate acceptable substitute egg laying hen given outdoor access instead contained crowded cage question regarding living condition hen raised united state america legal definition regulation egg labeled country united state increased public concern animal welfare pushed various egg producer promote egg variety standard widespread standard use determined united egg producer voluntary program certification united egg producer program includes guideline regarding housing food water air living space beak trimming molting handling transportation however opponent humane society alleged uep certification misleading allows significant amount unchecked animal cruelty standard include cage free natural certified humane certified organic standard certified humane carry requirement stocking density keeping certified organic requires hen outdoor access fed organic vegetarian feed stringent effective january european union banned conventional battery cage hen outlined eu directive eu permit use enriched furnished cage must meet certain space amenity requirement egg producer many member state objected new quality standard country even furnished cage family cage subject banned well production standard egg visible mandatory egg marking categorization eu egg code begin caged chicken egg organic egg production method egg production unwanted male chick killed birth process securing generation hen june practice banned germany france luxembourg italy egg producer begun using sexing analyze sex chick hatch allowing remove male egg incubation avoid chick culling april five company offer commercially available sexing technology used percent european layer population popular easter tradition part world decoration egg usually dyeing often similar tradition egg painting exists area world influenced culture persia spring equinox persian new year tradition called norouz family member decorates egg set together bowl northern europe north america easter egg may hidden adult child find easter egg hunt may rolled tradition eastern central europe part england easter egg may tapped see whose egg break first since sixteenth century tradition dancing egg held feast corpus christi barcelona catalan city consists hollow eggshell positioned water jet fountain cause eggshell revolve without falling article incorporates text free content work licensed cc license text taken world food agriculture statistical yearbook food agriculture organization united nation
Document 8,Pet - Wikipedia,"
A pet, or companion animal, is an animal kept primarily for a person's company or entertainment rather than as a working animal, livestock, or a laboratory animal. Popular pets are often considered to have attractive/cute appearances, intelligence, and relatable personalities, but some pets may be taken in on an altruistic basis (such as a stray animal) and accepted by the owner regardless of these characteristics.
Two of the most popular pets are dogs and cats. Other animals commonly kept include rabbits; ferrets; pigs; rodents such as gerbils, hamsters, chinchillas, rats, mice, and guinea pigs; birds such as parrots, passerines, and fowls; reptiles such as turtles, lizards, snakes, and iguanas; aquatic pets such as fish, freshwater snails, and saltwater snails; amphibians such as frogs and salamanders; and arthropod pets such as tarantulas and hermit crabs. Smaller pets include rodents, while the equine and bovine group include the largest companion animals.
Pets provide their owners, or guardians,[1] both physical and emotional benefits. Walking a dog can provide both the human and the dog with exercise, fresh air, and social interaction. Pets can give companionship to people who are living alone or elderly adults who do not have adequate social interaction with other people. There is a medically approved class of therapy animals that are brought to visit confined humans, such as children in hospitals or elders in nursing homes. Pet therapy utilizes trained animals and handlers to achieve specific physical, social, cognitive, or emotional goals with patients.
People most commonly get pets for companionship, to protect a home or property, or because of the perceived beauty or attractiveness of the animals.[2] A 1994 Canadian study found that the most common reasons for not owning a pet were lack of ability to care for the pet when traveling (34.6%), lack of time (28.6%), and lack of suitable housing (28.3%), with dislike of pets being less common (19.6%).[2] Some scholars, ethicists, and animal rights organizations have raised concerns over keeping pets about the perceived lack of autonomy and objectification of animals.[3]
In China, spending on domestic animals has grown from an estimated $3.12 billion in 2010 to $25 billion in 2018. The Chinese people own 51 million dogs and 41 million cats, with pet owners often preferring to source pet food internationally.[4] There are a total of 755 million pets, increased from 389 million in 2013.[5]
A survey in 2002 found approximately 45 million pets in Italy, including 7 million dogs, 7.5 million cats, 16 million fish, 12 million birds and 10 thousand snakes.[6]
A 2007 survey by the University of Bristol found that 26% of UK households owned cats and 31% owned dogs, estimating total domestic populations of approximately 10.3 million cats and 10.5 million dogs in 2006.[7] The survey also found that 47.2% of households with a cat had at least one person educated to degree level, compared with 38.4% of homes with dogs.[8]
There are approximately 86.4 million pet cats and approximately 78.2 million pet dogs in the United States,[9][10] and a United States 2007–2008 survey showed that dog-owning households outnumbered those owning cats, but that the total number of pet cats was higher than that of dogs. The same was true for 2011.[11] In 2013, pets outnumbered children four to one in the United States.[12]
Keeping animals as pets may be detrimental to their health if certain requirements are not met. An important issue is inappropriate feeding, which may produce clinical effects. The consumption of chocolate or grapes can be fatal to dogs. Similarly, onions and garlic can lead to hemolytic anemia in dogs. Certain species of houseplants can also prove toxic if consumed by pets. Examples include philodendrons and Easter lilies, which can cause severe kidney damage to cats,[15][16] and poinsettias, begonia, and aloe vera, which are mildly toxic to dogs.[17][18] For birds, chocolate can be deadly, and foods intended for human consumption, such as bread, crackers, and dairy items, can potentially cause health problems.
House pets, particularly dogs and cats in industrialized societies, are highly susceptible to obesity. Overweight pets have been shown to be at a higher risk of developing diabetes, liver problems, joint pain, kidney failure, and cancer. Lack of exercise and high-caloric diets are considered to be the primary contributors to pet obesity.[19][20][21]
It is widely believed among the public, and among many scientists, that pets probably bring mental and physical health benefits to their owners;[22] a 1987 NIH statement cautiously argued that existing data was ""suggestive"" of a significant benefit.[23] A recent dissent comes from a 2017 RAND study, which found that at least in the case of children, having a pet per se failed to improve physical or mental health by a statistically significant amount; instead, the study found children who were already prone to being healthy were more likely to get pets in the first place.[22][24][25] Conducting long-term randomized trials to settle the issue would be costly or infeasible.[23][25]
Pets might have the ability to stimulate their caregivers, in particular the elderly, giving people someone to take care of, someone to exercise with, and someone to help them heal from a physically or psychologically troubled past.[23][26][27] Animal company can also help people to preserve acceptable levels of happiness despite the presence of mood symptoms like anxiety or depression.[28] Having a pet may also help people achieve health goals, such as lowered blood pressure, or mental goals, such as decreased stress.[29][30][31][32][33][34]
There is evidence that having a pet can help a person lead a longer, healthier life. In a 1986 study of 92 people hospitalized for coronary ailments, within a year, 11 of the 29 patients without pets had died, compared to only 3 of the 52 patients who had pets.[27] Having pet(s) was shown to significantly reduce triglycerides, and thus heart disease risk, in the elderly.[35] A National Institute of Health study found that dog owners are less likely to die from a heart attack than non-owners.[36] There is some evidence that pets may have a therapeutic effect in dementia cases.[37] Other studies have shown that for the elderly, good health may be a requirement for having a pet, and not a result.[38] Dogs trained to be guide dogs can help people with vision impairment. Dogs trained in the field of Animal-Assisted Therapy (AAT) can also benefit people with other disabilities.[23][39]
People residing in a long-term care facility, such as a hospice or nursing home, may experience health benefits from pets. Pets help them to cope with the emotional issues related to their illness. They also offer physical contact with another living creature, something that is often missing in an elder's life.[9][40] Pets for nursing homes are chosen based on the size of the pet, the amount of care that the breed needs, and the population and size of the care institution.[27] Appropriate pets go through a screening process and, if it is a dog, additional training programs to become a therapy dog.[41] There are three types of therapy dogs: facility therapy dogs, animal-assisted therapy dogs, and therapeutic visitation dogs. The most common therapy dogs are therapeutic visitation dogs. These dogs are household pets whose handlers take time to visit hospitals, nursing homes, detention facilities, and rehabilitation facilities.[26] Different pets require varying amounts of attention and care; for example, cats may have lower maintenance requirements than dogs.[42]
In addition to offering health benefits to their owners, pets also influence their owners' social lives and connections within their communities. Research suggests that pets may facilitate social interactions, fostering communication and engagement among individuals.[43] Assistant Professor of Sociology at the University of Colorado at Boulder, Leslie Irvine has focused her attention on pets of the homeless population. Her studies of pet ownership among the homeless found that many modify their life activities for fear of losing their pets. Pet ownership prompts them to act responsibly, with many making a deliberate choice not to drink or use drugs, and to avoid contact with substance abusers or those involved in any criminal activity for fear of being separated from their pet. Additionally, many refuse to house in shelters if their pet is not allowed to stay with them.[44]
Health risks that are associated with pets include:
Pet parenting refers to the raising of pets, particularly dogs and cats, using typical childrearing techniques[46][47] and terminology (e.g. ""dog mom,""[48] ""cat mom,""[49] ""cat dad,"" etc.). Pet parenting is associated with urbanism,[50] lower fertility rates,[51] and economic and social flexibility[51][52] and has been inclining in recent years, especially in the United States. Some pet parents intentionally substitute children for pets as a part of the childfree movement or due to poverty.
Many pet parents see pets' needs as more manageable than a child's needs.[53][52] Many pet parents believe they cannot afford to give a child a good life with their income.[53] 1 in 10 Americans have delayed raising a child or chosen to not raise children and opted for a pet instead due to financial reasons.[54] One study found a causal relationship between the Great Recession and increased pet ownership.[55]
Some pet parents report guilt for leaving pets at home during the workday and anxiety over their pet's health.[56] Raising a pet may fulfill a desire to nurture for individuals who struggle with fertility issues.[52] Childless pet parents are more attached to their pets than parents.[49][51] Pet parenting styles are often similar to child parenting styles.[51]  Pet owners generally see their pets as family members that go through life experiences together with them.[53]
The European Convention for the Protection of Pet Animals is a 1987 treaty of the Council of Europe – but accession to the treaty is open to all states in the world – to promote the welfare of pet animals and ensure minimum standards for their treatment and protection. It went into effect on 1 May 1992, and as of June 2020, it has been ratified by 24 states.[57]
Pets have commonly been considered private property, owned by individual persons. Many legal protections have existed (historically and today) with the intention of safeguarding pets' and other animals' well-being.[58][59][60][61] Since the year 2000, a small but increasing number of jurisdictions in North America have enacted laws redefining pet's owners as guardians. Intentions have been characterized as simply changing attitudes and perceptions but not legal consequences to working toward legal personhood for pets themselves. Some veterinarians and breeders have opposed these moves. The question of pets' legal status can arise with concern to purchase or adoption, custody, divorce, estate and inheritance, injury, damage, and veterinary malpractice.[62][63][64][65]
In the United Kingdom, the minimum age to own a pet is 16.[66]
States, cities, and towns in Western countries commonly enact local ordinances to limit the number or kind of pets a person may keep personally or for business purposes. Prohibited pets may be specific to certain breeds such as pit bulls or Rottweilers, they may apply to general categories of animals (such as livestock, exotic animals, wild animals, and canid or felid hybrids), or they may simply be based on the animal's size. Additional or different maintenance rules and regulations may also apply. Condominium associations and owners of rental properties also commonly limit or forbid tenants' keeping of pets.[67]
In Belgium and the Netherlands, the government publishes white lists and black lists (called 'positive' and 'negative lists') with animal species that are designated to be appropriate to be kept as pets (positive) or not (negative). The Dutch Ministry of Economic Affairs and Climate Policy originally established its first positive list (positieflijst) per 1 February 2015 for a set of 100 mammals (including cats, dogs and production animals) deemed appropriate as pets on the recommendations of Wageningen University.[68] Parliamentary debates about such a pet list date back to the 1980s, with continuous disagreements about which species should be included and how the law should be enforced.[69] In January 2017, the white list was expanded to 123 species, while the black list that had been set up was expanded (with animals like the brown bear and two great kangaroo species) to contain 153 species unfit for petting, such as the armadillo, the sloth, the European hare, and the wild boar.[70]
In January 2011, the Belgian Federal Agency for the Safety of the Food Chain stated that people are not allowed to kill miscellaneous or unknown cats walking in their garden, but ""nowhere in the law does it say that you can't eat your cat, dog, rabbit, fish or whatever. You just have to kill them in an animal-friendly way.""[71] Since 1 July 2014, it is illegal in the Netherlands for owners to kill their own cats and dogs kept as pets. Parakeets, guinea pigs, hamsters and other animals may still be killed by their owners, but nonetheless when owners mistreat their companion animals (for example, in the process of killing them), the owners can still be prosecuted under Dutch law.[72]
Pets have a considerable environmental impact, especially in countries where they are common or held in high densities. For instance, the 163 million dogs and cats kept in the United States consume about 20% of the amount of dietary energy that humans do and an estimated 33% of the animal-derived energy.[73][74] They produce about 30% ± 13%, by mass, as much feces as Americans, and through their diet, constitute about 25–30% of the environmental impacts from animal production in terms of the use of land, water, fossil fuel, phosphate, and biocides. Dog and cat animal product consumption is responsible for the release of up to 64 ± 16 million tons CO2-equivalent methane and nitrous oxide, two powerful greenhouse gasses. Americans are the largest pet owners in the world, but pet ownership in the US has considerable environmental costs.[74]
While many people have kept many different species of animals in captivity over the course of human history, only a relative few have been kept long enough to be considered domesticated. Other types of animal, notably monkeys, have never been domesticated but are still sold and kept as pets. Some wild animals are kept as pets, such as tigers, even though this is illegal. There is a market for illegal pets.
Domesticated pets are the most common. A domesticated animal is a species that has been made fit for a human environment,[75] by being consistently kept in captivity and selectively bred over a long enough period of time that it exhibits marked differences in behavior and appearance from its wild relatives. Domestication contrasts with taming, which is simply when an un-domesticated, wild animal has become tolerant of human presence, and perhaps even enjoys it.
Large mammals that might be kept as pets include alpaca, camel, cattle, donkey, goat, horse, llama, pig, reindeer, sheep and yak. Small mammals that might be kept as pets include: ferret, hedgehog, rabbit, sugar glider, and rodents, including rat, mouse, hamster, guinea pig, gerbil, and chinchilla. Other mammals include cat, dog, monkey, and domesticated silver fox.
Birds kept as pets include companion parrots like the budgie (parakeet) and cockatiel, fowl such as chickens, turkeys, ducks, geese, and quail, columbines, and passerines, namely finches and canaries.
Fish kept as pets include: goldfish, koi, Siamese fighting fish (Betta), barb, guppy, molly, Japanese rice fish (Medaka), and oscar.
Arthropods kept as pets include bees, such as honey bees and stingless bees, Silk moth, and ant farms.
Reptiles and amphibians kept as pets include snakes, turtles, axolotl, frogs and salamanders.
Wild animals are kept as pets. The term wild in this context specifically applies to any species of animal which has not undergone a fundamental change in behavior to facilitate a close co-existence with humans. Some species may have been bred in captivity for a considerable length of time, but are still not recognized as domesticated.
Generally, wild animals are recognized as not suitable to keep as pets, and this practice is completely banned in many places. In other areas, certain species are allowed to be kept, and it is usually required for the owner to obtain a permit. It is considered animal cruelty by some, as most often, wild animals require precise and constant care that is very difficult to meet in captive conditions. Many large and instinctively aggressive animals are extremely dangerous, and they have killed their handlers on numerous occasions.
Archaeology suggests that human ownership of dogs as pets may date back to at least 12,000 years ago.[76]
Ancient Greeks and Romans would openly grieve for the loss of a dog, evidenced by inscriptions left on tombstones commemorating their loss.[77] The surviving epitaphs dedicated to horses are more likely to reference a gratitude for the companionship that had come from war horses rather than race horses. The latter may have chiefly been commemorated as a way to further the owner's fame and glory.[78] In Ancient Egypt, dogs and baboons were kept as pets and buried with their owners. Dogs were given names, which is significant as Egyptians considered names to have magical properties.[79]
In the Old Testament passage in 2 Samuel 12, the prophet Nathan, in order to indicate to King David the seriousness of his adulterous and murderous affair with Bathsheba, uses the parable of a poor man's pet lamb being slaughtered by a rich neighbor who uses it to feed a guest. David, who had spent his youth as a shepherd and had compassion and affection for such a creature, becomes enraged at the rich man in the parable, only to be told by Nathan, ""You are the man!"" David, having been thus exposed as a hypocrite, confesses, ""I have sinned."" This is one of the only instances in Scripture of an animal being kept for companionship rather than for utilitarian purposes, apart from the acquisition of exotic animals by David's son King Solomon for a menagerie (2 Chronicles 9)
Throughout the 17th and 18th-century pet keeping in the modern sense gradually became accepted throughout Britain. Initially, aristocrats kept dogs for both companionship and hunting. Thus, pet keeping was a sign of elitism within society. By the 19th century, the rise of the middle class stimulated the development of pet keeping and it became inscribed within the bourgeois culture.[80]: 25
As the popularity of pet-keeping in the modern sense rose during the Victorian era, animals became a fixture within urban culture as commodities and decorative objects.[80]: 6  Pet keeping generated a commercial opportunity for entrepreneurs. By the mid-19th century, nearly twenty thousand street vendors in London dealt with live animals.[81]: 86  The popularity of animals also developed a demand for animal goods such as accessories and guides for pet keeping. Pet care developed into a big business by the end of the nineteenth century.[80]: 48
Profiteers also sought out pet stealing as a means for economic gain. Utilizing the affection that owners had for their pets, professional dog stealers would capture animals and hold them for ransom.[82]: 38–389  The development of dog stealing reflects the increased value of pets. Pets gradually became defined as the property of their owners. Laws were created that punished offenders for their burglary.[82]: 41
Pets and animals also had social and cultural implications throughout the nineteenth century. The categorization of dogs by their breeds reflected the hierarchical, social order of the Victorian era. The pedigree of a dog represented the high status and lineage of their owners and reinforced social stratification.[80]: 55  Middle-class owners valued the ability to associate with the upper-class through ownership of their pets. The ability to care for a pet signified respectability and the capability to be self-sufficient.[80]: 10  According to Harriet Ritvo, the identification of ""elite animal and elite owner was not a confirmation of the owner's status but a way of redefining it.""[81]: 104
The popularity of dog and pet keeping generated animal fancy. Dog fanciers showed enthusiasm for owning pets, breeding dogs, and showing dogs in various shows. The first dog show took place on 28 June 1859 in Newcastle and focused mostly on sporting and hunting dogs.[81]: 7–8  However, pet owners produced an eagerness to demonstrate their pets as well as have an outlet to compete.[81]: 98  Thus, pet animals gradually were included within dog shows. The first large show, which would host one thousand entries, took place in Chelsea in 1863.[81]: 66  The Kennel Club was created in 1873 to ensure fairness and organization within dog shows. The development of the Stud Book by the Kennel Club defined policies, presented a national registry system of purebred dogs, and essentially institutionalized dog shows.[81]: 104
Pet ownership by animals in the wild, as an analogue to the human phenomenon, has not been observed and is likely non-existent in nature.[83] One group of capuchin monkeys was observed appearing to care for a marmoset, a fellow New World monkey species; however, observations of chimpanzees apparently playing with small animals like hyraxes have ended with the chimpanzees killing the animals and tossing the corpses around.[84]
A 2010 study states that human relationships with animals have an exclusive human cognitive component and that pet-keeping is a fundamental and ancient attribute of the human species. Anthropomorphism, or the projection of human feelings, thoughts and attributes on to animals, is a defining feature of human pet-keeping. The study identifies it as the same trait in evolution responsible for domestication and concern for animal welfare. It is estimated to have arisen at least 100,000 years before present (ybp) in Homo sapiens.[83]
It is debated whether this redirection of human nurturing behaviour towards non-human animals, in the form of pet-keeping, was maladaptive, due to being biologically costly, or whether it was positively selected for.[85][86][83] Two studies suggest that the human ability to domesticate and keep pets came from the same fundamental evolutionary trait and that this trait provided a material benefit in the form of domestication that was sufficiently adaptive to be positively selected for.[83][86]: 300  A 2011 study suggests that the practical functions that some pets provide, such as assisting hunting or removing pests, could have resulted in enough evolutionary advantage to allow for the persistence of this behaviour in humans and outweigh the economic burden held by pets kept as playthings for immediate emotional rewards.[87] Two other studies suggest that the behaviour constitutes an error, side effect or misapplication of the evolved mechanisms responsible for human empathy and theory of mind to cover non-human animals which has not sufficiently impacted its evolutionary advantage in the long run.[86]: 300
Animals in captivity, with the help of caretakers, have been considered to have owned pets. Examples of this include Koko the gorilla who had several pet cats, Tonda the orangutan and a pet cat and Tarra the elephant and a dog named Bella.[84]
Some scholars, ethicists, and animal rights organizations have raised concerns over keeping pets because of the lack of autonomy and the objectification of non-human animals.[88] By contrast, Ikechukwu Monday Osebor writing in the Aquino Journal from the University of Nigeria argues from a consequentialist perspective that pet ownership can be ethical.[89] Gary Francione and Anna Charlton argue that pet breeding and ownership are unethical because they view it as treating animals as property and commodifying them.[90] Further concerns arise from vegan and vegetarian perspectives with the fact that some pets require the consumption of meat and thus keeping pets may be unethical.[citation needed]
",pet companion animal animal kept primarily person company entertainment rather working animal livestock laboratory animal popular pet often considered appearance intelligence relatable personality pet may taken altruistic basis stray animal accepted owner regardless characteristic two popular pet dog cat animal commonly kept include rabbit ferret pig rodent gerbil hamster chinchilla rat mouse guinea pig bird parrot passerine fowl reptile turtle lizard snake iguana aquatic pet fish freshwater snail saltwater snail amphibian frog salamander arthropod pet tarantula hermit crab smaller pet include rodent equine bovine group include largest companion animal pet provide owner guardian physical emotional benefit walking dog provide human dog exercise fresh air social interaction pet give companionship people living alone elderly adult adequate social interaction people medically approved class therapy animal brought visit confined human child hospital elder nursing home pet therapy utilizes trained animal handler achieve specific physical social cognitive emotional goal patient people commonly get pet companionship protect home property perceived beauty attractiveness animal canadian study found common reason owning pet lack ability care pet traveling lack time lack suitable housing dislike pet less common scholar ethicist animal right organization raised concern keeping pet perceived lack autonomy objectification animal china spending domestic animal grown estimated billion billion chinese people million dog million cat pet owner often preferring source pet food internationally total million pet increased million survey found approximately million pet italy including million dog million cat million fish million bird thousand snake survey university bristol found uk household owned cat owned dog estimating total domestic population approximately million cat million dog survey also found household cat least one person educated degree level compared home dog approximately million pet cat approximately million pet dog united state united state survey showed household outnumbered owning cat total number pet cat higher dog true pet outnumbered child four one united state keeping animal pet may detrimental health certain requirement met important issue inappropriate feeding may produce clinical effect consumption chocolate grape fatal dog similarly onion garlic lead hemolytic anemia dog certain specie houseplant also prove toxic consumed pet example include philodendron easter lily cause severe kidney damage cat poinsettia begonia aloe vera mildly toxic dog bird chocolate deadly food intended human consumption bread cracker dairy item potentially cause health problem house pet particularly dog cat industrialized society highly susceptible obesity overweight pet shown higher risk developing diabetes liver problem joint pain kidney failure cancer lack exercise diet considered primary contributor pet obesity widely believed among public among many scientist pet probably bring mental physical health benefit owner nih statement cautiously argued existing data suggestive significant benefit recent dissent come rand study found least case child pet per se failed improve physical mental health statistically significant amount instead study found child already prone healthy likely get pet first place conducting randomized trial settle issue would costly infeasible pet might ability stimulate caregiver particular elderly giving people someone take care someone exercise someone help heal physically psychologically troubled past animal company also help people preserve acceptable level happiness despite presence mood symptom like anxiety depression pet may also help people achieve health goal lowered blood pressure mental goal decreased stress evidence pet help person lead longer healthier life study people hospitalized coronary ailment within year patient without pet died compared patient pet pet shown significantly reduce triglyceride thus heart disease risk elderly national institute health study found dog owner less likely die heart attack evidence pet may therapeutic effect dementia case study shown elderly good health may requirement pet result dog trained guide dog help people vision impairment dog trained field therapy aat also benefit people disability people residing care facility hospice nursing home may experience health benefit pet pet help cope emotional issue related illness also offer physical contact another living creature something often missing elder life pet nursing home chosen based size pet amount care breed need population size care institution appropriate pet go screening process dog additional training program become therapy dog three type therapy dog facility therapy dog therapy dog therapeutic visitation dog common therapy dog therapeutic visitation dog dog household pet whose handler take time visit hospital nursing home detention facility rehabilitation facility different pet require varying amount attention care example cat may lower maintenance requirement dog addition offering health benefit owner pet also influence owner social life connection within community research suggests pet may facilitate social interaction fostering communication engagement among individual assistant professor sociology university colorado boulder leslie irvine focused attention pet homeless population study pet ownership among homeless found many modify life activity fear losing pet pet ownership prompt act responsibly many making deliberate choice drink use drug avoid contact substance abuser involved criminal activity fear separated pet additionally many refuse house shelter pet allowed stay health risk associated pet include pet parenting refers raising pet particularly dog cat using typical childrearing technique terminology dog mom cat mom cat dad pet parenting associated urbanism lower fertility rate economic social flexibility inclining recent year especially united state pet parent intentionally substitute child pet part childfree movement due poverty many pet parent see pet need manageable child need many pet parent believe afford give child good life income american delayed raising child chosen raise child opted pet instead due financial reason one study found causal relationship great recession increased pet ownership pet parent report guilt leaving pet home workday anxiety pet health raising pet may fulfill desire nurture individual struggle fertility issue childless pet parent attached pet parent pet parenting style often similar child parenting style pet owner generally see pet family member go life experience together european convention protection pet animal treaty council europe accession treaty open state world promote welfare pet animal ensure minimum standard treatment protection went effect may june ratified state pet commonly considered private property owned individual person many legal protection existed historically today intention safeguarding pet animal since year small increasing number jurisdiction north america enacted law redefining pet owner guardian intention characterized simply changing attitude perception legal consequence working toward legal personhood pet veterinarian breeder opposed move question pet legal status arise concern purchase adoption custody divorce estate inheritance injury damage veterinary malpractice united kingdom minimum age pet state city town western country commonly enact local ordinance limit number kind pet person may keep personally business purpose prohibited pet may specific certain breed pit bull rottweiler may apply general category animal livestock exotic animal wild animal canid felid hybrid may simply based animal size additional different maintenance rule regulation may also apply condominium association owner rental property also commonly limit forbid tenant keeping pet belgium netherlands government publishes white list black list called list animal specie designated appropriate kept pet positive negative dutch ministry economic affair climate policy originally established first positive list positieflijst per february set mammal including cat dog production animal deemed appropriate pet recommendation wageningen university parliamentary debate pet list date back continuous disagreement specie included law enforced january white list expanded specie black list set expanded animal like brown bear two great kangaroo specie contain specie unfit petting armadillo sloth european hare wild boar january belgian federal agency safety food chain stated people allowed kill miscellaneous unknown cat walking garden nowhere law say ca eat cat dog rabbit fish whatever kill way since july illegal netherlands owner kill cat dog kept pet parakeet guinea pig hamster animal may still killed owner nonetheless owner mistreat companion animal example process killing owner still prosecuted dutch law pet considerable environmental impact especially country common held high density instance million dog cat kept united state consume amount dietary energy human estimated energy produce mass much feces american diet constitute environmental impact animal production term use land water fossil fuel phosphate biocides dog cat animal product consumption responsible release million ton methane nitrous oxide two powerful greenhouse gas american largest pet owner world pet ownership u considerable environmental cost many people kept many different specie animal captivity course human history relative kept long enough considered domesticated type animal notably monkey never domesticated still sold kept pet wild animal kept pet tiger even though illegal market illegal pet domesticated pet common domesticated animal specie made fit human environment consistently kept captivity selectively bred long enough period time exhibit marked difference behavior appearance wild relative domestication contrast taming simply wild animal become tolerant human presence perhaps even enjoys large mammal might kept pet include alpaca camel cattle donkey goat horse llama pig reindeer sheep yak small mammal might kept pet include ferret hedgehog rabbit sugar glider rodent including rat mouse hamster guinea pig gerbil chinchilla mammal include cat dog monkey domesticated silver fox bird kept pet include companion parrot like budgie parakeet cockatiel fowl chicken turkey duck goose quail columbine passerine namely finch canary fish kept pet include goldfish koi siamese fighting fish betta barb guppy molly japanese rice fish medaka oscar arthropod kept pet include bee honey bee stingless bee silk moth ant farm reptile amphibian kept pet include snake turtle axolotl frog salamander wild animal kept pet term wild context specifically applies specie animal undergone fundamental change behavior facilitate close human specie may bred captivity considerable length time still recognized domesticated generally wild animal recognized suitable keep pet practice completely banned many place area certain specie allowed kept usually required owner obtain permit considered animal cruelty often wild animal require precise constant care difficult meet captive condition many large instinctively aggressive animal extremely dangerous killed handler numerous occasion archaeology suggests human ownership dog pet may date back least year ago ancient greek roman would openly grieve loss dog evidenced inscription left tombstone commemorating loss surviving epitaph dedicated horse likely reference gratitude companionship come war horse rather race horse latter may chiefly commemorated way owner fame glory ancient egypt dog baboon kept pet buried owner dog given name significant egyptian considered name magical property old testament passage samuel prophet nathan order indicate king david seriousness adulterous murderous affair bathsheba us parable poor man pet lamb slaughtered rich neighbor us feed guest david spent youth shepherd compassion affection creature becomes enraged rich man parable told nathan man david thus exposed hypocrite confesses sinned one instance scripture animal kept companionship rather utilitarian purpose apart acquisition exotic animal david son king solomon menagerie chronicle throughout pet keeping modern sense gradually became accepted throughout britain initially aristocrat kept dog companionship hunting thus pet keeping sign elitism within society century rise middle class stimulated development pet keeping became inscribed within bourgeois culture popularity modern sense rose victorian era animal became fixture within urban culture commodity decorative object pet keeping generated commercial opportunity entrepreneur century nearly twenty thousand street vendor london dealt live animal popularity animal also developed demand animal good accessory guide pet keeping pet care developed big business end nineteenth century profiteer also sought pet stealing mean economic gain utilizing affection owner pet professional dog stealer would capture animal hold ransom development dog stealing reflects increased value pet pet gradually became defined property owner law created punished offender burglary pet animal also social cultural implication throughout nineteenth century categorization dog breed reflected hierarchical social order victorian era pedigree dog represented high status lineage owner reinforced social stratification owner valued ability associate ownership pet ability care pet signified respectability capability according harriet ritvo identification elite animal elite owner confirmation owner status way redefining popularity dog pet keeping generated animal fancy dog fancier showed enthusiasm owning pet breeding dog showing dog various show first dog show took place june newcastle focused mostly sporting hunting dog however pet owner produced eagerness demonstrate pet well outlet compete thus pet animal gradually included within dog show first large show would host one thousand entry took place chelsea kennel club created ensure fairness organization within dog show development stud book kennel club defined policy presented national registry system purebred dog essentially institutionalized dog show pet ownership animal wild analogue human phenomenon observed likely nature one group capuchin monkey observed appearing care marmoset fellow new world monkey specie however observation chimpanzee apparently playing small animal like hyrax ended chimpanzee killing animal tossing corps around study state human relationship animal exclusive human cognitive component fundamental ancient attribute human specie anthropomorphism projection human feeling thought attribute animal defining feature human study identifies trait evolution responsible domestication concern animal welfare estimated arisen least year present ybp homo sapiens debated whether redirection human nurturing behaviour towards animal form maladaptive due biologically costly whether positively selected two study suggest human ability domesticate keep pet came fundamental evolutionary trait trait provided material benefit form domestication sufficiently adaptive positively selected study suggests practical function pet provide assisting hunting removing pest could resulted enough evolutionary advantage allow persistence behaviour human outweigh economic burden held pet kept plaything immediate emotional reward two study suggest behaviour constitutes error side effect misapplication evolved mechanism responsible human empathy theory mind cover animal sufficiently impacted evolutionary advantage long run animal captivity help caretaker considered owned pet example include koko gorilla several pet cat tonda orangutan pet cat tarra elephant dog named bella scholar ethicist animal right organization raised concern keeping pet lack autonomy objectification animal contrast ikechukwu monday osebor writing aquino journal university nigeria argues consequentialist perspective pet ownership ethical gary francione anna charlton argue pet breeding ownership unethical view treating animal property commodifying concern arise vegan vegetarian perspective fact pet require consumption meat thus keeping pet may unethical citation needed
Document 9,Broiler - Wikipedia,"
A broiler is any chicken (Gallus gallus domesticus) bred and raised specifically for meat production.[1] Most commercial broilers reach slaughter weight between four[2] and six weeks of age, although slower growing breeds reach slaughter weight at approximately 14 weeks of age. Average broilers have white feathers and yellowish skin. Broiler or, less commonly, broiler-fryer is also used sometimes to refer specifically to younger chickens under 2.0 kilograms (4+1⁄2 lb), as compared with the larger roasters.[3]
Due to extensive breeding selection for rapid early growth and the husbandry used to sustain this, broilers are susceptible to several welfare concerns, particularly skeletal malformation and dysfunction, skin and eye lesions and congestive heart conditions. Management of ventilation, housing, stocking density and in-house procedures must be evaluated regularly to support good welfare of the flock. The breeding stock (broiler-breeders) do grow to maturity but also have their own welfare concerns related to the frustration of a high feeding motivation and beak trimming. Broilers are usually grown as mixed-sex flocks in large sheds under intensive conditions.
Before the development of modern commercial meat breeds, broilers were mostly young male chickens culled from farm flocks. Pedigree breeding began around 1916.[4] Magazines for the poultry industry existed at this time.[4][5]  A crossbred variety of chicken was produced from a male of a naturally double-breasted Cornish strain, and a female of a tall, large-boned strain of white Plymouth Rocks.[6] This first attempt at a meat crossbreed was introduced in the 1930s and became dominant in the 1960s. The original crossbreed was plagued by problems of low fertility, slow growth and disease susceptibility.
Modern broilers have become very different from the Cornish/Rock crossbreeds. As an example, Donald Shaver (originally a breeder of egg-production breeds) began gathering breeding stock for a broiler program in 1950. Besides the breeds normally favored, Cornish Game, Plymouth Rock, New Hampshire, Langshans, Jersey Black Giant, and Brahmas were included. A white feathered female line was purchased from Cobb. A full-scale breeding program was commenced in 1958, with commercial shipments in Canada and the US in 1959 and in Europe in 1963.[7] As a second example, color sexing broilers was proposed by Shaver in 1973. The genetics were based on the company's breeding plan for egg layers, which had been developed in the mid-1960s. A difficulty facing the breeders of the color-sexed broiler is that the chicken must be white-feathered by slaughter age. After 12 years, accurate color sexing without compromising economic traits was achieved.[7]
Artificial insemination is a mechanism in which spermatozoa are deposited into the reproductive tract of a female.[8] Artificial insemination provides a number of benefits relating to reproduction in the poultry industry. Broiler breeds have been selected specifically for growth, causing them to develop large pectoral muscles, which interfere with and reduce natural mating.[9] The amount of sperm produced and deposited in the hen's reproductive tract may be limited because of this. Additionally, the males' overall sex drive may be significantly reduced due to growth selection.[10] Artificial insemination has allowed many farmers to incorporate selected genes into their stock, increasing their genetic quality.[11]
Abdominal massage is the most common method used for semen collection.[9] During this process, the rooster is restrained and the back region located towards the tail and behind the wings is caressed. This is done gently but quickly. Within a short period of time, the male should get an erection of the phallus. Once this occurs, the cloaca is squeezed and semen is collected from the external papilla of the vas deferens.[12]
During artificial insemination, semen is most frequently deposited intra-vaginally by means of a plastic syringe. In order for semen to be deposited here, the vaginal orifice is everted through the cloaca. This is simply done by applying pressure to the abdomen of the hen. The semen-containing instrument is placed 2–4 cm into the vaginal orifice. As the semen is deposited, the pressure applied to the hen's abdomen is released simultaneously.[9] The person performing this procedure typically uses one hand to move and direct the tail feathers, while using the other hand to insert the instrument and semen into the vagina.[12]
Modern commercial broilers, for example, Cornish crosses and Cornish-Rocks,[citation needed] are artificially selected and bred for large-scale, efficient meat production. They are noted for having very fast growth rates, a high feed conversion ratio, and low levels of activity. Modern commercial broilers are bred to reach a slaughter-weight of about 2 kg (4.4 lb) in only 5 to 7 weeks.[6][13][14] As a consequence, the behaviour and physiology of broilers reared for meat are those of immature birds, rather than adults. Slow growing free-range and organic strains have been developed which reach slaughter-weight at 12 to 16 weeks of age.
Typical broilers have white feathers and yellowish skin. Recent genetic analysis has revealed that the gene for yellow skin was incorporated into domestic birds through hybridization with the grey junglefowl (G. sonneratii).[15]  Modern crosses are also favorable for meat production because they lack the typical ""hair"" which many breeds have that must be removed by singeing after plucking the carcass.
Both male and female broilers are reared for their meat.
Broiler behavior is modified by the environment, and alters as the broilers' age and bodyweight rapidly increase.  For example, the activity of broilers reared outdoors is initially greater than broilers reared indoors, but from six weeks of age, decreases to comparable levels in all groups.[16] The same study shows that in the outdoors group, surprisingly little use is made of the extra space and facilities such as perches – it was proposed that the main reason for this was leg weakness as 80 per cent of the birds had a detectable gait abnormality at seven weeks of age. There is no evidence of reduced motivation to extend the behavioral repertoire, as, for example, ground pecking remained at significantly higher levels in the outdoor groups because this behavior could also be performed from a lying posture rather than standing.
Examining the frequency of all sexual behaviour shows a large decrease with age, suggestive of a decline in libido. The decline in libido is not enough to account for reduced fertility in heavy cocks at 58 weeks and is probably a consequence of the large bulk or the conformation of the males at this age interfering in some way with the transfer of semen during copulations which otherwise look normal.[17]
Chickens are omnivores and modern broilers are given access to a special diet of high protein feed, usually delivered via an automated feeding system. This is combined with artificial lighting conditions to stimulate eating and growth and thus the desired body weight.
In the U.S., the average feed conversion ratio (FCR) of a broiler was 1.91 kilograms of feed per kilograms of liveweight in 2011, an improvement from 4.70 in 1925.[18] Canada has a typical FCR of 1.72.[19] New Zealand commercial broiler farms have recorded the world's best broiler chicken FCR at 1.38.[20] The microbiome of the broiler also has a large effect in addition to the birds nutrition and genetics on overall FCR.[21]
Artificial selection has led to a great increase in the pace of which broilers develop and reach slaughter-weight.[2] Selection and husbandry for very fast growth means there is a genetically induced mismatch between the energy-supplying organs of the broiler and its energy-consuming organs.[14] This genetic selection for very fast growth at the cost of welfare has led animal welfare campaigners to describe the most commonly used broiler breeds as Frankenchickens.[22]
Rapid growth can lead to metabolic disorders such as sudden death syndrome by acute heart failure, killing up to 3% in Europe, and ascites, a slower form of hearth failure that affect an additional 5% worldwide.[2][14] Breeding for increased breast muscle affects the way chickens walk and puts additional stress on their hips and legs.[14] There is a high frequency of skeletal problems in broilers, mainly in the locomotory system.[2] These leg abnormalities impair the locomotor abilities of the birds, and lame birds spend more time lying and sleeping.[23] Increased inactivity is linked with an increase in dermatitis caused by a greater amount of time in contact with ammonia in poultry litter.[2] Broilers are usually kept at high stocking densities.[14] This can reduce feed intake and growth.[2] Management conditions (litter quality, temperature and humidity) are however more important than stocking density.[24] Many broilers die during the processes of catching, packing and transport.[14]
The commercial production of broiler chickens for meat consumption is a highly industrialized process. There are two major sectors: (1) rearing birds intended for consumption and (2) rearing parent stock for breeding the meat birds. A report in 2005 stated that around 5.9 billion broiler chickens for eating were produced yearly in the European Union. Mass production of chicken meat is a global industry and at that time, only two or three breeding companies supplied around 90% of the world's breeder-broilers. The total number of meat chickens produced in the world was nearly 47 billion in 2004; of these, approximately 19% were produced in the US, 15% in China, 13% in the EU25 and 11% in Brazil.[14]
Consumption of broilers is surpassing that of beef in industrialized countries, with demand rising in Asia.[needs update][25] Worldwide, 86.6 million tonnes of broiler meat were produced in 2014,[26] and as of 2018[update], the worldwide estimation of broiler chick population was approximately 23 billion.[27]
It is believed that the thermal comfort zone for poultry is in the 18–25 °C (64–77 °F) range. Some papers describe 26–35 °C (79–95 °F) as the ""critical zone"" for heat stress, but others report that due to acclimatization, birds in the tropical countries do not begin to experience heat stress until 32 °C (90 °F). There is wider agreement that temperatures greater than 35 °C (95 °F) and 47 °C (117 °F) form ""upper critical"" and lethal zones, respectively.[28]
Average daily temperatures of around 33 °C (91 °F) are known to interfere with feeding in both broilers and egg hens, as well as lower their immune response, with outcomes such as reduced weight gain/egg production or greater incidence of salmonella infections, footpad dermatitis or meningitis. Persistent heat stress leads to oxidative stress in tissues, and harvested white meat ends up with a lower proportion of essential compounds like vitamin E, lutein and zeaxanthin, yet an increase in glucose and cholesterol. Multiple studies show that dietary supplementation with chromium can help to relieve these issues due to its antioxidative properties, particularly in combination with zinc or herbs like wood sorrel.[29][30][31][32][33][34]
Resveratrol is another popular antioxidant administered to poultry for these reasons.[35] Though the effect of supplementation is limited, it is much cheaper than interventions to improve cooling or simply stock fewer birds, and so remains popular.[36] While the majority of literature on poultry heat stress and dietary supplementation focuses on chickens, similar findings were seen in Japanese quails, which eat less and gain less weight, suffer reduced fertility and hatch eggs of worse quality under heat stress, and also seem to benefit from mineral supplementation.[37][38][39]
Around 2003, it was estimated that the poultry industry in the United States already lost up to $165 million annually due to heat stress at the time.[28] One paper estimated that if global warming reaches 2.5 °C (4.5 °F), then the cost of rearing broilers in Brazil increases by 35.8% at the least modernized farms and by 42.3% at farms with the medium level of technology used in livestock housing, while they increase the least at farms with the most advanced cooling technologies. On the contrary, if the warming is kept to 1.5 °C (2.7 °F), costs at moderately modernized farms increase the least, by 12.5%, followed by the most modernized farms with a 19.9% increase, and the least technological farms seeing the greatest increase.[40]
",broiler chicken gallus gallus domesticus bred raised specifically meat production commercial broiler reach slaughter weight four six week age although slower growing breed reach slaughter weight approximately week age average broiler white feather yellowish skin broiler less commonly also used sometimes refer specifically younger chicken kilogram lb compared larger roaster due extensive breeding selection rapid early growth husbandry used sustain broiler susceptible several welfare concern particularly skeletal malformation dysfunction skin eye lesion congestive heart condition management ventilation housing stocking density procedure must evaluated regularly support good welfare flock breeding stock grow maturity also welfare concern related frustration high feeding motivation beak trimming broiler usually grown flock large shed intensive condition development modern commercial meat breed broiler mostly young male chicken culled farm flock pedigree breeding began around magazine poultry industry existed time crossbred variety chicken produced male naturally cornish strain female tall strain white plymouth rock first attempt meat crossbreed introduced became dominant original crossbreed plagued problem low fertility slow growth disease susceptibility modern broiler become different crossbreed example donald shaver originally breeder breed began gathering breeding stock broiler program besides breed normally favored cornish game plymouth rock new hampshire langshans jersey black giant brahma included white feathered female line purchased cobb breeding program commenced commercial shipment canada u europe second example color sexing broiler proposed shaver genetics based company breeding plan egg layer developed difficulty facing breeder broiler chicken must slaughter age year accurate color sexing without compromising economic trait achieved artificial insemination mechanism spermatozoon deposited reproductive tract female artificial insemination provides number benefit relating reproduction poultry industry broiler breed selected specifically growth causing develop large pectoral muscle interfere reduce natural mating amount sperm produced deposited hen reproductive tract may limited additionally male overall sex drive may significantly reduced due growth selection artificial insemination allowed many farmer incorporate selected gene stock increasing genetic quality abdominal massage common method used semen collection process rooster restrained back region located towards tail behind wing caressed done gently quickly within short period time male get erection phallus occurs cloaca squeezed semen collected external papilla va deferens artificial insemination semen frequently deposited mean plastic syringe order semen deposited vaginal orifice everted cloaca simply done applying pressure abdomen hen instrument placed cm vaginal orifice semen deposited pressure applied hen abdomen released simultaneously person performing procedure typically us one hand move direct tail feather using hand insert instrument semen vagina modern commercial broiler example cornish cross citation needed artificially selected bred efficient meat production noted fast growth rate high feed conversion ratio low level activity modern commercial broiler bred reach kg lb week consequence behaviour physiology broiler reared meat immature bird rather adult slow growing organic strain developed reach week age typical broiler white feather yellowish skin recent genetic analysis revealed gene yellow skin incorporated domestic bird hybridization grey junglefowl sonneratii modern cross also favorable meat production lack typical hair many breed must removed singeing plucking carcass male female broiler reared meat broiler behavior modified environment alters broiler age bodyweight rapidly increase example activity broiler reared outdoors initially greater broiler reared indoors six week age decrease comparable level group study show outdoors group surprisingly little use made extra space facility perch proposed main reason leg weakness per cent bird detectable gait abnormality seven week age evidence reduced motivation extend behavioral repertoire example ground pecking remained significantly higher level outdoor group behavior could also performed lying posture rather standing examining frequency sexual behaviour show large decrease age suggestive decline libido decline libido enough account reduced fertility heavy cock week probably consequence large bulk conformation male age interfering way transfer semen copulation otherwise look normal chicken omnivore modern broiler given access special diet high protein feed usually delivered via automated feeding system combined artificial lighting condition stimulate eating growth thus desired body weight average feed conversion ratio fcr broiler kilogram feed per kilogram liveweight improvement canada typical fcr new zealand commercial broiler farm recorded world best broiler chicken fcr microbiome broiler also large effect addition bird nutrition genetics overall fcr artificial selection led great increase pace broiler develop reach selection husbandry fast growth mean genetically induced mismatch organ broiler organ genetic selection fast growth cost welfare led animal welfare campaigner describe commonly used broiler breed frankenchickens rapid growth lead metabolic disorder sudden death syndrome acute heart failure killing europe ascites slower form hearth failure affect additional worldwide breeding increased breast muscle affect way chicken walk put additional stress hip leg high frequency skeletal problem broiler mainly locomotory system leg abnormality impair locomotor ability bird lame bird spend time lying sleeping increased inactivity linked increase dermatitis caused greater amount time contact ammonia poultry litter broiler usually kept high stocking density reduce feed intake growth management condition litter quality temperature humidity however important stocking density many broiler die process catching packing transport commercial production broiler chicken meat consumption highly industrialized process two major sector rearing bird intended consumption rearing parent stock breeding meat bird report stated around billion broiler chicken eating produced yearly european union mass production chicken meat global industry time two three breeding company supplied around world total number meat chicken produced world nearly billion approximately produced u china brazil consumption broiler surpassing beef industrialized country demand rising asia need update worldwide million tonne broiler meat produced update worldwide estimation broiler chick population approximately billion believed thermal comfort zone poultry range paper describe critical zone heat stress others report due acclimatization bird tropical country begin experience heat stress wider agreement temperature greater form upper critical lethal zone respectively average daily temperature around known interfere feeding broiler egg hen well lower immune response outcome reduced weight production greater incidence salmonella infection footpad dermatitis meningitis persistent heat stress lead oxidative stress tissue harvested white meat end lower proportion essential compound like vitamin e lutein zeaxanthin yet increase glucose cholesterol multiple study show dietary supplementation chromium help relieve issue due antioxidative property particularly combination zinc herb like wood sorrel resveratrol another popular antioxidant administered poultry reason though effect supplementation limited much cheaper intervention improve cooling simply stock fewer bird remains popular majority literature poultry heat stress dietary supplementation focus chicken similar finding seen japanese quail eat less gain less weight suffer reduced fertility hatch egg worse quality heat stress also seem benefit mineral supplementation around estimated poultry industry united state already lost million annually due heat stress time one paper estimated global warming reach cost rearing broiler brazil increase least modernized farm farm medium level technology used livestock housing increase least farm advanced cooling technology contrary warming kept cost moderately modernized farm increase least followed modernized farm increase least technological farm seeing greatest increase
Document 10,Poultry farming - Wikipedia,"
Poultry farming is the form of animal husbandry which breeds domesticated birds including chickens, ducks, turkeys and geese to produce meat or eggs for food. Poultry – mostly chickens – are farmed in great numbers.  More than 60 billion chickens are killed for consumption annually.[2][3] Chickens used for meat are known as broilers, while chickens used for eggs are called layers — though they are usually also killed for their meat.[4]
In the United States, the national organization overseeing poultry production is the Food and Drug Administration (FDA). In the UK, the national organization is the Department for Environment, Food and Rural Affairs (DEFRA).
According to the World Watch Institute, 74 percent of the world's poultry meat, and 68 percent of eggs are produced intensively.[6] One alternative to intensive poultry farming is free-range farming using lower stocking densities. Poultry producers routinely use nationally approved medications, such as antibiotics, in feed or drinking water, to treat disease or to prevent disease outbreaks. Some FDA-approved medications are also approved for improved feed utilization.[7]
A chicken coop or hen house is a structure where chickens or other fowl are kept safe and secure. There may be nest boxes and perches in the house. There is a long-standing controversy over the basic need for a chicken coop. One philosophy, known as the ""fresh air school"", holds that chickens are mostly hardy but can be brought low by confinement, poor air quality and darkness, hence the need for a highly ventilated or open-sided coop with conditions more like the outdoors, even in winter.[8]  However, others who keep chickens believe they are prone to illness in outdoor weather and need a controlled-environment coop. This has led to two housing designs for chickens: fresh-air houses with wide openings and nothing more than wire mesh between chickens and the weather (even in Northern winters), or closed houses with doors, windows and hatches which can shut off most ventilation.[9]
Commercial hens usually begin laying eggs at 16–21 weeks of age, although production gradually declines soon after from approximately 25 weeks of age.[10] This means that in many countries, by approximately 72 weeks of age, flocks are considered economically unviable and are slaughtered after approximately 12 months of egg production,[11] although chickens will naturally live for 6 or more years. In some countries, hens are force moulted to re-invigorate egg-laying.
Environmental conditions are often automatically controlled in egg-laying systems. For example, the duration of the light phase is initially increased to prompt the beginning of egg-laying at 16–20 weeks of age and then mimics summer day length which stimulates the hens to continue laying eggs all year round; normally, egg production occurs only in the warmer months. Some commercial breeds of hen can produce over 300 eggs a year.[12]
Free-range poultry farming allows chickens to roam freely for a period of the day, although they are usually confined in sheds at night to protect them from predators or kept indoors if the weather is particularly bad. In the UK, the Department for Environment, Food and Rural Affairs (DEFRA) states that a free-range chicken must have day-time access to open-air runs during at least half of its life. Unlike in the United States, this definition also applies to free-range egg-laying hens, meaning they can still be confined in high stocking densities with limited outdoors access.[clarification needed] The European Union regulates marketing standards for egg farming which specifies a minimum condition for free-range eggs that ""hens have continuous daytime access to open air runs, except in the case of temporary restrictions imposed by veterinary authorities"".[13] The RSPCA ""Welfare standards for laying hens and pullets"" indicates that the stocking rate must not exceed 1,000 birds per hectare (10 m2 per hen) of range available and a minimum area of overhead shade/shelter of 8 m2 per 1,000 hens must be provided.
Free-range farming of egg-laying hens is increasing its share of the market. DEFRA figures indicate that 45% of eggs produced in the UK throughout 2010 were free range, 5% were produced in barn systems and 50% from cages. This compares with 41% being free range in 2009.[14]
Suitable land requires adequate drainage to minimise worms and coccidial oocysts, suitable protection from prevailing winds, good ventilation, access and protection from predators. Excess heat, cold or damp can have a harmful effect on the animals and their productivity.[15] Free range farmers have less control than farmers using cages in what food their chickens eat, which can lead to unreliable productivity,[16] though supplementary feeding reduces this uncertainty.
The benefits of free-range poultry farming for laying hens include opportunities for natural behaviours such as pecking, scratching, foraging and exercise outdoors.[17]  In some farms, the manure from free range poultry can be used to benefit crops.[18]
Both intensive free-range poultry and ""cage-free"" farming with hens still being confined in close proximity due to high stocking densities have animal welfare concerns. Cannibalism, feather pecking and vent pecking can be common, prompting some farmers to use beak trimming as a preventative measure, although reducing stocking rates would eliminate these problems.[19] Diseases can be common and the animals are vulnerable to predators.[19] Barn systems have been found to have the worst bird welfare.[19] In South-East Asia, a lack of disease control in free range farming has been associated with outbreaks of avian influenza.[20]
Instead of keeping them in cages, free-run laying hens roam freely within an enclosed barn. This type of housing also provides enrichment for the hens, including nesting boxes and perches that are often located along the floor of the barn. Many believe that this type of housing is better for the bird than any caging system, but it has its disadvantages, too. Due to the increase in activity of the birds, dust levels tend to elevate and the air quality decreases. When air quality drops, so does production as this compromises the health and welfare of both birds and their caretakers.[21]
In organic systems in the US, organic management starts with the selection of the livestock and should begin ""no later than the second day of life"".[22] Organic poultry production requires organic management in nutrition, preventative health care, living conditions, handling/processing, and record keeping.[22] The Soil Association standards[23] used to certify organic flocks in the UK indicate a maximum outdoors stocking density of 1,000 birds per hectare and a maximum of 2,000 hens in each poultry house. In the UK, organic laying hens are not routinely beak-trimmed.
While often confused with free range farming, yarding is actually a separate method by which a hutch and fenced-off area outside are combined when farming poultry. The distinction is that free-range poultry are either totally unfenced, or the fence is so distant that it has little influence on their freedom of movement. Yarding is a common technique used by small farms in the Northeastern U.S.  The birds are released daily from hutches or coops.  The hens usually lay eggs either on the floor of the coop or in baskets if provided by the farmer. This husbandry technique can be complicated if used with roosters, mostly because of their aggressive behavior.
The majority of hens in many countries are housed in battery cages, although the European Union Council Directive 1999/74/EC[24] has banned the conventional battery cage in EU states from January 2012. As of April 1, 2017, no new battery cages are able to be installed in Canada.[25] Farmers must move towards enriched housing or use a cage-free system. In 2016, the Egg Farmers of Canada announced that the country's egg farmers will be transitioning away from conventional hen housing systems (battery cages) and have no conventional caging left by 2036.[26] Batteries are small cages, usually made of metal in modern systems, housing 3 to 8 hens. The walls are made of either solid metal or mesh, and the floor is sloped wire mesh to allow the feces to drop through and eggs to roll onto an egg-collecting conveyor belt. Water is usually provided by overhead nipple systems, and food in a trough along the front of the cage replenished at regular intervals by a mechanical system.
Battery cages are arranged in long rows as multiple tiers, often with cages back-to-back (hence the term). Within a single barn, there may be several floors containing battery cages meaning that a single shed may contain many tens of thousands of hens. Light intensity is often kept low (e.g. 10 lux) to reduce feather pecking and vent pecking. Benefits of battery cages include easier care for the birds, floor-laid eggs (which are expensive to collect) are eliminated, eggs are cleaner, capture at the end of lay is expedited, generally less feed is required to produce eggs, broodiness is eliminated, more hens may be housed in a given house floor space, internal parasites are more easily treated, and labor requirements are generally much reduced.
In farms using cages for egg production, there are more birds per unit area; this allows for greater productivity and lower food costs.[27]  Floor space ranges upwards from 300 cm2 per hen. EU standards in 2003 called for at least 550 cm2 per hen.[28] In the US, the current recommendation by the United Egg Producers is 67 to 86 in2 (430 to 560 cm2) per bird.[29] The space available to battery hens has often been described as less than the size of a piece of A4 paper (623 cm2).[30] Animal welfare scientists have been critical of battery cages because they do not provide hens with sufficient space to stand, walk, flap their wings, perch, or make a nest, and it is widely considered that hens suffer through boredom and frustration through being unable to perform these behaviours.[31]  This can lead to a wide range of abnormal behaviours, some of which are injurious to the hens or their cagemates.
In 1999, the European Union Council Directive 1999/74/EC[24] banned conventional battery cages for laying hens throughout the European Union from January 1, 2012; they were banned previously in other countries including Switzerland. In response to these bans, development of prototype commercial furnished cage systems began in the 1980s.  Furnished cages, sometimes called 'enriched' or 'modified' cages, are cages for egg-laying hens which have been designed to allow the hens to perform their ""natural behaviors"" whilst retaining their economic and husbandry advantages, and also provide some of the welfare advantages of non-cage systems. Many design features of furnished cages have been incorporated because research in animal welfare science has shown them to be of benefit to the hens. In the UK, the DEFRA ""Code for the Welfare of Laying Hens""[32] states furnished cages should provide at least 750 cm2 of cage area per hen, 600 cm2 of which should be usable; the height of the cage other than that above the usable area should be at least 20 cm at every point and no cage should have a total area that is less than 2000 cm2.
In addition, furnished cages should provide a nest, litter such that pecking and scratching are possible, appropriate perches allowing at least 15 cm per hen, a claw-shortening device, and a feed trough which may be used without restriction providing 12 cm per hen. Furnished cages (Enriched) give the hens more space than the conventional battery cages, so that each bird may spread their wings without touching one another if desired. Enrichment such as nest boxes, perches, and dust baths are also provided so that the birds may carry out their natural behaviors such as nesting, roosting, and scratching as though they were outdoors.
Enrichment of laying hen cages ultimately results in better bone quality.[33] This is a result of the increased activity in the hens from the additional space and enrichment provided in the furnished housing system.
Although the enriched housing system has its advantages such as reduced aggression towards one another and cleaner eggs, modern egg laying breeds often suffer from osteoporosis which results in the chicken's skeletal system being weakened. During egg production, large amounts of calcium are transferred from bones to create egg-shell. Although dietary calcium levels are adequate, absorption of dietary calcium is not always sufficient, given the intensity of production, to fully replenish bone calcium.  This can lead to increases in bone breakages, particularly when the hens are being removed from cages at the end of laying. Osteoporosis may be prevented by free range and cage-free housing systems, as they have shown to have a beneficial impact on the skeletal system of the hens compared to those housed in caged systems.[34]
Countries such as Austria, Belgium and Germany are planning to ban furnished cages until 2025 additionally to the already banned conventional cages.[35]
Raising chickens in urban or suburban environments is experiencing a resurgence in popularity in many countries including the United States. Proponents of this practice cite benefits such as access to fresh eggs, natural pest control, educational opportunities, and a connection to sustainable food practices.[36]
While commercial operations typically use leghorn chickens, many other breeds such as the Bantam are well-suited for urban settings.[37][38]
The practice faces legal and regulatory hurdles; many cities have specific ordinances regarding the number of chickens allowed, coop size, and potential noise and odor issues.[39]
Concerns surrounding predation from wild carnivores[40] such as raccoons,[41] heavy metal exposure,[42][43] potential reduction in property values,[44] Salmonella,[45][46] avian flu,[47][48] animal welfare,[49] and potential conflicts with neighbors also exist.
Despite these challenges, urban chicken keeping continues to gain traction as a part of the broader local food movement and a way for individuals to increase their self-sufficiency.[50]
Meat chickens, commonly called broilers, are floor-raised on litter such as wood shavings, peanut shells, and rice hulls, indoors in climate-controlled housing.  Under modern farming methods, meat chickens reared indoors reach slaughter weight at 5 to 9 weeks of age, as they have been selectively bred to do so. In the first week of a broiler's life, it can grow up to 300 percent of its body size.[51] A nine-week-old broiler averages over 9 pounds (4 kg) in body weight. At nine weeks, a hen will average around 7 pounds (3.2 kg) and a rooster will weigh around 12 pounds (5.5 kg), having a nine-pound (4 kg) average.
Broilers are not raised in cages. They are raised in large, open structures known as grow out houses. A farmer receives the birds from the hatchery at one day old. A grow out consists of 5 to 9 weeks according to how big the kill plant wants the chickens to be. These houses are equipped with mechanical systems to deliver feed and water to the birds. They have ventilation systems and heaters that function as needed. The floor of the house is covered with bedding material consisting of wood chips, rice hulls, or peanut shells. In some cases they can be grown over dry litter or compost. Because dry bedding helps maintain flock health, most growout houses have enclosed watering systems (""nipple drinkers"") which reduce spillage.[52]
Keeping birds inside a house protects them from predators such as hawks and foxes. Some houses are equipped with curtain walls, which can be rolled up in good weather to admit natural light and fresh air. Most growout houses built in recent years feature ""tunnel ventilation,"" in which a bank of fans draws fresh air through the house.[52]
Traditionally, a flock of broilers consist of about 20,000 birds in a growout house that measures 400/500 feet long and 40/50 feet wide, thus providing about eight-tenths of a square foot per bird. The Council for Agricultural Science and Technology (CAST) states that the minimum space is one-half square foot per bird. More modern houses are often larger and contain more birds, but the floor space allotment still meets the needs of the birds. The larger the bird is grown the fewer chickens are put in each house, to give the bigger bird more space per square foot.[52]
Because broilers are relatively young and have not reached sexual maturity, they exhibit very little aggressive conduct.[52]
Chicken feed consists primarily of corn and soybean meal with the addition of essential vitamins and minerals. No hormones or steroids are allowed in raising chickens.[52][53]
In intensive broiler sheds, the air can become highly polluted with ammonia from the droppings. In this case, a farmer must run more fans to bring in more clean fresh air. If not, this can damage the chickens' eyes and respiratory systems and can cause painful burns on their legs (called hock burns) as well as blisters on their feet. Broilers bred for fast growth have a high rate of developing leg deformities because their large breast muscles cause distortions on their developing legs and pelvis, leading to them often being unable to support their body weight. In cases where the chickens become crippled and can no longer walk, farmers have to go in and pull them out. Because of their difficulty moving, the chickens cannot change their environment to avoid heat, cold, or dirt as they would in natural conditions. The added weight and overcrowding also puts a strain on their hearts and lungs, possibly leading to Ascites. In the UK, up to 19 million broilers die in their sheds from heart failure each year. In a heat wave, if a power failure shuts down the ventilation, 20,000 chickens could die in a short period of time. In a good grow out, a farmer should sell between 92% and 96% of their flock, with a 1.80 to a 2.0 feed conversion ratio. After marketing the birds, the farmer must clean out and prepare for another flock. A farmer should average 4 to 5 grow outs a year.[54]
In a ""higher welfare"" system, chickens are kept indoors but with more space (around 14 to 16 birds per square metre).[55] They have a richer environment for example with natural light or straw bales that encourage foraging and perching. The chickens grow more slowly and live for up to two weeks longer than intensively farmed birds. The benefits of higher welfare indoor systems are the reduced growth rate, less crowding and more opportunities for natural behaviour.[17]
One example of indoor production with higher welfare production is the Better Chicken Commitment standard.[56]
Free-range broilers are reared under similar conditions to free-range egg-laying hens.  The breeds grow more slowly than those used for indoor rearing and usually reach slaughter weight at approximately 8 weeks of age. In the EU, each chicken must have one square metre of outdoor space.[17]  The benefits of free-range poultry farming include opportunities for natural behaviours such as pecking, scratching, foraging and exercise outdoors. Because they grow slower and have opportunities for exercise, free-range broilers often have better leg and heart health.[17]
Organic broiler chickens are reared under similar conditions to free-range broilers but with restrictions on the routine use of in-feed or in-water medications, other food additives and synthetic amino acids.  The breeds used are slower growing, more traditional breeds and typically reach slaughter weight at around 12 weeks of age.[57]  They have a larger space allowance outside (at least 2 square metres and sometimes up to 10 square metres per bird).[11]  The Soil Association standards[23] indicate a maximum outdoors stocking density of 2,500 birds per hectare and a maximum of 1,000 broilers per poultry house.
A dual-purpose chicken is a type of chicken that may be used in the production of both eggs and meat.[58] In the past, many chicken breeds were selected for both functions. However, since the advent of laying and meat hybrids, industrial chicken breeding has made a sharp distinction between chickens with either function,[59] so that certain characteristics have been promoted to an extreme degree. Partly due to the discussion about male offspring of laying hens that are not economically viable and are usually gassed or ground alive as day-old chicks, a discussion is currently underway as to whether dual-purpose chickens have a future role on a large or smaller scale.[60]
Historically, the distinction between egg and meat production did not exist. It only appeared with the development of industrial farming and the breeder's specialization (including day-old chicks). Modern laying breeds have become unable to provide enough meat to satisfy consumers accustomed to breeds selected for fattening, which are poor layers and brooders.[citation needed]
In addition, the strategies for killing livestock affected by avian influenza or highly pathogenic diseases or with significant epidemiological or eco-epidemiological risks have led in a large number of family backyards to replace old mixed varieties with laying poultry or modern meat dishes.[citation needed]
Faced with the criticism leveled at industrial farming (in particular concerning the killing of millions of chicks by gassing (with CO2) or even in certain cases denounced by the media by grinding live chicks, asphyxiation in plastic bags (when the animals are not buried alive or simply thrown in a dumpster), the concept of dual use is one of the possible answers, and as such supported by the Demeter network in Germany. In Switzerland, where two million chicks of hybrid laying breed are put to death every year (according to Oswald Burch, director of GalloSuisse, on SRF1 radio), these animals killed almost at birth are sold as food for animals in zoos or animal stores, or are transformed into biogas.[61]
Another solution would be to analyze the sex of the embryo or fetus in the egg before the incubation phase (when the egg is still consumable) and to eliminate it from the breeding circuit to direct it to the egg sales circuit (Eggs that have not yet been incubated and fertilized can be consumed during the first days after laying, recalls Ruedi Zweifel, director of the Aviforum foundation, the competence center of the Swiss poultry farming). The universities of Leipzig and Dresden are testing ways to achieve this, but have not yet found any that are applicable in real time on an industrial scale.[62]
The German company Lohmann is one of the first to have integrated this concept on a large scale, as part of its collaboration with the agricultural association Déméter.[63] It produced its own poultry by crossing lines presenting the sought-after characteristics,[64] which is a way to solve the problem of killing male chicks.[65]
The dual-purpose chicken selected by the Lohmann group, the ""Lohmann Dual"",[66] is raised in Switzerland by a few breeders, and the Coop network decided to launch the experiment with a test on 5,000 poultry, although knowing that instead of producing up to 300 eggs per year like very good laying hens, it will only produce around 250 eggs per year, which are also smaller according to the journal of the Swiss Poultry Organization.[61] If the consumer accepts higher prices in exchange for better consideration of the animal cause, then a sector could be launched.[61] Concerning meat, Coop spokesperson Ramon Gander estimated that the demand was there and according to him ""the meat has also convinced tasters"".[61]
Animal welfare groups have frequently criticized the poultry industry for engaging in practices which they assert to be inhumane. Many animal rights advocates object to killing chickens for food, the ""factory farm conditions"" under which they are raised, methods of transport, and slaughter. Animal Outlook (formerly Compassion Over Killing) and other groups have repeatedly conducted undercover investigations at chicken farms and slaughterhouses which they allege confirm their claims of cruelty.[67]
A common practice among hatcheries for egg-laying hens is the culling of newly hatched male chicks since they do not lay eggs and do not grow fast enough to be profitable for meat. There are plans to more ethically destroy the eggs before the chicks are hatched, using ""in-ovo"" sex determination.[68]
Chickens are often stunned before slaughter using carbon dioxide or electric shock in a water bath. Methods claimed to be more humane that could be used are low atmospheric pressure stunning and inert gas asphyxiation.[69]
According to animal charities, carrying chickens by their legs is inhumane. The European Commission advocates for this practice and the UK government is intending to legalize it.[70][71]
Laying hens are routinely beak-trimmed at 1 day of age to reduce the damaging effects of aggression, feather pecking and cannibalism.  Scientific studies have shown that beak trimming is likely to cause both acute and chronic pain.[72][73][74][75][76][77] Severe beak trimming, or beak trimming birds at an older age, may cause chronic pain.  Following beak trimming of older or adult hens, the nociceptors in the beak stump show abnormal patterns of neural discharge, indicating acute pain.[72][78][79][80]
Neuromas, tangled masses of swollen regenerating axon sprouts,[81] are found in the healed stumps of birds beak trimmed at 5 weeks of age or older and in severely beak trimmed birds.[82]  Neuromas have been associated with phantom pain in human amputees and have therefore been linked to chronic pain in beak trimmed birds.  If beak trimming is severe because of improper procedure or done in older birds, the neuromas will persist which suggests that beak trimmed older birds experience chronic pain, although this has been debated.[83]
Beak-trimmed chicks initially peck less than non-trimmed chickens, which animal behaviorist Temple Grandin attributes to guarding against pain.[84]  The animal rights activist, Peter Singer, claims this procedure is bad because beaks are sensitive, and the usual practice of trimming them without anaesthesia is considered inhumane by some.[85] Some within the chicken industry claim that beak-trimming is not painful[86] whereas others argue that the procedure causes chronic pain and discomfort, and decreases the ability to eat or drink.[85][87]
Antibiotics have been used in poultry farming in mass quantities since 1951, when the Food and Drug Administration (FDA) approved their use.[88] Scientists had found that chickens fed an antibiotic residue grew 50 percent faster than controls.[89] The chickens laid more eggs and experienced lower mortality and less illness. Upon this discovery, farmers transitioned from expensive animal proteins to comparatively inexpensive antibiotics and B12. Chickens were now reaching their market weight at a much faster rate and at a lower cost.  With a growing population and greater demand on the farmers, antibiotics appeared to be an ideal and cost-effective way to increase the output of poultry. Since this discovery, antibiotics have been routinely used in poultry production, but more recently have been the topic of debate secondary to the fear of bacterial antibiotic resistance.[90]
Poultry feed can include roxarsone or nitarsone, arsenical antimicrobial drugs that also promote growth. Roxarsone was used as a broiler starter by about 70% of the broiler growers between 1995 and 2000.[91] The drugs have generated controversy because it contains arsenic, which is highly toxic to humans.  This arsenic could be transmitted through run-off from the poultry yards.  A 2004 study by the U.S. magazine Consumer Reports reported ""no detectable arsenic in our samples of muscle"" but found ""A few of our chicken-liver samples has an amount that according to EPA standards could cause neurological problems in a child who ate 2 ounces of cooked liver per week or in an adult who ate 5.5 ounces per week."" The U.S. Food and Drug Administration (FDA), however, is the organization responsible for the regulation of foods in America, and all samples tested were ""far less than the ... amount allowed in a food product.""[92]
Hormone use in poultry production is illegal in the United States.[53][93][94] Similarly, no chicken meat for sale in Australia is fed hormones.[95] Several scientific studies have documented the fact that chickens grow rapidly because they are bred to do so, not because of growth hormones.[96][97]
According to Consumer Reports, ""1.1 million or more Americans [are] sickened each year by undercooked, tainted chicken.""  A USDA study discovered E. coli (Biotype I) in 99% of supermarket chicken, the result of chicken butchering not being a sterile process.[98] However, the same study also shows that the strain of E. coli found was always a non-lethal form, and no chicken had any of the pathenogenic O157:H7 serotype.[98] Many of these chickens, furthermore, had relatively low levels of contamination.[99]
Feces tend to leak from the carcass until the evisceration stage, and the evisceration stage itself gives an opportunity for the interior of the carcass to receive intestinal bacteria. (The skin of the carcass does as well, but the skin presents a better barrier to bacteria and reaches higher temperatures during cooking.) Before 1950, this was contained largely by not eviscerating the carcass at the time of butchering, deferring this until the time of retail sale or in the home. This gave the intestinal bacteria less opportunity to colonize the edible meat. The development of the ""ready-to-cook broiler"" in the 1950s added convenience while introducing risk, under the assumption that end-to-end refrigeration and thorough cooking would provide adequate protection. E. coli can be killed by proper cooking times, but there is still some risk associated with it, and its near-ubiquity in commercially farmed chicken is troubling to some. Irradiation has been proposed as a means of sterilizing chicken meat after butchering.
The aerobic bacteria found in poultry housing can include not only E. coli, but Staphylococcus, Pseudomona, Micrococcus and others as well. These contaminants can contribute to dust that often causes issues with the respiratory systems of both the poultry and humans working in the environment. If bacterial levels in the poultry drinking water reach high levels, it can result in bacterial diarrhoea which can lead to blood poisoning should the bacteria spread from damaged intestines.[100]
Salmonella too can be stressful on poultry production. How it causes disease has been investigated in some detail.[101]
There is also a risk that crowded conditions in chicken farms will allow avian influenza (bird flu) to spread quickly.  A United Nations press release states: ""Governments, local authorities and international agencies need to take a greatly increased role in combating the role of factory-farming, commerce in live poultry, and wildlife markets which provide ideal conditions for the virus to spread and mutate into a more dangerous form"".[102] An infected farm will likely have to prevent further spread by mass killing the chickens, often via less than humane methods of heatstroke.[103] In the US, 85 million poultry birds were killed in 2022.[103]
Several dermatitis conditions are significant in chickens especially gangrenous dermatitis. GD is caused by Clostridium septicum, Clostridium perfringens type A, Clostridium sordellii, Clostridium novyi, Staphylococcus aureus, Staphylococcus xylosus, Staphylococcus epidermidis, Escherichia coli, Pasteurella multocida, Pseudomonas aeruginosa, Enterococcus faecalis, Proteus spp., Bacillus spp., Erysipelothrix rhusiopathiae, and Gallibacterium anatis var. haemolytica. Beemer et al. 1970 finds Rhodotorula mucilaginosa to cause a dermatitis in chickens easily confused with GD.[104]
Farming of chickens on an industrial scale relies largely on high protein feeds derived from soybeans; in the European Union the soybean dominates the protein supply for animal feed,[105] and the poultry industry is the largest consumer of such feed.[105] Two kilograms of grain must be fed to poultry to produce 1 kg of weight gain,[106] much less than that required for pork or beef.[107] However, for every gram of protein consumed, chickens yield only 0.33 g of edible protein.[108]
Changes in agricultural prices for poultry feed have a direct effect on the cost of doing business in the poultry industry.  For instance, a significant rise in the price of corn in the United States can put significant economic pressure on large industrial chicken farming operations.[109]
Poultry production requires regular control of excrement, and in many parts of the world, production operations, especially larger operations, need to comply with environmental regulations and protections. Different from mammalian excrement, in poultry (and all birds) urine and feces are excreted as a combined manure, and the result is both wetter and higher in concentrated nitrogen.
Waste can be managed wet, dry or by some combination. Wet management is particularly used in battery egg laying operations, where the waste is sluiced out with constantly or occasionally flowing water. Water is also used to clean the floors around nesting sites that are separate from open runs.  Dry management particularly refers to dry litter such as sawdust that is removed as needed.  Dry can also include open pasture where manure is absorbed by the existing soil and vegetation, but needs to be monitored diligently so as to not overwhelm the ground capacity and lead to runoff and other pollution problems.
Both liquid sluicings and dry litter are used as organic fertilizers, but the wet bulk of liquid manure is harder to ship and is often limited to more local use, while the latter is easier to distribute in bulk and in commercial packaging.
Mortality is a daily consideration for poultry farmers, and the carcasses must be disposed of in order to limit the spread of disease and the prevalence of pests. There are a variety of methods of disposal, the most common being burial, composting, incineration, and rendering.  Environmental concerns surrounding each of these methods deal with nutrient pollution into the surrounding soil and groundwater – because of these concerns, in many countries and US states the practice of burial in pits is heavily regulated or disallowed.[110] Farmers may construct their own facilities for composting, or purchase equipment to begin incineration or storage for rendering.[111]
Composting offers a safe and practical use for the organic material, while proper management of a composting site limits odor and presence of pests.[112] Incineration offers a swifter disposal method, but uses fuel energy and thus brings varying costs.[113] Rendering has the advantage of being handled off site, and the use of freezers can eliminate the spread of pathogens in storage awaiting pickup. Government organizations, like the USDA, may offer financial assistance to farmers looking to begin utilizing environmentally friendly mortality solutions.[114]
In North American production the most common predators are:[115][116]
Poultry workers experience substantially higher rates of illness and injury than manufacturing workers do on average.
For 2013, there were an estimated 1.59 cases of occupation-related illness per 100 full-time U.S. meat and poultry workers, compared to 0.36 for manufacturing workers overall.[117] Injuries are associated with repetitive movements, awkward postures, and cold temperatures. High rates of carpal tunnel syndrome and other muscular and skeletal disorders are reported. Disinfectant chemicals and infectious bacteria are causes of respiratory illnesses, allergic reactions, diarrhea, and skin infections.[118]
Poultry housing has been shown to have adverse effects on the respiratory health of workers, ranging from a cough to chronic bronchitis. Workers are exposed to concentrated airborne particulate matter (PM) and endotoxins (a harmful waste product of bacteria). In a conventional hen house a conveyor belt beneath the cages removes the manure. In a cage-free aviary system the manure coats the ground, resulting in the build-up of dust and bacteria over time. Eggs are often laid on the ground or under cages in the aviary housing, causing workers to come close to the floor and force dust and bacteria into the air, which they then inhale during egg collection.[119]
Oxfam America reports that huge industrialized poultry operations are under such pressure to maximize profits that workers are denied access to toilets.[120]
The Food and Agriculture Organization of the United Nations estimated that in 2002 there were nearly sixteen billion chickens in the world.[121] In 2008, the top countries with the highest number of chickens in the world was led by China with the largest at approx 4.6 billion, followed by the US with approx over 2 billion and then followed by Indonesia, Brazil and Mexico.[122]  In 2019, China had over 5.14 billion chickens, a higher amount than any other country in the world, followed by Indonesia with approx 3.7 billion chickens. The countries with the next-highest amounts were the US, Brazil, Pakistan,[123] Iran, India, Mexico, Russia and Myanmar respectively.[124]
In 1950, the average American consumed 20 pounds (9 kg) of chicken per year, but 92.2 pounds (41.9 kg) in 2017.[125] Additionally, in 1980 most chickens were sold whole, but by 2000 almost 90 percent of chickens were sold after being butchered into parts.[126]
Notable companies in the chicken production market of the USA include Tyson Foods, Sanderson Farms, Pilgrim's Pride, and Perdue Farms.[127]
Most farmers produce their chicken contracted out by one of the large chicken production companies.[128]
",poultry farming form animal husbandry breed domesticated bird including chicken duck turkey goose produce meat egg food poultry mostly chicken farmed great number billion chicken killed consumption annually chicken used meat known broiler chicken used egg called layer though usually also killed meat united state national organization overseeing poultry production food drug administration fda uk national organization department environment food rural affair defra according world watch institute percent world poultry meat percent egg produced intensively one alternative intensive poultry farming farming using lower stocking density poultry producer routinely use nationally approved medication antibiotic feed drinking water treat disease prevent disease outbreak medication also approved improved feed utilization chicken coop hen house structure chicken fowl kept safe secure may nest box perch house controversy basic need chicken coop one philosophy known fresh air school hold chicken mostly hardy brought low confinement poor air quality darkness hence need highly ventilated coop condition like outdoors even winter however others keep chicken believe prone illness outdoor weather need coop led two housing design chicken house wide opening nothing wire mesh chicken weather even northern winter closed house door window hatch shut ventilation commercial hen usually begin laying egg week age although production gradually decline soon approximately week age mean many country approximately week age flock considered economically unviable slaughtered approximately month egg production although chicken naturally live year country hen force moulted environmental condition often automatically controlled system example duration light phase initially increased prompt beginning week age mimic summer day length stimulates hen continue laying egg year round normally egg production occurs warmer month commercial breed hen produce egg year poultry farming allows chicken roam freely period day although usually confined shed night protect predator kept indoors weather particularly bad uk department environment food rural affair defra state chicken must access run least half life unlike united state definition also applies hen meaning still confined high stocking density limited outdoors access clarification needed european union regulates marketing standard egg farming specifies minimum condition egg hen continuous daytime access open air run except case temporary restriction imposed veterinary authority rspca welfare standard laying hen pullet indicates stocking rate must exceed bird per hectare per hen range available minimum area overhead per hen must provided farming hen increasing share market defra figure indicate egg produced uk throughout free range produced barn system cage compare free range suitable land requires adequate drainage minimise worm coccidial oocysts suitable protection prevailing wind good ventilation access protection predator excess heat cold damp harmful effect animal productivity free range farmer less control farmer using cage food chicken eat lead unreliable productivity though supplementary feeding reduces uncertainty benefit poultry farming laying hen include opportunity natural behaviour pecking scratching foraging exercise outdoors farm manure free range poultry used benefit crop intensive poultry farming hen still confined close proximity due high stocking density animal welfare concern cannibalism feather pecking vent pecking common prompting farmer use beak trimming preventative measure although reducing stocking rate would eliminate problem disease common animal vulnerable predator barn system found worst bird welfare asia lack disease control free range farming associated outbreak avian influenza instead keeping cage laying hen roam freely within enclosed barn type housing also provides enrichment hen including nesting box perch often located along floor barn many believe type housing better bird caging system disadvantage due increase activity bird dust level tend elevate air quality decrease air quality drop production compromise health welfare bird caretaker organic system u organic management start selection livestock begin later second day life organic poultry production requires organic management nutrition preventative health care living condition record keeping soil association standard used certify organic flock uk indicate maximum outdoors stocking density bird per hectare maximum hen poultry house uk organic laying hen routinely often confused free range farming yarding actually separate method hutch area outside combined farming poultry distinction poultry either totally unfenced fence distant little influence freedom movement yarding common technique used small farm northeastern bird released daily hutch coop hen usually lay egg either floor coop basket provided farmer husbandry technique complicated used rooster mostly aggressive behavior majority hen many country housed battery cage although european union council directive banned conventional battery cage eu state january april new battery cage able installed canada farmer must move towards enriched housing use system egg farmer canada announced country egg farmer transitioning away conventional hen housing system battery cage conventional caging left battery small cage usually made metal modern system housing hen wall made either solid metal mesh floor sloped wire mesh allow feces drop egg roll onto conveyor belt water usually provided overhead nipple system food trough along front cage replenished regular interval mechanical system battery cage arranged long row multiple tier often cage hence term within single barn may several floor containing battery cage meaning single shed may contain many ten thousand hen light intensity often kept low lux reduce feather pecking vent pecking benefit battery cage include easier care bird egg expensive collect eliminated egg cleaner capture end lay expedited generally less feed required produce egg broodiness eliminated hen may housed given house floor space internal parasite easily treated labor requirement generally much reduced farm using cage egg production bird per unit area allows greater productivity lower food cost floor space range upwards per hen eu standard called least per hen u current recommendation united egg producer per bird space available battery hen often described less size piece paper animal welfare scientist critical battery cage provide hen sufficient space stand walk flap wing perch make nest widely considered hen suffer boredom frustration unable perform behaviour lead wide range abnormal behaviour injurious hen cagemates european union council directive banned conventional battery cage laying hen throughout european union january banned previously country including switzerland response ban development prototype commercial furnished cage system began furnished cage sometimes called cage cage hen designed allow hen perform natural behavior whilst retaining economic husbandry advantage also provide welfare advantage system many design feature furnished cage incorporated research animal welfare science shown benefit hen uk defra code welfare laying hen state furnished cage provide least cage area per hen usable height cage usable area least cm every point cage total area less addition furnished cage provide nest litter pecking scratching possible appropriate perch allowing least cm per hen device feed trough may used without restriction providing cm per hen furnished cage enriched give hen space conventional battery cage bird may spread wing without touching one another desired enrichment nest box perch dust bath also provided bird may carry natural behavior nesting roosting scratching though outdoors enrichment laying hen cage ultimately result better bone quality result increased activity hen additional space enrichment provided furnished housing system although enriched housing system advantage reduced aggression towards one another cleaner egg modern egg laying breed often suffer osteoporosis result chicken skeletal system weakened egg production large amount calcium transferred bone create although dietary calcium level adequate absorption dietary calcium always sufficient given intensity production fully replenish bone calcium lead increase bone breakage particularly hen removed cage end laying osteoporosis may prevented free range housing system shown beneficial impact skeletal system hen compared housed caged system country austria belgium germany planning ban furnished cage additionally already banned conventional cage raising chicken urban suburban environment experiencing resurgence popularity many country including united state proponent practice cite benefit access fresh egg natural pest control educational opportunity connection sustainable food practice commercial operation typically use leghorn chicken many breed bantam urban setting practice face legal regulatory hurdle many city specific ordinance regarding number chicken allowed coop size potential noise odor issue concern surrounding predation wild carnivore raccoon heavy metal exposure potential reduction property value salmonella avian flu animal welfare potential conflict neighbor also exist despite challenge urban chicken keeping continues gain traction part broader local food movement way individual increase meat chicken commonly called broiler litter wood shaving peanut shell rice hull indoors housing modern farming method meat chicken reared indoors reach slaughter weight week age selectively bred first week broiler life grow percent body size broiler average pound kg body weight nine week hen average around pound kg rooster weigh around pound kg kg average broiler raised cage raised large open structure known grow house farmer receives bird hatchery one day old grow consists week according big kill plant want chicken house equipped mechanical system deliver feed water bird ventilation system heater function needed floor house covered bedding material consisting wood chip rice hull peanut shell case grown dry litter compost dry bedding help maintain flock health growout house enclosed watering system nipple drinker reduce spillage keeping bird inside house protects predator hawk fox house equipped curtain wall rolled good weather admit natural light fresh air growout house built recent year feature tunnel ventilation bank fan draw fresh air house traditionally flock broiler consist bird growout house measure foot long foot wide thus providing square foot per bird council agricultural science technology cast state minimum space square foot per bird modern house often larger contain bird floor space allotment still meet need bird larger bird grown fewer chicken put house give bigger bird space per square foot broiler relatively young reached sexual maturity exhibit little aggressive conduct chicken feed consists primarily corn soybean meal addition essential vitamin mineral hormone steroid allowed raising chicken intensive broiler shed air become highly polluted ammonia droppings case farmer must run fan bring clean fresh air damage chicken eye respiratory system cause painful burn leg called hock burn well blister foot broiler bred fast growth high rate developing leg deformity large breast muscle cause distortion developing leg pelvis leading often unable support body weight case chicken become crippled longer walk farmer go pull difficulty moving chicken change environment avoid heat cold dirt would natural condition added weight overcrowding also put strain heart lung possibly leading ascites uk million broiler die shed heart failure year heat wave power failure shuts ventilation chicken could die short period time good grow farmer sell flock feed conversion ratio marketing bird farmer must clean prepare another flock farmer average grow out year higher welfare system chicken kept indoors space around bird per square metre richer environment example natural light straw bale encourage foraging perching chicken grow slowly live two week longer intensively farmed bird benefit higher welfare indoor system reduced growth rate less crowding opportunity natural behaviour one example indoor production higher welfare production better chicken commitment standard broiler reared similar condition hen breed grow slowly used indoor rearing usually reach slaughter weight approximately week age eu chicken must one square metre outdoor space benefit poultry farming include opportunity natural behaviour pecking scratching foraging exercise outdoors grow slower opportunity exercise broiler often better leg heart health organic broiler chicken reared similar condition broiler restriction routine use medication food additive synthetic amino acid breed used slower growing traditional breed typically reach slaughter weight around week age larger space allowance outside least square metre sometimes square metre per bird soil association standard indicate maximum outdoors stocking density bird per hectare maximum broiler per poultry house chicken type chicken may used production egg meat past many chicken breed selected function however since advent laying meat hybrid industrial chicken breeding made sharp distinction chicken either function certain characteristic promoted extreme degree partly due discussion male offspring laying hen economically viable usually gassed ground alive chick discussion currently underway whether chicken future role large smaller scale historically distinction egg meat production exist appeared development industrial farming breeder specialization including chick modern laying breed become unable provide enough meat satisfy consumer accustomed breed selected fattening poor layer brooder citation needed addition strategy killing livestock affected avian influenza highly pathogenic disease significant epidemiological risk led large number family backyard replace old mixed variety laying poultry modern meat dish citation needed faced criticism leveled industrial farming particular concerning killing million chick gassing even certain case denounced medium grinding live chick asphyxiation plastic bag animal buried alive simply thrown dumpster concept dual use one possible answer supported demeter network germany switzerland two million chick hybrid laying breed put death every year according oswald burch director gallosuisse radio animal killed almost birth sold food animal zoo animal store transformed biogas another solution would analyze sex embryo fetus egg incubation phase egg still consumable eliminate breeding circuit direct egg sale circuit egg yet incubated fertilized consumed first day laying recall ruedi zweifel director aviforum foundation competence center swiss poultry farming university leipzig dresden testing way achieve yet found applicable real time industrial scale german company lohmann one first integrated concept large scale part collaboration agricultural association déméter produced poultry crossing line presenting characteristic way solve problem killing male chick chicken selected lohmann group lohmann dual raised switzerland breeder coop network decided launch experiment test poultry although knowing instead producing egg per year like good laying hen produce around egg per year also smaller according journal swiss poultry organization consumer accepts higher price exchange better consideration animal cause sector could launched concerning meat coop spokesperson ramon gander estimated demand according meat also convinced taster animal welfare group frequently criticized poultry industry engaging practice assert inhumane many animal right advocate object killing chicken food factory farm condition raised method transport slaughter animal outlook formerly compassion killing group repeatedly conducted undercover investigation chicken farm slaughterhouse allege confirm claim cruelty common practice among hatchery hen culling newly hatched male chick since lay egg grow fast enough profitable meat plan ethically destroy egg chick hatched using sex determination chicken often stunned slaughter using carbon dioxide electric shock water bath method claimed humane could used low atmospheric pressure stunning inert gas asphyxiation according animal charity carrying chicken leg inhumane european commission advocate practice uk government intending legalize laying hen routinely day age reduce damaging effect aggression feather pecking cannibalism scientific study shown beak trimming likely cause acute chronic pain severe beak trimming beak trimming bird older age may cause chronic pain following beak trimming older adult hen nociceptors beak stump show abnormal pattern neural discharge indicating acute pain neuroma tangled mass swollen regenerating axon sprout found healed stump bird beak trimmed week age older severely beak trimmed bird neuroma associated phantom pain human amputee therefore linked chronic pain beak trimmed bird beak trimming severe improper procedure done older bird neuroma persist suggests beak trimmed older bird experience chronic pain although debated chick initially peck less chicken animal behaviorist temple grandin attribute guarding pain animal right activist peter singer claim procedure bad beak sensitive usual practice trimming without anaesthesia considered inhumane within chicken industry claim painful whereas others argue procedure cause chronic pain discomfort decrease ability eat drink antibiotic used poultry farming mass quantity since food drug administration fda approved use scientist found chicken fed antibiotic residue grew percent faster control chicken laid egg experienced lower mortality less illness upon discovery farmer transitioned expensive animal protein comparatively inexpensive antibiotic chicken reaching market weight much faster rate lower cost growing population greater demand farmer antibiotic appeared ideal way increase output poultry since discovery antibiotic routinely used poultry production recently topic debate secondary fear bacterial antibiotic resistance poultry feed include roxarsone nitarsone arsenical antimicrobial drug also promote growth roxarsone used broiler starter broiler grower drug generated controversy contains arsenic highly toxic human arsenic could transmitted poultry yard study magazine consumer report reported detectable arsenic sample muscle found sample amount according epa standard could cause neurological problem child ate ounce cooked liver per week adult ate ounce per week food drug administration fda however organization responsible regulation food america sample tested far less amount allowed food product hormone use poultry production illegal united state similarly chicken meat sale australia fed hormone several scientific study documented fact chicken grow rapidly bred growth hormone according consumer report million american sickened year undercooked tainted chicken usda study discovered coli biotype supermarket chicken result chicken butchering sterile process however study also show strain coli found always form chicken pathenogenic serotype many chicken furthermore relatively low level contamination feces tend leak carcass evisceration stage evisceration stage give opportunity interior carcass receive intestinal bacteria skin carcass well skin present better barrier bacteria reach higher temperature cooking contained largely eviscerating carcass time butchering deferring time retail sale home gave intestinal bacteria less opportunity colonize edible meat development broiler added convenience introducing risk assumption refrigeration thorough cooking would provide adequate protection coli killed proper cooking time still risk associated commercially farmed chicken troubling irradiation proposed mean sterilizing chicken meat butchering aerobic bacteria found poultry housing include coli staphylococcus pseudomona micrococcus others well contaminant contribute dust often cause issue respiratory system poultry human working environment bacterial level poultry drinking water reach high level result bacterial diarrhoea lead blood poisoning bacteria spread damaged intestine salmonella stressful poultry production cause disease investigated detail also risk crowded condition chicken farm allow avian influenza bird flu spread quickly united nation press release state government local authority international agency need take greatly increased role combating role commerce live poultry wildlife market provide ideal condition virus spread mutate dangerous form infected farm likely prevent spread mass killing chicken often via less humane method heatstroke u million poultry bird killed several dermatitis condition significant chicken especially gangrenous dermatitis gd caused clostridium septicum clostridium perfringens type clostridium sordellii clostridium novyi staphylococcus aureus staphylococcus xylosus staphylococcus epidermidis escherichia coli pasteurella multocida pseudomonas aeruginosa enterococcus faecalis proteus bacillus erysipelothrix rhusiopathiae gallibacterium anatis var haemolytica beemer et al find rhodotorula mucilaginosa cause dermatitis chicken easily confused gd farming chicken industrial scale relies largely high protein feed derived soybean european union soybean dominates protein supply animal feed poultry industry largest consumer feed two kilogram grain must fed poultry produce kg weight gain much less required pork beef however every gram protein consumed chicken yield g edible protein change agricultural price poultry feed direct effect cost business poultry industry instance significant rise price corn united state put significant economic pressure large industrial chicken farming operation poultry production requires regular control excrement many part world production operation especially larger operation need comply environmental regulation protection different mammalian excrement poultry bird urine feces excreted combined manure result wetter higher concentrated nitrogen waste managed wet dry combination wet management particularly used battery egg laying operation waste sluiced constantly occasionally flowing water water also used clean floor around nesting site separate open run dry management particularly refers dry litter sawdust removed needed dry also include open pasture manure absorbed existing soil vegetation need monitored diligently overwhelm ground capacity lead runoff pollution problem liquid sluicings dry litter used organic fertilizer wet bulk liquid manure harder ship often limited local use latter easier distribute bulk commercial packaging mortality daily consideration poultry farmer carcass must disposed order limit spread disease prevalence pest variety method disposal common burial composting incineration rendering environmental concern surrounding method deal nutrient pollution surrounding soil groundwater concern many country u state practice burial pit heavily regulated disallowed farmer may construct facility composting purchase equipment begin incineration storage rendering composting offer safe practical use organic material proper management composting site limit odor presence pest incineration offer swifter disposal method us fuel energy thus brings varying cost rendering advantage handled site use freezer eliminate spread pathogen storage awaiting pickup government organization like usda may offer financial assistance farmer looking begin utilizing environmentally friendly mortality solution north american production common predator poultry worker experience substantially higher rate illness injury manufacturing worker average estimated case illness per meat poultry worker compared manufacturing worker overall injury associated repetitive movement awkward posture cold temperature high rate carpal tunnel syndrome muscular skeletal disorder reported disinfectant chemical infectious bacteria cause respiratory illness allergic reaction diarrhea skin infection poultry housing shown adverse effect respiratory health worker ranging cough chronic bronchitis worker exposed concentrated airborne particulate matter pm endotoxin harmful waste product bacteria conventional hen house conveyor belt beneath cage remove manure aviary system manure coat ground resulting dust bacteria time egg often laid ground cage aviary housing causing worker come close floor force dust bacteria air inhale egg collection oxfam america report huge industrialized poultry operation pressure maximize profit worker denied access toilet food agriculture organization united nation estimated nearly sixteen billion chicken world top country highest number chicken world led china largest approx billion followed u approx billion followed indonesia brazil mexico china billion chicken higher amount country world followed indonesia approx billion chicken country amount u brazil pakistan iran india mexico russia myanmar respectively average american consumed pound kg chicken per year pound kg additionally chicken sold whole almost percent chicken sold butchered part notable company chicken production market usa include tyson food sanderson farm pilgrim pride perdue farm farmer produce chicken contracted one large chicken production company
Document 11,Cultural references to chickens - Wikipedia,"
There are numerous cultural references to chickens in myth, folklore, religion, and literature. Because the chicken has lived in close association with humans for millennia, it has become deeply embedded in cultures worldwide. Its presence in myth, religion, and art from every inhabited continent reflects not only its practical value but also its symbolic importance. The ubiquity of chickens in human societies exemplifies their long-standing symbiotic relationship with humans—a partnership that has made the chicken one of the most successful species on Earth.[note 1]
Chickens are a sacred animal in many cultures, being deeply embedded in  belief systems and religious worship practices.[1]
Roosters are sometimes used for a divination practice called Alectryomancy, a word deriving from the Greek for ""rooster"" and ""divination"". This would sometimes involve sacrificing a sacred rooster during a ritual cockfight[2] to communicate with the gods.
In Greek mythology, Alectryon was the guard of Ares, waiting beside his door and alerting him if anyone came near while he was sleeping with Aphrodite, wife of Hephaestus. However, Alectryon once fell asleep, and Helios, the sun, saw the two lovers and alerted Hephaestus. In anger over Alectryon's incompetence, Ares turned Alectryon into a rooster for his disobedience, thus fulfilling his promise to Ares for eternity.[3][4] The rooster was one of Helios' sacred animals.[5]
In Ancient Greece, chickens were not normally used for sacrifices, perhaps because they were still considered exotic animals. Due to its valor, the cock is often depicted as an attribute of Ares, Heracles, and Athena. The alleged last words of Socrates, as recounted by Plato, were: ""Crito, I owe a cock to Asclepius; will you remember to pay the debt?"", signifying that death was a cure for the illness of life.
The Greeks believed that even lions were afraid of roosters. Several of Aesop's Fables reference this belief. The poet Cratinus calls the chicken ""the Persian alarm"". In Aristophanes's comedy The Birds (414 BC) a chicken is called ""the Median bird"", which points to an introduction from the East. Pictures of chickens are found on Greek red figure and black-figure pottery.
In Ancient Greece, chickens were still rare and were rather prestigious food for symposia.[6] Delos seems to have been a center of chicken breeding. ""About 3200 BC chickens were common in Sindh. After the attacks of the Aria people, these fowls spread from Sindh to Balakh and Iran. During attacks and wars between Iranians and Greeks, the chickens of Hellanic breed came to Iran and about 1000 BC Hellenic chickens came into Sindh through Medan"".[7]
The mythological basilisk or cockatrice is depicted as a reptile-like creature with the upper body of a rooster.[8][9] Abraxas, a figure in Gnosticism, is portrayed similarly.[10]
The Romans used chickens as oracles, both when flying (augury) and when feeding (alectryomancy). According to Cicero any bird could be used in auspice, and at one point any bird could perform the tripudium.[11] Normally only chickens were consulted. The chickens were cared for by the pullarius, who fed them pulses or a special kind of cake when an augury was needed. If the chickens stayed in their cage, made noises, beat their wings, or flew away, the omen was bad; if they ate, the omen was good.[12]
In 249 BC, the Roman general Publius Claudius Pulcher had his sacred chickens[13] thrown overboard when they refused to feed before the battle of Drepana, saying ""If they won't eat, perhaps they will drink."" He promptly lost the battle against the Carthaginians, and was heavily fined for impiety back in Rome.[14]
In 162 BC, the Lex Faunia forbade fattening hens on grain, a measure enacted to reduce grain demand.[15] To get around this, the Romans castrated roosters (capon), which resulted in a doubling of size, despite a law in Rome forbidding the consumption of fattened chickens. [15]: 305  According to Aldrovandi, capons were produced by burning ""the hind part of the bowels, or loins or spurs""[16] with a hot iron. Fattening chickens with bread soaked in milk was thought to give especially delicious results. The Roman gourmet Apicius offers 17 recipes for chicken, mainly boiled chicken with sauce. All parts of the animal are used: the recipes include the stomach, liver, testicles, and even the pygostyle.
The Roman author Columella advises on chicken breeding in the eighth book of his treatise, De Re Rustica (On Agriculture). He commented on various breeds of chicken and their uses in different functions, ideal practices of flock keeping, construction of chicken coops, what feed to use, and when to slaughter.
Plutarch said the inhabitants of Caria carried the emblem of the rooster on the end of their lances and relates that origin to Artaxerxes, who awarded a Carian who was said to have killed Cyrus the Younger at the battle of Cunaxa in 401 B.C ""the privilege of carrying ever after a golden cock upon his spear before the first ranks of the army in all expeditions"".[17] The Carians also wore crested helmets at the time of Herodotus, for which reason ""the Persians gave the Carians the name of cocks"".[18]
The Rooster is the tenth of the twelve animal symbols in the Chinese zodiac. In Taoism, the spring Hanshi or Cold Food festival was a traditional holiday in which fires were left to die down and then re-lit. Both fire and the rooster are symbols of yang and the sun. Thus, to have a rooster fight another rooster was the same in substance as the fire-renewal custom, and cockfighting was instituted as a springtime ritual.[19] The Hanshi festival was eventually moved to coincide with the Qingming Festival, retaining the rooster and cockfights.[20]
Many roosters are found around Shinto shrines, with the rooster being associated with the sun goddess Amaterasu.[21]
Indigenous beliefs on the veneration of spirits and deities still remain strong in Southeast Asia. The veneration of traditional spirits (Antio) still exists for practicing Christians. A popular form of fertility worship among most of Southeast Asia is the Animist belief in the rooster and the cockfight.[22] Some Judeo-Christians consider this a form of Baal or Baalim.
In East Timor the cock is admired for courage and perseverance. Man's courage is often compared with that of the cock, and cockfights are a regular occurrence. Many tais designs include the cock.[23]
In Indonesia, many religions place symbolic importance on the rooster. A sect of Balinese Hinduism within the Toraja society called Aluk, or Aluk To Dolo, embraces rituals such as funeral ceremonies including a sacred cockfight.[24] In several myths, the cock has the power to revive the dead or to make a wish come true.[25] Kaharingan, an animist folk religion of the Iban branch of the Dayak people, includes the belief in a deity associated with the rooster and cockfighting, and the belief that humans become the fighting cocks of god. The Iban further believe that the rooster and cockfight was introduced to them by god.[citation needed] Gawai Dayak, a festival of the Dayaks, includes the cockfight and the waving of a rooster over offerings while asking for guidance and blessings; the rooster is then sacrificed.[26] The Tiwah festival involves the sacrifice of animals such as chickens as offerings to the Supreme God.[citation needed]
Miao (i.e. Hmong) are animists, shamanists, and ancestor worshipers with beliefs influenced by Taoism, Buddhism and Christianity. At the Miao New Year, there may be domestic animal sacrifices or cockfights. The Hmong of Southeast Guizhou cover the rooster with a piece of red cloth, then hold it up to worship and sacrifice. In Hmong Shamanism, a shaman may use a rooster in a religious ceremony; it is said that the rooster shields the shaman from evil spirits, as the evil spirits see only the rooster's spirit. In a 2010 trial of a Sheboygan Wisconsin Hmong charged with staging a cockfight, it was stated that the roosters were ""kept for both food and religious purposes"",[27] resulting in an acquittal.[28] In Vietnam fighting roosters or fighting cocks are colloquially called ""sacred chickens"".[29]
The Bayon Temple in Cambodia is an ancient Buddhist temple which includes a depiction of a cockfight within its walls.[30] During April, the Three Pagodas Pass becomes the site of the Songkran Festival, which includes cockfights.[31] Many sacred Buddhist amulets depict Buddha with cocks in fighting stance. Cocks are also interpreted as a symbol of greed in Tibetan Buddhist murals.
Chickens are ritually sacrificed in the Santería religion which originated in Cuba and developed from native Caribbean culture, Catholicism, and the Yoruba religion of West Africa.[32]
The Khasi people of Northeast India believe the rooster is sacrificed as a substitute for humans, as it's thought that the cock ""bears the sins of the man."" in sacrifice.[33]
Kukkuta Sastra, or cock astrology, is a form of divination based on the rooster fight common in coastal districts of Andhra Pradesh, India.[citation needed]
Hindu war god Kartikeya is depicted with a rooster on his flag. A demon Surapadman was split into two and the halves turned into the peacock (his mount) and the rooster in his flag. Balinese Hinduism includes the religious belief of Tabuh Rah, a religious cockfight where a rooster is used to fight against another rooster. The altar and deity Ida Ratu Saung may be seen with a fighting cock in his hand[34] with the spilling of blood serving as a purification rite to appease the evil spirits. Ritual fights usually occur outside the temple and follow an ancient and complex ritual set out in the sacred lontar manuscripts.[35]
Likewise, a popular Hindu ritual form of worship from North Malabar in Kerala, India is the blood offering to the Theyyam gods. Despite being forbidden in the Vedic philosophy of sattvic Hinduism, Jainism and Buddhism,[citation needed] Theyyam deities are propitiated through a rooster sacrifice in which the religious cockfight serves as an offering of blood to the Theyyam gods. Pongal or Makar Sankranti is a Hindu harvest festival. In the southern state of Tamil Nadu and the western state of Gujarat, one event of the celebrations is rooster fighting, also known as Seval Sandai or Kozhi kettu. It is also practised in Tulunadu.[36] Kozhi kettu organized as part of religious events are permitted.[37]
Yoruba oral history tells of God lowering Oduduwa down from the sky, the ancestor of all people, bringing with him a rooster, some dirt, and a palm seed. The dirt was thrown into the water and the cock scratched it to form land, and the seed grew into a tree with sixteen limbs, the original sixteen kingdoms.[38] Ikenga, an alusi of the Igbo people in southeastern Nigeria, requires consecration with offerings before religious use, which include the sacrificial blood of a rooster or ram for the spirit.
In many Central European folk tales, the devil is believed to flee at the first crowing of a rooster.
In modern Greece, when laying the foundation of a new building, it is customary to sacrifice a cock, ram, or lamb, and let its blood flow on the stone of the foundation.[39]
The Imbolc festivities in honor of the pan-Celtic goddess Brighid included the ritual sacrifice of a rooster and cockfighting.[40] In the 20th century, Imbolc was resurrected as a religious festival in Neopaganism, specifically in Wicca, Neo-druidry and Celtic reconstructionism.[41][42]
A black cockerel was believed in Medieval Europe to be a symbol of witchcraft along with the black cat.[43] A cockatrice is an English mythological creature said to have been born from an egg laid by a rooster and hatched by a serpent, and which could be killed by a rooster's call.[44]
In Norse mythology, the crowing of three particular roosters occurs at the beginning of the foretold events of Ragnarök. In the Poetic Edda poem Völuspá, references to Ragnarök begin from stanza 40 until 58, with the rest describing the aftermath. In the poem, a völva—a Norse seeress—recites information to the wisdom-seeking god Odin. In stanza 41, the völva says:
Old Norse:
English:
The völva then describes three roosters crowing: In stanza 42, the jötunn herdsman Eggthér sits on a mound and cheerfully plays his harp while the crimson rooster Fjalar (Old Norse ""hider, deceiver""[46]) crows in the forest Gálgviðr. The golden rooster Gullinkambi crows to the Æsir in Valhalla, and the third, unnamed soot-red rooster crows in the halls of the underworld location of Hel in stanza 43.[47] The poem Fjölsvinnsmál also mentions a rooster by the name of Víðópnir.[48] According to the poem, the rooster sits atop the tree Mímameiðr, likely another name for the central cosmological tree Yggdrasil.[49] It is suggested that the Pleiades were called the hens of Frigg or of Freya by Norse peoples.[50] The three stars of Orion's belt were called the Distaff of Frigg.[51]
Astrology and the constellations comprising the zodiac originated in ancient Babylonia, modern day Iraq. The lore of the True Shepherd of Anu (SIPA.ZI.AN.NA) – Orion and his accompanying animal symbol, the Rooster, with both representing the herald of the gods, being their divinely ordained role in communicating messages of the gods.[citation needed] ""The Heavenly Shepherd"" or ""True Shepherd of Anu"" – Anu being the chief god of the heavenly realms.[52] On the star map, the figure of the Rooster was shown below and behind the figure of the True Shepherd, both representing the herald of the gods, in his bird and human forms respectively.[53]
Nergal is an idol of the Assyrians, Babylonians, Phoenicians, and Persians whose name means, ""a dunghill cock"".[53][54] According to astrological mythology, Nergal represented the planet Mars, the emblem of violence and bloodshed.[55] The Samaritans or 'Cutheans' also worshiped the Mesopotamian deity Nergal.[56][57]
The understanding of the divine spiritual endowment of the rooster within Islam, may be evidenced in the words of Muhammad of that Abrahamic religion in one of the six canonical hadith collections of Sunni Islam, stating that of ""when you hear the crowing of cocks, ask for Allah's Blessings for they have seen an angel"".[58]
Zoroastrianism opposes animal sacrifices. In it, the rooster is a ""symbol of light.""[59] The cock in Zoroastrianism is associated with ""good against evil""[59] because of its heraldic actions.[clarification needed] In Iran during the Kianian Period, from about 2000 B.C. to about 700 B.C., among domestic birds, ""the cock was the most sacred""[60] and within that religion the devout, ""had a cock to guard [them] and ward off evil spirits"".[61]
Judaism includes many references to roosters as important animals. The Zohar, a book of Jewish mysticism and collection of writings on the Torah, tells of a celestial manifestation causing the crowing of roosters. The Talmud states: ""Blessed be He who has given the cock intelligence"" (Ber. 60b).[62]
In the rabbinic literature, the cockcrow is used as general marker of time,[63] and some of the Sages interpreted the ""cockcrow"" to mean the voice of the Temple officer who summoned all priests, Levites, and Israelites to their duties. The Hebrew gever or geber was used to mean ""rooster"" in addition to the literal meaning of ""(strong) man"".[64]
The rooster has also been depicted within the Star of David, a symbol of Judaism and Jewish identity. Excavations at Gibeon have found potsherds dating to the seventh century B.C. incised with roosters inside Stars of David.[65]
The seal of Jaazaniah, a 6th-century B.C. onyx seal found during the excavation of Tell en-Nasbeh, carries the insignia of a rooster with the inscription ""belonging to Jaazaniah, servant to the king"".[66][67] Tell en-Nasbeh is likely the ruins of the biblical city of Mizpah, and according to II Kings 25:23, Jaazaniah was an official at Mizpah under the governor Gedaliah, whose reign corresponds to the onyx seal's time. The seal constitutes the first known representation of the chicken in Palestine.
It is Carites in II Kings 11 who were used by Jehoiada to protect Joash son of Ahaziah of the line of David, ancestor to Christ from Athaliah.[incomprehensible]
In the Jewish religious practice of kapparos, a rooster is swung around the head and then slaughtered on the afternoon before Yom Kippur, the Day of Atonement. The meat is then distributed among the poor for their pre-fast meal. The purpose of the ritual is the atonement of the man's sins as the animal symbolically receives them; Jewish scholars in the ninth century wrote that, as symbolized by the Hebrew word gever or geber [68] meaning both ""man"" and ""rooster"", the rooster may serve as a religious vessel in place of man. The religious practice is mentioned for the first time by Natronai ben Hilai, Gaon of the Academy of Sura in Babylonia, in 853 C.E., who describes it as a custom of the Babylonian Jews. Kapparos has also been practiced by Persian Jews.[citation needed]
In the New Testament, Jesus prophesied the betrayal by Peter: ""Jesus answered, 'I tell you, Peter, before the rooster crows today, you will deny three times that you know me.'""[69] It happened,[70] and Peter cried bitterly. Earlier, Jesus compares himself to a mother hen when talking about Jerusalem: ""O Jerusalem, Jerusalem, you who kill the prophets and stone those sent to you, how often I have longed to gather your children together, as a hen gathers her chicks under her wings, but you were not willing.""[71]
Within the Christian ""Tomb of the Cocks"" in Bayt Jibrin, a Palestinian Arab village located 13 miles northwest of the city of Hebron and part of the Kingdom of Israel, ""we find two spirited cocks painted in red in the spandrels with a cross just over the center of the arch"".[72] Similarly, a multitude of sarcophagi are found with the rooster and the sacred cockfight with the understanding of striving for resurrection and eternal life in Christianity. This sacred subject is carved on early Christian tombs, where the sepulchral carvings have an important purpose, ""a faithful wish for immortality, with the victory of the cock and his supporting genius analogous to the hope of resurrection, the victory of the soul over death"".[73]
Reverend Dr. Kosuke Koyama's tried to spread Christianity through the medium of cockfighting.[74] Numerous representations of the rooster or cock as a religious vessel can be found in catacombs from the earliest period[75] including a painting from the Catacomb of St. Priscilla (mentioned in all the ancient liturgical sources and known as the ""Queen of the Catacombs"" in antiquity) reproduced in Giovanni Gaetano Bottari's folio of 1754, where the Good Shepherd is depicted as feeding the lambs, with a crowing cock on His right and left hand.[76]
Similar illustrations of cocks in fighting stance[77] are found within the Vivian Bible as well as the fighting cocks capitals in the Basilica of St. Andoche in Saulieu[78] and the Cathédrale Saint-Lazare d'Autun provides ""alternate documentation""[79] of the rooster and the religious, spiritual and sacred cockfight. All four canonical gospels state that Jesus foretold of Peter's denial (Saint Peter) and that he would deny Christ three times before the cock's crow. Augustine of Hippo, Catholic saint and pre-eminent Doctor of the Church understood ""a visible sign of an invisible reality"" of the rooster to include that as described by St. Augustine in DeOrdine as that which ""in every motion of these animals unendowed with reason there was nothing ungraceful since, of course, another higher reason was guiding everything they did"".[80] In the sixth century, it is reputed that Pope Gregory I declared the cock the emblem of Christianity saying the rooster was ""the most suitable emblem of Christianity"",[81] being ""the emblem of St Peter"".[82][83] Some say that it was as a result of this that the cock began to be used as a weather vane on church steeples, and some a Papal enactment of the ninth century ordered the figure of the cock to be placed on every church steeple.[84]
Pope Leo IV had the figure of the cock placed on the Old St. Peter's Basilica or old Constantinian basilica[85] and has served as a religious icon and reminder of Peter's denial of Christ since that time, with some churches still having the rooster on the steeple today. Alternative theories about the origin of weathercocks on church steeples are that it was an emblem of the vigilance of the clergy calling the people to prayer,[86] that it was derived from the Goths[87] and is only possibly a Christian symbol,[88] and that it is an emblem of the sun.[89]
In the Bayeux Tapestry of the 1070s, originally of the Bayeux Cathedral and now exhibited at Musée de la Tapisserie de Bayeux in Bayeux, Normandy, there is a depiction of a man installing a rooster on Westminster Abbey. The cornerstone is the first stone set in the construction of a masonry foundation, and over time, it became a ceremonial stone, with the laying of the stone being generally important metaphorically in sacred architecture.
Visual depictions of cockfighting include Jeunes Grecs faisant battre des coqs (1846), a painting by Jean-Léon Gérôme; Vainqueur au combat de coqs (1864) a bronze statue by Alexandre Falguière; the painting Hanengevecht in Vlaanderen (1882) by Emile Claus; and some works by Robin Philipson.
Abraham Valdelomar's 1918 tale El Caballero Carmelo depicts a cockfight between the protagonist, a cock named Carmelo, and his rival Ajiseco from a child's perspective, who considered this bird as a heroic member of his family. Nathanael West's 1939 novel The Day of the Locust includes a detailed and graphic cockfighting scene, as does the Alex Haley novel Roots: The Saga of an American Family and the miniseries based on it.
In Gabriel García Márquez's Nobel-Prize-winning 1967 novel One Hundred Years Of Solitude, cockfighting is outlawed in the town of Macondo after the patriarch of the Buendia family murders his cockfighting rival and is haunted by the man's ghost.[90] Cockfighting is central to García Marquez's 1965 novella No One Writes to the Colonel in which the unnamed protagonist sells all of his belongings to feed his murdered son's gamecock.
Charles Willeford's Cockfighter (1962) gives a detailed account of the protagonist's life as a 'cocker'. The book On the Border: Portraits of America's Southwestern Frontier describes a cockfight at a fiesta.[91] In Lasana M. Sekou’s 1997 novella Brotherhood of the Spurs, the title story of his James Michener Fellow collection of short stories, a cockfight in the 1960s is central to uniting the people of the Caribbean island of Saint Martin, which was partitioned by France and the Netherlands in 1648.[92]
Today, the Gallic rooster is an emblem of France. The rooster is also an emblem of Wallonia and the Turkish city of Denizli.
Among Roman deities, Priapus was sometimes represented as a cock, with its beak as a phallus and its wattles as testicles. The cock or a man with rooster attributes was similarly used as an erotic symbol, Priapus Gallinaceus.[93]
The Scottish Clan Cockburn use the cock as their badge. Their canting coat-of-arms is Argent three cocks gules, and their motto is ACCENDIT CANTU (Latin: He rouses us with song).[94] A fighting cockerel on a ball is the symbol of Tottenham Hotspur Football Club. The cockerel wears a pair of spurs, a reference to the club's nickname. It has been present on their crest and shield since 1901.
The cockerel is the emblem of the Turkish sports club Denizlispor, founded in 1966. The supporters of the club are called cockerels. Another football club that uses a rooster as its symbol and mascot is the Clube Atlético Mineiro, from Brazil. Brazilian football fans often refer to Mineiro as ""Galo"", which means rooster in Portuguese. In Australia, the Sydney Roosters, who play in the National Rugby League have adopted the cockerel as its emblem. The Roosters' emblem is a cock with its comb fashioned to represent the Sydney Opera House. Jesus College in the University of Cambridge features roosters on its coat of arms, which is a pun on the name of the college's founder, John Alcock.[95] The University of South Carolina features a Gamecock, or fighting cockerel, as its mascot for all athletic programs. The Coat of arms of Kenya features a rooster holding an axe. The emblem of Chianti Classico is a black rooster.[96]
",numerous cultural reference chicken myth folklore religion literature chicken lived close association human millennium become deeply embedded culture worldwide presence myth religion art every inhabited continent reflects practical value also symbolic importance ubiquity chicken human society exemplifies symbiotic relationship human partnership made chicken one successful specie earth note chicken sacred animal many culture deeply embedded belief system religious worship practice rooster sometimes used divination practice called alectryomancy word deriving greek rooster divination would sometimes involve sacrificing sacred rooster ritual cockfight communicate god greek mythology alectryon guard are waiting beside door alerting anyone came near sleeping aphrodite wife hephaestus however alectryon fell asleep helios sun saw two lover alerted hephaestus anger alectryon incompetence are turned alectryon rooster disobedience thus fulfilling promise are eternity rooster one helios sacred animal ancient greece chicken normally used sacrifice perhaps still considered exotic animal due valor cock often depicted attribute are heracles athena alleged last word socrates recounted plato crito owe cock asclepius remember pay debt signifying death cure illness life greek believed even lion afraid rooster several aesop fable reference belief poet cratinus call chicken persian alarm aristophanes comedy bird bc chicken called median bird point introduction east picture chicken found greek red figure pottery ancient greece chicken still rare rather prestigious food symposium delos seems center chicken breeding bc chicken common sindh attack aria people fowl spread sindh balakh iran attack war iranian greek chicken hellanic breed came iran bc hellenic chicken came sindh medan mythological basilisk cockatrice depicted creature upper body rooster abraxas figure gnosticism portrayed similarly roman used chicken oracle flying augury feeding alectryomancy according cicero bird could used auspice one point bird could perform tripudium normally chicken consulted chicken cared pullarius fed pulse special kind cake augury needed chicken stayed cage made noise beat wing flew away omen bad ate omen good bc roman general publius claudius pulcher sacred chicken thrown overboard refused feed battle drepana saying wo eat perhaps drink promptly lost battle carthaginian heavily fined impiety back rome bc lex faunia forbade fattening hen grain measure enacted reduce grain demand get around roman castrated rooster capon resulted doubling size despite law rome forbidding consumption fattened chicken according aldrovandi capon produced burning hind part bowel loin spur hot iron fattening chicken bread soaked milk thought give especially delicious result roman gourmet apicius offer recipe chicken mainly boiled chicken sauce part animal used recipe include stomach liver testicle even pygostyle roman author columella advises chicken breeding eighth book treatise de rustica agriculture commented various breed chicken us different function ideal practice flock keeping construction chicken coop feed use slaughter plutarch said inhabitant caria carried emblem rooster end lance relates origin artaxerxes awarded carian said killed cyrus younger battle cunaxa privilege carrying ever golden cock upon spear first rank army expedition carians also wore crested helmet time herodotus reason persian gave carians name cock rooster tenth twelve animal symbol chinese zodiac taoism spring hanshi cold food festival traditional holiday fire left die fire rooster symbol yang sun thus rooster fight another rooster substance custom cockfighting instituted springtime ritual hanshi festival eventually moved coincide qingming festival retaining rooster cockfight many rooster found around shinto shrine rooster associated sun goddess amaterasu indigenous belief veneration spirit deity still remain strong southeast asia veneration traditional spirit antio still exists practicing christian popular form fertility worship among southeast asia animist belief rooster cockfight consider form baal baalim east timor cock admired courage perseverance man courage often compared cock cockfight regular occurrence many tai design include cock indonesia many religion place symbolic importance rooster sect balinese hinduism within toraja society called aluk aluk dolo embrace ritual funeral ceremony including sacred cockfight several myth cock power revive dead make wish come true kaharingan animist folk religion iban branch dayak people includes belief deity associated rooster cockfighting belief human become fighting cock god iban believe rooster cockfight introduced god citation needed gawai dayak festival dayaks includes cockfight waving rooster offering asking guidance blessing rooster sacrificed tiwah festival involves sacrifice animal chicken offering supreme god citation needed miao hmong animist shamanists ancestor worshiper belief influenced taoism buddhism christianity miao new year may domestic animal sacrifice cockfight hmong southeast guizhou cover rooster piece red cloth hold worship sacrifice hmong shamanism shaman may use rooster religious ceremony said rooster shield shaman evil spirit evil spirit see rooster spirit trial sheboygan wisconsin hmong charged staging cockfight stated rooster kept food religious purpose resulting acquittal vietnam fighting rooster fighting cock colloquially called sacred chicken bayon temple cambodia ancient buddhist temple includes depiction cockfight within wall april three pagoda pas becomes site songkran festival includes cockfight many sacred buddhist amulet depict buddha cock fighting stance cock also interpreted symbol greed tibetan buddhist mural chicken ritually sacrificed santería religion originated cuba developed native caribbean culture catholicism yoruba religion west africa khasi people northeast india believe rooster sacrificed substitute human thought cock bear sin man sacrifice kukkuta sastra cock astrology form divination based rooster fight common coastal district andhra pradesh india citation needed hindu war god kartikeya depicted rooster flag demon surapadman split two half turned peacock mount rooster flag balinese hinduism includes religious belief tabuh rah religious cockfight rooster used fight another rooster altar deity ida ratu saung may seen fighting cock hand spilling blood serving purification rite appease evil spirit ritual fight usually occur outside temple follow ancient complex ritual set sacred lontar manuscript likewise popular hindu ritual form worship north malabar kerala india blood offering theyyam god despite forbidden vedic philosophy sattvic hinduism jainism buddhism citation needed theyyam deity propitiated rooster sacrifice religious cockfight serf offering blood theyyam god pongal makar sankranti hindu harvest festival southern state tamil nadu western state gujarat one event celebration rooster fighting also known seval sandai kozhi kettu also practised tulunadu kozhi kettu organized part religious event permitted yoruba oral history tell god lowering oduduwa sky ancestor people bringing rooster dirt palm seed dirt thrown water cock scratched form land seed grew tree sixteen limb original sixteen kingdom ikenga alusi igbo people southeastern nigeria requires consecration offering religious use include sacrificial blood rooster ram spirit many central european folk tale devil believed flee first crowing rooster modern greece laying foundation new building customary sacrifice cock ram lamb let blood flow stone foundation imbolc festivity honor goddess brighid included ritual sacrifice rooster cockfighting century imbolc resurrected religious festival neopaganism specifically wicca celtic reconstructionism black cockerel believed medieval europe symbol witchcraft along black cat cockatrice english mythological creature said born egg laid rooster hatched serpent could killed rooster call norse mythology crowing three particular rooster occurs beginning foretold event ragnarök poetic edda poem völuspá reference ragnarök begin stanza rest describing aftermath poem völva norse seeress recites information god odin stanza völva say old norse english völva describes three rooster crowing stanza jötunn herdsman eggthér sits mound cheerfully play harp crimson rooster fjalar old norse hider deceiver crow forest gálgviðr golden rooster gullinkambi crow æsir valhalla third unnamed rooster crow hall underworld location hel stanza poem fjölsvinnsmál also mention rooster name víðópnir according poem rooster sits atop tree mímameiðr likely another name central cosmological tree yggdrasil suggested pleiades called hen frigg freya norse people three star orion belt called distaff frigg astrology constellation comprising zodiac originated ancient babylonia modern day iraq lore true shepherd anu orion accompanying animal symbol rooster representing herald god divinely ordained role communicating message god citation needed heavenly shepherd true shepherd anu anu chief god heavenly realm star map figure rooster shown behind figure true shepherd representing herald god bird human form respectively nergal idol assyrian babylonian phoenician persian whose name mean dunghill cock according astrological mythology nergal represented planet mar emblem violence bloodshed samaritan also worshiped mesopotamian deity nergal understanding divine spiritual endowment rooster within islam may evidenced word muhammad abrahamic religion one six canonical hadith collection sunni islam stating hear crowing cock ask allah blessing seen angel zoroastrianism opposes animal sacrifice rooster symbol light cock zoroastrianism associated good evil heraldic action clarification needed iran kianian period among domestic bird cock sacred within religion devout cock guard ward evil spirit judaism includes many reference rooster important animal zohar book jewish mysticism collection writing torah tell celestial manifestation causing crowing rooster talmud state blessed given cock intelligence ber rabbinic literature cockcrow used general marker time sage interpreted cockcrow mean voice temple officer summoned priest levite israelite duty hebrew gever geber used mean rooster addition literal meaning strong man rooster also depicted within star david symbol judaism jewish identity excavation gibeon found potsherd dating seventh century incised rooster inside star david seal jaazaniah onyx seal found excavation tell carry insignia rooster inscription belonging jaazaniah servant king tell likely ruin biblical city mizpah according ii king jaazaniah official mizpah governor gedaliah whose reign corresponds onyx seal time seal constitutes first known representation chicken palestine carites ii king used jehoiada protect joash son ahaziah line david ancestor christ athaliah incomprehensible jewish religious practice kapparos rooster swung around head slaughtered afternoon yom kippur day atonement meat distributed among poor meal purpose ritual atonement man sin animal symbolically receives jewish scholar ninth century wrote symbolized hebrew word gever geber meaning man rooster rooster may serve religious vessel place man religious practice mentioned first time natronai ben hilai gaon academy sura babylonia describes custom babylonian jew kapparos also practiced persian jew citation needed new testament jesus prophesied betrayal peter jesus answered tell peter rooster crow today deny three time know happened peter cried bitterly earlier jesus compare mother hen talking jerusalem jerusalem jerusalem kill prophet stone sent often longed gather child together hen gather chick wing willing within christian tomb cock bayt jibrin palestinian arab village located mile northwest city hebron part kingdom israel find two spirited cock painted red spandrel cross center arch similarly multitude sarcophagus found rooster sacred cockfight understanding striving resurrection eternal life christianity sacred subject carved early christian tomb sepulchral carving important purpose faithful wish immortality victory cock supporting genius analogous hope resurrection victory soul death reverend kosuke koyama tried spread christianity medium cockfighting numerous representation rooster cock religious vessel found catacomb earliest period including painting catacomb priscilla mentioned ancient liturgical source known queen catacomb antiquity reproduced giovanni gaetano bottari folio good shepherd depicted feeding lamb crowing cock right left hand similar illustration cock fighting stance found within vivian bible well fighting cock capital basilica andoche saulieu cathédrale provides alternate documentation rooster religious spiritual sacred cockfight four canonical gospel state jesus foretold peter denial saint peter would deny christ three time cock crow augustine hippo catholic saint doctor church understood visible sign invisible reality rooster include described augustine deordine every motion animal unendowed reason nothing ungraceful since course another higher reason guiding everything sixth century reputed pope gregory declared cock emblem christianity saying rooster suitable emblem christianity emblem st peter say result cock began used weather vane church steeple papal enactment ninth century ordered figure cock placed every church steeple pope leo iv figure cock placed old peter basilica old constantinian basilica served religious icon reminder peter denial christ since time church still rooster steeple today alternative theory origin weathercock church steeple emblem vigilance clergy calling people prayer derived goth possibly christian symbol emblem sun bayeux tapestry originally bayeux cathedral exhibited musée de la tapisserie de bayeux bayeux normandy depiction man installing rooster westminster abbey cornerstone first stone set construction masonry foundation time became ceremonial stone laying stone generally important metaphorically sacred architecture visual depiction cockfighting include jeunes grecs faisant battre de coqs painting gérôme vainqueur au combat de coqs bronze statue alexandre falguière painting hanengevecht vlaanderen emile claus work robin philipson abraham valdelomar tale el caballero carmelo depicts cockfight protagonist cock named carmelo rival ajiseco child perspective considered bird heroic member family nathanael west novel day locust includes detailed graphic cockfighting scene alex haley novel root saga american family miniseries based gabriel garcía márquez novel one hundred year solitude cockfighting outlawed town macondo patriarch buendia family murder cockfighting rival haunted man ghost cockfighting central garcía marquez novella one writes colonel unnamed protagonist sell belonging feed murdered son gamecock charles willeford cockfighter give detailed account protagonist life book border portrait america southwestern frontier describes cockfight fiesta lasana sekou novella brotherhood spur title story james michener fellow collection short story cockfight central uniting people caribbean island saint martin partitioned france netherlands today gallic rooster emblem france rooster also emblem wallonia turkish city denizli among roman deity priapus sometimes represented cock beak phallus wattle testicle cock man rooster attribute similarly used erotic symbol priapus gallinaceus scottish clan cockburn use cock badge canting argent three cock gules motto accendit cantu latin rous u song fighting cockerel ball symbol tottenham hotspur football club cockerel wear pair spur reference club nickname present crest shield since cockerel emblem turkish sport club denizlispor founded supporter club called cockerel another football club us rooster symbol mascot clube atlético mineiro brazil brazilian football fan often refer mineiro galo mean rooster portuguese australia sydney rooster play national rugby league adopted cockerel emblem rooster emblem cock comb fashioned represent sydney opera house jesus college university cambridge feature rooster coat arm pun name college founder john alcock university south carolina feature gamecock fighting cockerel mascot athletic program coat arm kenya feature rooster holding axe emblem chianti classico black rooster
Document 12,Animal husbandry - Wikipedia,"
Animal husbandry is the branch of agriculture concerned with animals that are raised for meat, fibre, milk, or other products. It includes day-to-day care, management, production, nutrition, selective breeding, and the raising of livestock. Husbandry has a long history, starting with the Neolithic Revolution when animals were first domesticated around 13,000 BC, before the cultivation of the first crops. In early civilisations like ancient Egypt, cattle, sheep, goats, and pigs were being raised on farms.
Major changes took place in the Columbian exchange, when Old World livestock were brought to the New World, and then in the British Agricultural Revolution of the 18th century, when livestock breeds like the Dishley Longhorn cattle and Lincoln Longwool sheep were rapidly improved by agriculturalists, such as Robert Bakewell, to yield more meat, milk, and wool. A wide range of other species, such as horse, water buffalo, llama, rabbit, and guinea pig, are used as livestock in some parts of the world. Insect farming, as well as aquaculture of fish, molluscs, and crustaceans, is widespread.
Modern animal husbandry relies on production systems adapted to the available land. Subsistence farming is being superseded by intensive animal farming in the more developed parts of the world, where, for example, beef cattle are kept in high-density feedlots, and thousands of chickens may be raised in broiler houses or batteries. On poorer soil, such as in uplands, animals are often kept more extensively and may be allowed to roam widely, foraging for themselves. Animal agriculture at modern scale drives climate change, ocean acidification, and biodiversity loss.
Most livestock are herbivores, except (among the most commonly-kept species) for pigs and chickens, which are omnivores. Ruminants like cattle and sheep are adapted to feed on grass; they can forage outdoors or may be fed entirely or in part on rations richer in energy and protein, such as pelleted cereals. Pigs and poultry cannot digest the cellulose in forage and require other high-protein foods.
The verb to husband, meaning ""to manage carefully"", derives from an older meaning of husband, which in the 14th century referred to the ownership and care of a household or farm, but today means the ""control or judicious use of resources"", and in agriculture, the cultivation of plants or animals.[1] Farmers and ranchers who raise livestock are considered to practice animal husbandry.
The domestication of livestock was driven by the need to have food on hand when hunting was unproductive. The desirable characteristics of a domestic animal are that it should be useful to the domesticator, should be able to thrive in their company, should breed freely, and be easy to tend.[2] Domestication was not a single event, but a process repeated at various periods in different places. Sheep and goats were the animals that accompanied the nomads in the Middle East, while cattle and pigs were associated with more settled communities.[3] The first wild animal to be domesticated was the dog. Half-wild dogs, perhaps starting with young individuals, may have been tolerated as scavengers and killers of vermin, and, being naturally pack hunters, were predisposed to become part of the human pack and join in the hunt. Prey animals, sheep, goats, pigs, and cattle, were progressively domesticated early in the history of agriculture.[3] Pigs were domesticated in the Near East between 8,500 and 8000 BC,[4] sheep and goats in or near the Fertile Crescent about 8,500 BC,[5] and cattle from wild aurochs in the areas of modern Turkey and Pakistan around 8,500 BC.[6] A cow was a great advantage to a villager as she produced more milk than her calf needed, and her strength could be put to use as a working animal, pulling a plough to increase production of crops, and drawing a sledge, and later a cart, to bring the produce home from the field. Draught animals were first used about 4,000 BC in the Middle East, increasing agricultural production immeasurably.[3]
In southern Asia, the elephant was domesticated by 6,000 BC.[7] Fossilised chicken bones dated to 5040 BC have been found in northeastern China, far from where their wild ancestors lived in the jungles of tropical Asia, but archaeologists believe that the original purpose of domestication was for the sport of cockfighting.[8] Meanwhile, in South America, the llama and the alpaca had been domesticated, probably before 3,000 BC, as beasts of burden and for their wool. Neither was strong enough to pull a plough, which limited the development of agriculture in the New World.[3] Horses occur naturally on the steppes of Central Asia, and their domestication began around 3,000 BC in the Black Sea and Caspian Sea region. Although horses were originally seen as a source of meat, their use as pack animals and for riding followed. Around the same time, the wild ass was being tamed in Egypt. Camels were domesticated soon after this,[9] with the Bactrian camel in Mongolia and the Arabian camel becoming beasts of burden. By 1000 BC, caravans of Arabian camels were linking India with Mesopotamia and the Mediterranean.[3]
In ancient Egypt, cattle were the most important livestock, and sheep, goats, and pigs were also kept; poultry including ducks, geese, and pigeons were captured in nets and bred on farms, where they were force-fed with dough to fatten them.[10] The Nile provided a plentiful source of fish. Honey bees were domesticated from at least the Old Kingdom, providing both honey and wax.[11] In ancient Rome, all the livestock known in ancient Egypt were available. In addition, rabbits were domesticated for food by the first century BC. To help flush them out from their burrows, the polecat was domesticated as the ferret, its use described by Pliny the Elder.[12]
In northern Europe, agriculture, including animal husbandry, declined after the collapse of the Roman Empire. Some aspects, such as the herding of animals, continued throughout the period. By the 11th century, the economy had recovered, and the countryside was again productive.[13] The Domesday Book recorded every parcel of land and every animal in England: ""there was not one single hide, nor a yard of land, nay, moreover ... not even an ox, nor a cow, nor a swine was there left, that was not set down in [the king's] writ.""[14] For example, the royal manor of Earley in Berkshire, one of thousands of villages recorded in the book, had in 1086 ""2 fisheries worth [paying tax of] 7s and 6d [each year] and 20 acres of meadow [for livestock]. Woodland for [feeding] 70 pigs.""[15] The improvements of animal husbandry in the medieval period in Europe went hand in hand with other developments. Improvements to the plough allowed the soil to be tilled to a greater depth. Horses took over from oxen as the main providers of traction, new ideas on crop rotation were developed, and the growing of crops for winter fodder gained ground.[16] Peas, beans, and vetches became common; they increased soil fertility through nitrogen fixation, allowing more livestock to be kept.[17]
The exploration and colonisation of North and South America resulted in the introduction of crops such as maize, potatoes, sweet potatoes, and manioc into Europe. At the same time, the principal Old World livestock – cattle, horses, sheep, and goats – were introduced into the New World for the first time along with wheat, barley, rice, and turnips.[18]
Selective breeding for desired traits was established as a scientific practice by Robert Bakewell during the British Agricultural Revolution in the 18th century. One of his most important breeding programs was with sheep. Using native stock, he was able to quickly select for large, yet fine-boned sheep, with long, lustrous wool. The Lincoln Longwool was improved by Bakewell, and, in turn, the Lincoln was used to develop the subsequent breed, the New (or Dishley) Leicester. It was hornless and had a square, meaty body with straight top lines.[19] These sheep were exported widely and have contributed to numerous modern breeds. Under his influence, English farmers began to breed cattle primarily for beef. Long-horned heifers were crossed with the Westmoreland bull to create the Dishley Longhorn.[20]
The semi-natural, unfertilised pastures formed by traditional agricultural methods in Europe were managed by grazing and mowing. As the ecological impact of this land management strategy is similar to that of natural disturbances such as grazing and wildfire, this agricultural system shares many beneficial characteristics with a natural habitat, including promoting biodiversity. This strategy is declining in Europe today due to intensified agriculture. The mechanized and chemical methods used are causing biodiversity to decline.[21]
Traditionally, animal husbandry was part of the subsistence farmer's way of life, producing not only the food needed by the family but also the fuel, fertiliser, clothing, transport, and draught power. Killing the animal for food was a secondary consideration; wherever possible its products such as wool, eggs, milk and blood (by the Maasai) were harvested while the animal was still alive.[22] In the traditional system of transhumance, people and livestock moved seasonally between fixed summer and winter pastures; in montane regions the summer pasture was up in the mountains, the winter pasture in the valleys.[23]
Animals can be kept extensively or intensively. Extensive systems involve animals roaming at will, or under the supervision of a herdsman, often for their protection from predators. Ranching in the Western United States involves large herds of cattle grazing widely over public and private lands.[24] Similar cattle stations are found in South America, Australia, and other places with large areas of land and low rainfall. Ranching systems have been used for sheep, deer, ostrich, emu, llama and alpaca.[25]
In the uplands of the United Kingdom, sheep are turned out on the fells in spring and graze the abundant mountain grasses untended, being brought to lower altitudes late in the year, with supplementary feeding being provided in winter.[26] In rural locations, pigs and poultry can obtain much of their nutrition from scavenging, and in African communities, hens may live for months without being fed, and still produce one or two eggs a week.[22]
At the other extreme, in the more developed parts of the world, animals are often intensively managed; dairy cows may be kept in zero-grazing conditions with all their forage brought to them; beef cattle may be kept in high density feedlots;[27] pigs may be housed in climate-controlled buildings and never go outdoors;[28] poultry may be reared in barns and kept in cages as laying birds under lighting-controlled conditions. In between these two extremes are semi-intensive, often family-run farms where livestock graze outside for much of the year, silage or hay is made to cover the times of year when the grass stops growing, and fertiliser, feed, and other inputs are brought onto the farm from outside.[29]
Animals used as livestock are predominantly herbivorous, the main exceptions being the pig and the chicken, which are omnivorous. Herbivores can be divided into ""concentrate selectors"", which selectively feed on seeds, fruits, and highly nutritious young foliage; ""grazers"", which mainly feed on grass; and ""intermediate feeders"", which choose their diet from the full range of available plant material. Cattle, sheep, goats, deer, and antelopes are ruminants; they digest food in two steps, chewing and swallowing in the normal way, and then regurgitating the semidigested cud to chew it again and thus extract the maximum possible food value.[30]
The dietary needs of these animals are mostly met by eating grass. Grasses grow from the base of the leaf-blade, enabling it to thrive even when heavily grazed or cut.[31]
In many climates, grass growth is seasonal, for example, in the temperate summer or tropical rainy season, so some areas of the crop are set aside to be cut and preserved, either as hay (dried grass), or as silage (fermented grass).[32] Other forage crops are also grown and many of these, as well as crop residues, can be ensiled to fill the gap in the nutritional needs of livestock in the lean season.[33]
Extensively reared animals may subsist entirely on forage, but more intensively kept livestock will require energy and protein-rich foods in addition. Energy is mainly derived from cereals and cereal by-products, fats and oils, and sugar-rich foods, while protein may come from fish or meat meal, milk products, legumes, and other plant foods, often the by-products of vegetable oil extraction.[34] Pigs and poultry are non-ruminants and are unable to digest the cellulose in grass and other forages, so they are fed entirely on cereals and other high-energy foodstuffs. The ingredients for the animals' rations can be grown on the farm or bought as pelleted or cubed compound foodstuffs, specially formulated for different classes of livestock, their growth stages, and their specific nutritional requirements. Vitamins and minerals are added to balance the diet.[35] Farmed fish are usually fed pelleted food.[35]
The breeding of farm animals seldom occurs spontaneously but is managed by farmers to encourage traits considered desirable. These include hardiness, fertility, docility, mothering abilities, fast growth rates, low feed consumption per unit of growth, better body proportions, higher yields, and better fibre qualities. Undesirable traits such as health defects and aggressiveness are selected against.[36][37]
Selective breeding has been responsible for significant productivity increases. For example, in 2007, a typical broiler chicken at eight weeks old was 4.8 times as heavy as a bird of similar age in 1957,[36] while in the thirty years to 2007, the average milk yield of a dairy cow in the United States nearly doubled.[36]
Good husbandry, proper feeding, and hygiene are the main contributors to animal health on the farm, bringing economic benefits through maximised production. When, despite these precautions, animals still become sick, they are treated with veterinary medicines, by the farmer and the veterinarian. In the European Union, when farmers treat their own animals, they are required to follow treatment guidelines and record the treatments given.[38] Animals are susceptible to many diseases and conditions that may affect their health. Some, like classical swine fever[39] and scrapie[40] are specific to one type of stock, while others, like foot-and-mouth disease affect all cloven-hoofed animals.[41] Animals living under intensive conditions are prone to internal and external parasites; increasing numbers of sea lice are affecting farmed salmon in Scotland.[42] Reducing the parasite burdens of livestock results in increased productivity and profitability.[43]
Where the condition is serious, governments impose regulations on imports and exports, the movement of stock, quarantine restrictions, and the reporting of suspected cases. Vaccines are available against certain diseases, and antibiotics are widely used where appropriate. At one time, antibiotics were routinely added to certain compound foodstuffs to promote growth. Still, this practice is now frowned on in many countries because of the risk that it may lead to antimicrobial resistance in livestock and in humans.[44]
Governments are concerned with zoonoses, diseases that humans may acquire from animals. Wild animal populations may harbour diseases that can affect domestic animals, which may acquire them as a result of insufficient biosecurity. An outbreak of Nipah virus in Malaysia in 1999 was traced back to pigs becoming ill after contact with fruit-eating flying foxes, their faeces and urine. The pigs, in turn, passed the infection to humans.[45] Avian flu H5N1 is present in wild bird populations and can be carried large distances by migrating birds. This virus is easily transmissible to domestic poultry and to humans living in proximity to them. Other infectious diseases affecting wild animals, farm animals and humans include rabies, leptospirosis, brucellosis, tuberculosis and trichinosis.[46]
There is no single universally agreed-upon definition of what species are considered livestock. Widely recognized livestock types include cattle for beef and dairy, sheep, goats, pigs, and poultry. Various other species are sometimes considered livestock, such as horses,[47] while poultry birds are sometimes excluded. In some parts of the world, livestock includes species such as buffalo, and the South American camelids, the alpaca and llama.[48][49][50] Some authorities use much broader definitions to include fish in aquaculture, micro-livestock such as rabbits and rodents like guinea pigs, as well as insects from honey bees to crickets raised for human consumption.[51]
Animals are raised for a wide variety of products, principally meat, wool, milk, and eggs, but also including tallow, isinglass, and rennet.[52][53] Animals are also kept for more specialised purposes, such as to produce vaccines[54] and antiserum (containing antibodies) for medical use.[55] Where fodder or other crops are grown alongside animals, manure can serve as a fertiliser, returning minerals and organic matter to the soil in a semi-closed organic system.[56]
Although all mammals produce milk to nourish their young, cows are predominantly used worldwide to produce milk and milk products for human consumption. Other animals used to a lesser extent for this purpose include sheep, goats, camels, buffaloes, yaks, reindeer, horses, and donkeys.[57]
All these animals have been domesticated over the centuries, bred for desirable characteristics such as fecundity, productivity, docility, and the ability to thrive under prevailing conditions. Whereas in the past cattle had multiple functions, modern dairy cow breeding has produced specialised Holstein Friesian-type animals that produce large quantities of milk economically. Artificial insemination is widely available, allowing farmers to select for traits that suit their circumstances.[58]
Whereas in the past cows were kept in small herds on family farms, grazing pastures and being fed hay in winter, nowadays there is a trend towards larger herds, more intensive systems, the feeding of silage and ""zero grazing"", a system where grass is cut and brought to the cow, which is housed year-round.[59]
In many communities, milk production is only part of the purpose of keeping an animal, which may also be used as a beast of burden or to draw a plough, or for the production of fibre, meat and leather, with the dung being used for fuel or for the improvement of soil fertility. Sheep and goats may be favoured for dairy production in climates and conditions that do not suit dairy cows.[57]
Meat, mainly from farmed animals, is a major source of dietary protein and essential nutrients around the world, averaging about 8% of human energy intake.[60] The actual types eaten depend on local preferences, availability, cost, and other factors, with cattle, sheep, pigs, and goats being the main species involved. Cattle generally produce a single offspring annually which takes more than a year to mature; sheep and goats often have twins and these are ready for slaughter in less than a year; pigs are more prolific, producing more than one litter of up to about 11[61] piglets each year.[62] Horses, donkeys, deer, buffalo, llamas, alpacas, guanacos and vicunas are farmed for meat in various regions. Some desirable traits of animals raised for meat include fecundity, hardiness, fast growth rate, ease of management, and high food conversion efficiency. About half of the world's meat is produced from animals grazing on open ranges or enclosed pastures; the other half is produced intensively in various factory-farming systems. These are mostly cows, pigs, or poultry, and are often reared indoors at high densities.[63]
Poultry kept for their eggs and meat include chickens, turkeys, geese, and ducks. The great majority of laying birds used for egg production are chickens. Methods for keeping layers range from free-range systems, where the birds can roam as they will but are housed at night for their own protection, through semi-intensive systems, where they are housed in barns with perches, litter, and some freedom of movement, to intensive systems, where they are kept in cages. The battery cages are arranged in long rows across multiple tiers, with external feeders, drinkers, and egg-collection facilities. This is the most labour-saving and economical method of egg production. Still, it has been criticised on animal-welfare grounds because the birds are unable to exhibit their normal behaviours.[64]
In the developed world, the majority of poultry reared for meat is raised indoors in large sheds, with automated equipment and environmentally controlled conditions. Chickens raised in this way are known as broilers, and genetic improvements have enabled them to reach slaughter weight within six or seven weeks of hatching. Newly hatched chicks are confined to a small area and provided with supplementary heating. Litter on the floor absorbs droppings, and the area it occupies expands as they grow. Feed and water are supplied automatically, and the lighting is controlled. The birds may be harvested on several occasions, or the entire shed may be cleared at once.[65]
A similar rearing system is usually used for turkeys, which are less hardy than chickens, take longer to reach maturity, and are often moved to separate fattening units to finish.[66] Ducks are particularly popular in Asia and Australia and can be killed at seven weeks under commercial conditions.[67]
Aquaculture has been defined as ""the farming of aquatic organisms, including fish, molluscs, crustaceans, and aquatic plants, and implies some form of intervention in the rearing process to enhance production, such as regular stocking, feeding, protection from predators, etc. Farming also implies individual or corporate ownership of the stock being cultivated.""[68] In practice, it can take place in the sea or in freshwater, and be extensive or intensive. Whole bays, lakes, or ponds may be devoted to aquaculture, or the farmed animal may be retained in cages (fish), artificial reefs, racks, or strings (shellfish). Fish and prawns can be cultivated in rice paddies, either arriving naturally or being introduced, and both crops can be harvested together.[69]
Fish hatcheries provide larval and juvenile fish, crustaceans, and shellfish for use in aquaculture systems. When large enough, these are transferred to growing-on tanks and sold to fish farms for harvest. Some species that are commonly raised in hatcheries include shrimps, prawns, salmon, tilapia, oysters and scallops. Similar facilities can be used to raise species with conservation needs for release into the wild, or game fish for restocking waterways. Important aspects of husbandry at these early stages include selection of breeding stock, control of water quality, and nutrition. In the wild, there is a high mortality rate at the nursery stage; farmers seek to minimise it while maximising growth rates.[70]
Bees have been kept in hives since at least the First Dynasty of Egypt, five thousand years ago,[71] and man had been harvesting honey from the wild long before that. Fixed-comb hives are used in many parts of the world and are made from locally available materials.[72] In more advanced economies, where modern strains of domestic bee have been selected for docility and productiveness, various designs of hive are used which enable the combs to be removed for processing and extraction of honey. Quite apart from the honey and wax they produce, honey bees are important pollinators of crops and wild plants, and in many places hives are transported around the countryside to assist in pollination.[73]
Sericulture, the rearing of silkworms, was first adopted by the Chinese during the Shang dynasty.[74] The only species farmed commercially is the domesticated silkmoth. When it spins its cocoon, each larva produces an exceedingly long, slender thread of silk. The larvae feed on mulberry leaves, and in Europe, only one generation is typically raised each year because mulberry is a deciduous tree. In China, Korea, and Japan, however, two generations are normal, and in the tropics, multiple generations are expected. Most silk production occurs in the Far East, with synthetic diets used to rear silkworms in Japan.[75]
Insects form part of the human diet in many cultures.[76] In Thailand, crickets are farmed for this purpose in the north of the country, and palm weevil larvae in the south. The crickets are kept in pens, boxes, or drawers and fed on commercial pelleted poultry food, while the palm weevil larvae live on cabbage palm and sago palm trees, which limits their production to areas where these trees grow.[77] Another delicacy of this region is the bamboo caterpillar, and the best rearing and harvesting techniques in semi-natural habitats are being studied.[77]

Animal husbandry has a significant impact on the world environment. Both production and consumption of animal products have increased rapidly. Since 1950, meat production has tripled, dairy production has doubled, and egg production has increased almost fourfold.[78] Meanwhile, meat consumption has nearly doubled worldwide. Developing countries had a surge in meat consumption, particularly of monogastric livestock.[79] Animal husbandry drives climate change, ocean acidification, and biodiversity loss, and kills 60 billion animals annually.[80] It uses between 20 and 33% of the world's fresh water,[81] Livestock, and the production of feed for them, occupy about a third of the Earth's ice-free land.[82] Livestock production contributes to species extinction, desertification,[83] and habitat destruction.[84] and is the primary driver of the Holocene extinction.[85][86][87][88][89] Some 70% of the agricultural land and 30% of Earth's land surface is involved directly or indirectly in animal husbandry.[90] Habitat is destroyed by clearing forests and converting land to grow feed crops and for grazing, while predators and herbivores are frequently targeted because of a perceived threat to livestock profits; for example, animal husbandry causes up to 91% of the deforestation in the Amazon region.[91] In addition, livestock produce greenhouse gases. Cows produce some 570 million cubic metres of methane per day,[92] that accounts for 35 to 40% of the overall methane emissions of the planet.[93] Further, livestock production is responsible for 65% of all human-related emissions of nitrous oxide.[93][94][60]
Since the 18th century, people have become increasingly concerned about the welfare of farm animals. Possible measures of welfare include longevity, behavior, physiology, reproduction, freedom from disease, and freedom from immunosuppression. Standards and laws for animal welfare have been created worldwide, broadly in line with the most widely held position in the western world, a form of utilitarianism: that it is morally acceptable for humans to use non-human animals, provided that no unnecessary suffering is caused, and that the benefits to humans outweigh the costs to the livestock. An opposing view is that animals have rights, should not be regarded as property, are not necessary to use, and should never be used by humans.[95][96][97][98][99] Live export of animals has risen to meet increased global demand for livestock, such as in the Middle East. Animal rights activists have objected to the long-distance transport of animals; one result was the banning of live exports from New Zealand in 2003.[100]
Since the 18th century, the farmer John Bull has represented English national identity, first in John Arbuthnot's political satires, and soon afterwards in cartoons by James Gillray and others, including John Tenniel. He likes food, beer, dogs, horses, and country sports; he is practical, down-to-earth, and anti-intellectual.[101]
Farm animals are widespread in children's books and songs; the reality of animal husbandry is often distorted, softened, or idealized, giving children an almost entirely fictitious account of farm life. The books often depict happy animals free to roam in attractive countryside, a picture completely at odds with the realities of the impersonal, mechanized activities involved in modern intensive farming.[102]
Pigs, for example, appear in several of Beatrix Potter's ""little books"", as Piglet in A.A. Milne's Winnie the Pooh stories, and somewhat more darkly (with a hint of animals going to slaughter) as Babe in Dick King-Smith's The Sheep-Pig, and as Wilbur in E. B. White's Charlotte's Web.[103] Pigs tend to be ""bearers of cheerfulness, good humour and innocence"". Many of these books are completely anthropomorphic, dressing farm animals in clothes and having them walk on two legs, live in houses, and perform human activities.[102] The children's song ""Old MacDonald Had a Farm"" describes a farmer named MacDonald and the various animals he keeps, celebrating the noises they each make.[104]
Many urban children experience animal husbandry for the first time at a petting farm; in Britain, some five million people a year visit a farm of some kind. This presents some risk of infection, especially if children handle animals and then fail to wash their hands; a strain of E. coli infected 93 people who had visited a British interactive farm in an outbreak in 2009.[105] Historic farms such as those in the United States offer farmstays and ""a carefully curated version of farming to those willing to pay for it"",[106] sometimes giving visitors a romanticised image of a pastoral idyll from an unspecified time in the pre-industrial past.[106]
",animal husbandry branch agriculture concerned animal raised meat fibre milk product includes care management production nutrition selective breeding raising livestock husbandry long history starting neolithic revolution animal first domesticated around bc cultivation first crop early civilisation like ancient egypt cattle sheep goat pig raised farm major change took place columbian exchange old world livestock brought new world british agricultural revolution century livestock breed like dishley longhorn cattle lincoln longwool sheep rapidly improved agriculturalist robert bakewell yield meat milk wool wide range specie horse water buffalo llama rabbit guinea pig used livestock part world insect farming well aquaculture fish mollusc crustacean widespread modern animal husbandry relies production system adapted available land subsistence farming superseded intensive animal farming developed part world example beef cattle kept feedlot thousand chicken may raised broiler house battery poorer soil upland animal often kept extensively may allowed roam widely foraging animal agriculture modern scale drive climate change ocean acidification biodiversity loss livestock herbivore except among specie pig chicken omnivore ruminant like cattle sheep adapted feed grass forage outdoors may fed entirely part ration richer energy protein pelleted cereal pig poultry digest cellulose forage require food verb husband meaning manage carefully derives older meaning husband century referred ownership care household farm today mean control judicious use resource agriculture cultivation plant animal farmer rancher raise livestock considered practice animal husbandry domestication livestock driven need food hand hunting unproductive desirable characteristic domestic animal useful domesticator able thrive company breed freely easy tend domestication single event process repeated various period different place sheep goat animal accompanied nomad middle east cattle pig associated settled community first wild animal domesticated dog dog perhaps starting young individual may tolerated scavenger killer vermin naturally pack hunter predisposed become part human pack join hunt prey animal sheep goat pig cattle progressively domesticated early history agriculture pig domesticated near east bc sheep goat near fertile crescent bc cattle wild aurochs area modern turkey pakistan around bc cow great advantage villager produced milk calf needed strength could put use working animal pulling plough increase production crop drawing sledge later cart bring produce home field draught animal first used bc middle east increasing agricultural production immeasurably southern asia elephant domesticated bc fossilised chicken bone dated bc found northeastern china far wild ancestor lived jungle tropical asia archaeologist believe original purpose domestication sport cockfighting meanwhile south america llama alpaca domesticated probably bc beast burden wool neither strong enough pull plough limited development agriculture new world horse occur naturally steppe central asia domestication began around bc black sea caspian sea region although horse originally seen source meat use pack animal riding followed around time wild as tamed egypt camel domesticated soon bactrian camel mongolia arabian camel becoming beast burden bc caravan arabian camel linking india mesopotamia mediterranean ancient egypt cattle important livestock sheep goat pig also kept poultry including duck goose pigeon captured net bred farm dough fatten nile provided plentiful source fish honey bee domesticated least old kingdom providing honey wax ancient rome livestock known ancient egypt available addition rabbit domesticated food first century bc help flush burrow polecat domesticated ferret use described pliny elder northern europe agriculture including animal husbandry declined collapse roman empire aspect herding animal continued throughout period century economy recovered countryside productive domesday book recorded every parcel land every animal england one single hide yard land nay moreover even ox cow swine left set king writ example royal manor earley berkshire one thousand village recorded book fishery worth paying tax year acre meadow livestock woodland feeding pig improvement animal husbandry medieval period europe went hand hand development improvement plough allowed soil tilled greater depth horse took ox main provider traction new idea crop rotation developed growing crop winter fodder gained ground pea bean vetch became common increased soil fertility nitrogen fixation allowing livestock kept exploration colonisation north south america resulted introduction crop maize potato sweet potato manioc europe time principal old world livestock cattle horse sheep goat introduced new world first time along wheat barley rice turnip selective breeding desired trait established scientific practice robert bakewell british agricultural revolution century one important breeding program sheep using native stock able quickly select large yet sheep long lustrous wool lincoln longwool improved bakewell turn lincoln used develop subsequent breed new dishley leicester hornless square meaty body straight top line sheep exported widely contributed numerous modern breed influence english farmer began breed cattle primarily beef heifer crossed westmoreland bull create dishley longhorn unfertilised pasture formed traditional agricultural method europe managed grazing mowing ecological impact land management strategy similar natural disturbance grazing wildfire agricultural system share many beneficial characteristic natural habitat including promoting biodiversity strategy declining europe today due intensified agriculture mechanized chemical method used causing biodiversity decline traditionally animal husbandry part subsistence farmer way life producing food needed family also fuel fertiliser clothing transport draught power killing animal food secondary consideration wherever possible product wool egg milk blood maasai harvested animal still alive traditional system transhumance people livestock moved seasonally fixed summer winter pasture montane region summer pasture mountain winter pasture valley animal kept extensively intensively extensive system involve animal roaming supervision herdsman often protection predator ranching western united state involves large herd cattle grazing widely public private land similar cattle station found south america australia place large area land low rainfall ranching system used sheep deer ostrich emu llama alpaca upland united kingdom sheep turned fell spring graze abundant mountain grass untended brought lower altitude late year supplementary feeding provided winter rural location pig poultry obtain much nutrition scavenging african community hen may live month without fed still produce one two egg week extreme developed part world animal often intensively managed dairy cow may kept condition forage brought beef cattle may kept high density feedlot pig may housed building never go outdoors poultry may reared barn kept cage laying bird condition two extreme often farm livestock graze outside much year silage hay made cover time year grass stop growing fertiliser feed input brought onto farm outside animal used livestock predominantly herbivorous main exception pig chicken omnivorous herbivore divided concentrate selector selectively feed seed fruit highly nutritious young foliage grazers mainly feed grass intermediate feeder choose diet full range available plant material cattle sheep goat deer antelope ruminant digest food two step chewing swallowing normal way regurgitating semidigested cud chew thus extract maximum possible food value dietary need animal mostly met eating grass grass grow base enabling thrive even heavily grazed cut many climate grass growth seasonal example temperate summer tropical rainy season area crop set aside cut preserved either hay dried grass silage fermented grass forage crop also grown many well crop residue ensiled fill gap nutritional need livestock lean season extensively reared animal may subsist entirely forage intensively kept livestock require energy food addition energy mainly derived cereal cereal fat oil food protein may come fish meat meal milk product legume plant food often vegetable oil extraction pig poultry unable digest cellulose grass forage fed entirely cereal foodstuff ingredient animal ration grown farm bought pelleted cubed compound foodstuff specially formulated different class livestock growth stage specific nutritional requirement vitamin mineral added balance diet farmed fish usually fed pelleted food breeding farm animal seldom occurs spontaneously managed farmer encourage trait considered desirable include hardiness fertility docility mothering ability fast growth rate low feed consumption per unit growth better body proportion higher yield better fibre quality undesirable trait health defect aggressiveness selected selective breeding responsible significant productivity increase example typical broiler chicken eight week old time heavy bird similar age thirty year average milk yield dairy cow united state nearly doubled good husbandry proper feeding hygiene main contributor animal health farm bringing economic benefit maximised production despite precaution animal still become sick treated veterinary medicine farmer veterinarian european union farmer treat animal required follow treatment guideline record treatment given animal susceptible many disease condition may affect health like classical swine fever scrapie specific one type stock others like disease affect animal animal living intensive condition prone internal external parasite increasing number sea louse affecting farmed salmon scotland reducing parasite burden livestock result increased productivity profitability condition serious government impose regulation import export movement stock quarantine restriction reporting suspected case vaccine available certain disease antibiotic widely used appropriate one time antibiotic routinely added certain compound foodstuff promote growth still practice frowned many country risk may lead antimicrobial resistance livestock human government concerned zoonosis disease human may acquire animal wild animal population may harbour disease affect domestic animal may acquire result insufficient biosecurity outbreak nipah virus malaysia traced back pig becoming ill contact flying fox faeces urine pig turn passed infection human avian flu present wild bird population carried large distance migrating bird virus easily transmissible domestic poultry human living proximity infectious disease affecting wild animal farm animal human include rabies leptospirosis brucellosis tuberculosis trichinosis single universally definition specie considered livestock widely recognized livestock type include cattle beef dairy sheep goat pig poultry various specie sometimes considered livestock horse poultry bird sometimes excluded part world livestock includes specie buffalo south american camelids alpaca llama authority use much broader definition include fish aquaculture rabbit rodent like guinea pig well insect honey bee cricket raised human consumption animal raised wide variety product principally meat wool milk egg also including tallow isinglass rennet animal also kept specialised purpose produce vaccine antiserum containing antibody medical use fodder crop grown alongside animal manure serve fertiliser returning mineral organic matter soil organic system although mammal produce milk nourish young cow predominantly used worldwide produce milk milk product human consumption animal used lesser extent purpose include sheep goat camel buffalo yak reindeer horse donkey animal domesticated century bred desirable characteristic fecundity productivity docility ability thrive prevailing condition whereas past cattle multiple function modern dairy cow breeding produced specialised holstein animal produce large quantity milk economically artificial insemination widely available allowing farmer select trait suit circumstance whereas past cow kept small herd family farm grazing pasture fed hay winter nowadays trend towards larger herd intensive system feeding silage zero grazing system grass cut brought cow housed many community milk production part purpose keeping animal may also used beast burden draw plough production fibre meat leather dung used fuel improvement soil fertility sheep goat may favoured dairy production climate condition suit dairy cow meat mainly farmed animal major source dietary protein essential nutrient around world averaging human energy intake actual type eaten depend local preference availability cost factor cattle sheep pig goat main specie involved cattle generally produce single offspring annually take year mature sheep goat often twin ready slaughter less year pig prolific producing one litter piglet year horse donkey deer buffalo llama alpaca guanaco vicuna farmed meat various region desirable trait animal raised meat include fecundity hardiness fast growth rate ease management high food conversion efficiency half world meat produced animal grazing open range enclosed pasture half produced intensively various system mostly cow pig poultry often reared indoors high density poultry kept egg meat include chicken turkey goose duck great majority laying bird used egg production chicken method keeping layer range system bird roam housed night protection system housed barn perch litter freedom movement intensive system kept cage battery cage arranged long row across multiple tier external feeder drinker facility economical method egg production still criticised ground bird unable exhibit normal behaviour developed world majority poultry reared meat raised indoors large shed automated equipment environmentally controlled condition chicken raised way known broiler genetic improvement enabled reach slaughter weight within six seven week hatching newly hatched chick confined small area provided supplementary heating litter floor absorbs droppings area occupies expands grow feed water supplied automatically lighting controlled bird may harvested several occasion entire shed may cleared similar rearing system usually used turkey less hardy chicken take longer reach maturity often moved separate fattening unit finish duck particularly popular asia australia killed seven week commercial condition aquaculture defined farming aquatic organism including fish mollusc crustacean aquatic plant implies form intervention rearing process enhance production regular stocking feeding protection predator etc farming also implies individual corporate ownership stock cultivated practice take place sea freshwater extensive intensive whole bay lake pond may devoted aquaculture farmed animal may retained cage fish artificial reef rack string shellfish fish prawn cultivated rice paddy either arriving naturally introduced crop harvested together fish hatchery provide larval juvenile fish crustacean shellfish use aquaculture system large enough transferred tank sold fish farm harvest specie commonly raised hatchery include shrimp prawn salmon tilapia oyster scallop similar facility used raise specie conservation need release wild game fish restocking waterway important aspect husbandry early stage include selection breeding stock control water quality nutrition wild high mortality rate nursery stage farmer seek minimise maximising growth rate bee kept hive since least first dynasty egypt five thousand year ago man harvesting honey wild long hive used many part world made locally available material advanced economy modern strain domestic bee selected docility productiveness various design hive used enable comb removed processing extraction honey quite apart honey wax produce honey bee important pollinator crop wild plant many place hive transported around countryside assist pollination sericulture rearing silkworm first adopted chinese shang dynasty specie farmed commercially domesticated silkmoth spin cocoon larva produce exceedingly long slender thread silk larva feed mulberry leaf europe one generation typically raised year mulberry deciduous tree china korea japan however two generation normal tropic multiple generation expected silk production occurs far east synthetic diet used rear silkworm japan insect form part human diet many culture thailand cricket farmed purpose north country palm weevil larva south cricket kept pen box drawer fed commercial pelleted poultry food palm weevil larva live cabbage palm sago palm tree limit production area tree grow another delicacy region bamboo caterpillar best rearing harvesting technique habitat studied animal husbandry significant impact world environment production consumption animal product increased rapidly since meat production tripled dairy production doubled egg production increased almost fourfold meanwhile meat consumption nearly doubled worldwide developing country surge meat consumption particularly monogastric livestock animal husbandry drive climate change ocean acidification biodiversity loss kill billion animal annually us world fresh water livestock production feed occupy third earth land livestock production contributes specie extinction desertification habitat destruction primary driver holocene extinction agricultural land earth land surface involved directly indirectly animal husbandry habitat destroyed clearing forest converting land grow feed crop grazing predator herbivore frequently targeted perceived threat livestock profit example animal husbandry cause deforestation amazon region addition livestock produce greenhouse gas cow produce million cubic metre methane per day account overall methane emission planet livestock production responsible emission nitrous oxide since century people become increasingly concerned welfare farm animal possible measure welfare include longevity behavior physiology reproduction freedom disease freedom immunosuppression standard law animal welfare created worldwide broadly line widely held position western world form utilitarianism morally acceptable human use animal provided unnecessary suffering caused benefit human outweigh cost livestock opposing view animal right regarded property necessary use never used human live export animal risen meet increased global demand livestock middle east animal right activist objected transport animal one result banning live export new zealand since century farmer john bull represented english national identity first john arbuthnot political satire soon afterwards cartoon james gillray others including john tenniel like food beer dog horse country sport practical farm animal widespread child book song reality animal husbandry often distorted softened idealized giving child almost entirely fictitious account farm life book often depict happy animal free roam attractive countryside picture completely odds reality impersonal mechanized activity involved modern intensive farming pig example appear several beatrix potter little book piglet milne winnie pooh story somewhat darkly hint animal going slaughter babe dick wilbur white charlotte web pig tend bearer cheerfulness good humour innocence many book completely anthropomorphic dressing farm animal clothes walk two leg live house perform human activity child song old macdonald farm describes farmer named macdonald various animal keep celebrating noise make many urban child experience animal husbandry first time petting farm britain five million people year visit farm kind present risk infection especially child handle animal fail wash hand strain coli infected people visited british interactive farm outbreak historic farm united state offer farmstays carefully curated version farming willing pay sometimes giving visitor romanticised image pastoral idyll unspecified time past
Document 13,William Shakespeare - Wikipedia,"
William Shakespeare[a] (c. 23 April 1564[b] – 23 April 1616)[c] was an English playwright, poet and actor. He is widely regarded as the greatest writer in the English language and the world's pre-eminent dramatist. He is often called England's national poet and the ""Bard of Avon"" or simply ""the Bard"". His extant works, including collaborations, consist of some 39 plays, 154 sonnets, three long narrative poems and a few other verses, some of uncertain authorship. His plays have been translated into every major living language and are performed more often than those of any other playwright. Shakespeare remains arguably the most influential writer in the English language, and his works continue to be studied and reinterpreted.
Shakespeare was born and raised in Stratford-upon-Avon, Warwickshire. At the age of 18, he married Anne Hathaway, with whom he had three children: Susanna, and twins Hamnet and Judith. Sometime between 1585 and 1592 he began a successful career in London as an actor, writer, and part-owner (""sharer"") of a playing company called the Lord Chamberlain's Men, later known as the King's Men after the ascension of King James VI of Scotland to the English throne. At age 49 (around 1613) he appears to have retired to Stratford, where he died three years later. Few records of Shakespeare's private life survive; this has stimulated considerable speculation about such matters as his physical appearance, his sexuality, his religious beliefs and even certain fringe theories as to whether the works attributed to him were written by others.
Shakespeare produced most of his known works between 1589 and 1613. His early plays were primarily comedies and histories and are regarded as some of the best works produced in these genres. He then wrote mainly tragedies until 1608, among them Hamlet, Othello, King Lear and Macbeth, which are considered to be among the finest works in English. In the last phase of his career, he wrote tragicomedies (also known as romances), such as The Winter's Tale and The Tempest, and collaborated with other playwrights.
Many of Shakespeare's plays were published in editions of varying quality and accuracy during his lifetime. However, in 1623 John Heminges and Henry Condell, two fellow actors and friends of Shakespeare's, published a more definitive text known as the First Folio, a posthumous collected edition of Shakespeare's dramatic works that includes 36 of his plays. Its preface includes a prescient poem by Ben Jonson, a former rival of Shakespeare, who hailed Shakespeare with the now-famous epithet: ""not of an age, but for all time"".
William Shakespeare was the son of John Shakespeare, an alderman and a successful glover (glove-maker) originally from Snitterfield in Warwickshire, and Mary Arden, the daughter of an affluent landowning family that was influential in the Recusant Catholic community.[3][4][5] He was born in Stratford-upon-Avon, where he was baptised on 26 April 1564. His date of birth is unknown but is traditionally observed on 23 April, Saint George's Day.[1] This date, which can be traced to William Oldys and George Steevens, has proved appealing to biographers because Shakespeare died on the same date in 1616.[6][7] He was the third of eight children, and the eldest surviving son.[8]
Although no attendance records for the period survive, most biographers agree that Shakespeare was probably educated at the King's New School in Stratford,[9][10][11] a free school chartered in 1553,[12] based about a quarter-mile (400 m) from his home in Stratford's guildhall.[13] Grammar schools varied in quality during the Elizabethan era, but grammar school curricula were largely similar: the basic Latin text was standardised by royal decree,[14][15] and the school would have provided an intensive education in grammar based upon Latin classical authors.[16]
At the age of 18, Shakespeare married 26-year-old Anne Hathaway. The consistory court of the Diocese of Worcester issued a marriage licence on 27 November 1582. The next day, two of Hathaway's neighbours posted bonds guaranteeing that no lawful claims impeded the marriage.[17] The ceremony may have been arranged in some haste; the Worcester chancellor allowed the marriage banns to be read once instead of the usual three times.[18][19] Six months after the marriage, Anne gave birth to a daughter, Susanna, baptised 26 May 1583.[20] Twins, son Hamnet and daughter Judith, followed almost two years later and were baptised 2 February 1585.[21] Hamnet died of unknown causes at the age of 11 and was buried 11 August 1596.[22]
After the birth of the twins, Shakespeare left few historical traces until he is mentioned as part of the London theatre scene in 1592. The exception is the appearance of his name in the ""complaints bill"" of a law case before the Queen's Bench court at Westminster dated Michaelmas Term 1588 and 9 October 1589.[23] Scholars refer to the years between 1585 and 1592 as Shakespeare's ""lost years"".[24] Biographers attempting to account for this period have reported many apocryphal stories. Nicholas Rowe, Shakespeare's first biographer, recounted a Stratford legend that Shakespeare fled the town for London to escape prosecution for deer poaching in the estate of local squire Thomas Lucy. Shakespeare is also supposed to have taken his revenge on Lucy by writing a scurrilous ballad about him.[25][26] Another 18th-century story has Shakespeare starting his theatrical career minding the horses of theatre patrons in London.[27] John Aubrey reported that Shakespeare had been a country schoolmaster.[28] Some 20th-century scholars suggested that Shakespeare may have been employed as a schoolmaster by Alexander Hoghton of Lancashire, a Catholic landowner who named a certain ""William Shakeshafte"" in his will.[29][30] Little evidence substantiates such stories other than hearsay collected after his death, and Shakeshafte was a common name in the Lancashire area.[31][32]
It is not known definitively when Shakespeare began writing, but contemporary allusions and records of performances show that several of his plays were on the London stage by 1592.[33] By then, he was sufficiently known in London to be attacked in print by the playwright Robert Greene in his Groats-Worth of Wit from that year:
... there is an upstart Crow, beautified with our feathers, that with his Tiger's heart wrapped in a Player's hide, supposes he is as well able to bombast out a blank verse as the best of you: and being an absolute Johannes factotum, is in his own conceit the only Shake-scene in a country.[34]
Scholars differ on the exact meaning of Greene's words,[34][35] but most agree that Greene was accusing Shakespeare of reaching above his rank in trying to match such university-educated writers as Christopher Marlowe, Thomas Nashe and Greene himself (the so-called ""University Wits"").[36] The italicised phrase parodying the line ""Oh, tiger's heart wrapped in a woman's hide"" from Shakespeare's Henry VI, Part 3, along with the pun ""Shake-scene"", clearly identify Shakespeare as Greene's target. As used here, Johannes Factotum (""Jack of all trades"") refers to a second-rate tinkerer with the work of others, rather than the more common ""universal genius"".[34][37]
Greene's attack is the earliest surviving mention of Shakespeare's work in the theatre. Biographers suggest that his career may have begun any time from the mid-1580s to just before Greene's remarks.[38][39][40] After 1594 Shakespeare's plays were performed at The Theatre, in Shoreditch, only by the Lord Chamberlain's Men, a company owned by a group of players, including Shakespeare, that soon became the leading playing company in London.[41] After the death of Queen Elizabeth in 1603, the company was awarded a royal patent by the new king James I, and changed its name to the King's Men.[42]
All the world's a stage,
and all the men and women merely players:
they have their exits and their entrances;
and one man in his time plays many parts ...
In 1599 a partnership of members of the company built their own theatre on the south bank of the River Thames, which they named the Globe. In 1608 the partnership also took over the Blackfriars indoor theatre. Extant records of Shakespeare's property purchases and investments indicate that his association with the company made him a wealthy man,[44] and in 1597 he bought the second-largest house in Stratford, New Place, and in 1605 invested in a share of the parish tithes in Stratford.[45]
Some of Shakespeare's plays were published in quarto editions, beginning in 1594, and by 1598 his name had become a selling point and began to appear on the title pages.[46][47][48] Shakespeare continued to act in his own and other plays after his success as a playwright. The 1616 edition of Ben Jonson's Works names him on the cast lists for Every Man in His Humour (1598) and Sejanus His Fall (1603).[49] The absence of his name from the 1605 cast list for Jonson's Volpone is taken by some scholars as a sign that his acting career was nearing its end.[38] The First Folio of 1623, however, lists Shakespeare as one of ""the Principal Actors in all these Plays"", some of which were first staged after Volpone, although one cannot know for certain which roles he played.[50] In 1610, John Davies of Hereford wrote that ""good Will"" played ""kingly"" roles.[51] In 1709 Rowe passed down a tradition that Shakespeare played the ghost of Hamlet's father.[52] Later traditions maintain that he also played Adam in As You Like It, and the Chorus in Henry V,[53][54] though scholars doubt the sources of that information.[55]
Throughout his career, Shakespeare divided his time between London and Stratford. In 1596, the year before he bought New Place as his family home in Stratford, Shakespeare was living in the parish of St Helen's, Bishopsgate, north of the River Thames.[56][57] He moved across the river to Southwark by 1599, the same year his company constructed the Globe Theatre there.[56][58] By 1604 he had moved north of the river again, to an area north of St Paul's Cathedral with many fine houses. There he rented rooms from a French Huguenot named Christopher Mountjoy, a maker of women's wigs and other headgear.[59][60]
Nicholas Rowe was the first biographer to record the tradition, repeated by Samuel Johnson, that Shakespeare retired to Stratford ""some years before his death"".[61][62] He was still working as an actor in London in 1608; in an answer to the sharers' petition in 1635, Cuthbert Burbage stated that after purchasing the lease of the Blackfriars Theatre in 1608 from Henry Evans, the King's Men ""placed men players"" there, ""which were Heminges, Condell, Shakespeare, etc."".[63] However, it is perhaps relevant that the bubonic plague raged in London throughout 1609.[64][65] The London public playhouses were repeatedly closed during extended outbreaks of the plague (a total of over 60 months closure between May 1603 and February 1610),[66] which meant there was often no acting work. Retirement from all work was uncommon at that time.[67] Shakespeare continued to visit London during the years 1611–1614.[61] In 1612 he was called as a witness in Bellott v Mountjoy, a court case concerning the marriage settlement of Mountjoy's daughter, Mary.[68][69] In March 1613 he bought a gatehouse in the former Blackfriars priory;[70] and from November 1614 he was in London for several weeks with his son-in-law, John Hall.[71] After 1610 Shakespeare wrote fewer plays, and none are attributed to him after 1613.[72] His last three plays were collaborations, probably with John Fletcher,[73] who succeeded him as the house playwright of the King's Men. He retired in 1613, before the Globe Theatre burned down during the performance of Henry VIII on 29 June.[72]
Shakespeare died on 23 April 1616, at the age of 52.[e] He died within a month of signing his will, a document which he begins by describing himself as being in ""perfect health"". No extant contemporary source explains how or why he died. Half a century later, John Ward, the vicar of Stratford, wrote in his notebook: ""Shakespeare, Drayton, and Ben Jonson had a merry meeting and, it seems, drank too hard, for Shakespeare died of a fever there contracted"",[75][76] not an impossible scenario since Shakespeare knew Jonson and Michael Drayton. Of the tributes from fellow authors, one refers to his relatively sudden death: ""We wondered, Shakespeare, that thou went'st so soon / From the world's stage to the grave's tiring room.""[77][f]
He was survived by his wife and two daughters. Susanna had married a physician, John Hall, in 1607,[78] and Judith had married Thomas Quiney, a vintner, two months before Shakespeare's death.[79] Shakespeare signed his last will and testament on 25 March 1616; the following day, Thomas Quiney, his new son-in-law, was found guilty of fathering an illegitimate son by Margaret Wheeler, and Margaret and her son both died during childbirth. Thomas was ordered by the church court to do public penance, which would have caused much shame and embarrassment for the Shakespeare family.[79]
Shakespeare bequeathed the bulk of his large estate to his elder daughter Susanna[80] under stipulations that she pass it down intact to ""the first son of her body"".[81] The Quineys had three children, all of whom died without marrying.[82][83] The Halls had one child, Elizabeth, who married twice but died without children in 1670, ending Shakespeare's direct line.[84][85] Shakespeare's will scarcely mentions his wife, Anne, who was probably entitled to one-third of his estate automatically.[g] He did make a point, however, of leaving her ""my second best bed"", a bequest that has led to much speculation.[87][88][89] Some scholars see the bequest as an insult to Anne, whereas others believe that the second-best bed would have been the matrimonial bed and therefore rich in significance.[90]
Shakespeare was buried in the chancel of the Holy Trinity Church two days after his death.[91][92] The epitaph carved into the stone slab covering his grave includes a curse against moving his bones, which was carefully avoided during restoration of the church in 2008:[93]
Good frend for Iesvs sake forbeare,
To digg the dvst encloased heare.
Bleste be yͤ man yͭ spares thes stones,
And cvrst be he yͭ moves my bones.[94][h]
Good friend, for Jesus' sake forbear,
To dig the dust enclosed here.
Blessed be the man that spares these stones,
And cursed be he that moves my bones.
Some time before 1623 a funerary monument was erected in his memory on the north wall, with a half-effigy of him in the act of writing. Its plaque compares him to Nestor, Socrates, and Virgil.[95] In 1623, in conjunction with the publication of the First Folio, the Droeshout engraving was published.[96] Shakespeare has been commemorated in many statues and memorials around the world, including funeral monuments in Southwark Cathedral and Poets' Corner in Westminster Abbey.[97][98]
Most playwrights of the period typically collaborated with others at some point, as critics agree Shakespeare did, mostly early and late in his career.[99]
The first recorded works of Shakespeare are Richard III and the three parts of Henry VI, written in the early 1590s during a vogue for historical drama. Shakespeare's plays are difficult to date precisely, however,[100][101] and studies of the texts suggest that Titus Andronicus, The Comedy of Errors, The Taming of the Shrew, and The Two Gentlemen of Verona may also belong to Shakespeare's earliest period.[102][100] His first histories, which draw heavily on the 1587 edition of Raphael Holinshed's Chronicles of England, Scotland, and Ireland,[103] dramatise the destructive results of weak or corrupt rule and have been interpreted as a justification for the origins of the Tudor dynasty.[104] The early plays were influenced by the works of other Elizabethan dramatists, especially Thomas Kyd and Christopher Marlowe, by the traditions of medieval drama, and by the plays of Seneca.[105][106][107] The Comedy of Errors was also based on classical models, but no source for The Taming of the Shrew has been found, though it has an identical plot but different wording as another play with a similar name.[108][109] Like The Two Gentlemen of Verona, in which two friends appear to approve of rape,[110][111][112] the Shrew's story of the taming of a woman's independent spirit by a man sometimes troubles modern critics, directors, and audiences.[113]
Shakespeare's early classical and Italianate comedies, containing tight double plots and precise comic sequences, give way in the mid-1590s to the romantic atmosphere of his most acclaimed comedies.[114] A Midsummer Night's Dream is a witty mixture of romance, fairy magic, and comic lowlife scenes.[115] Shakespeare's next comedy, the equally romantic The Merchant of Venice, contains a portrayal of the vengeful Jewish moneylender Shylock, which reflects dominant Elizabethan views but may appear derogatory to modern audiences.[116][117] The wit and wordplay of Much Ado About Nothing,[118] the charming rural setting of As You Like It, and the lively merrymaking of Twelfth Night complete Shakespeare's sequence of great comedies.[119] After the lyrical Richard II, written almost entirely in verse, Shakespeare introduced prose comedy into the histories of the late 1590s, Henry IV, Part 1 and 2, and Henry V. Henry IV features Falstaff, rogue, wit and friend of Prince Hal. His characters become more complex and tender as he switches deftly between comic and serious scenes, prose and poetry, and achieves the narrative variety of his mature work.[120][121][122] This period begins and ends with two tragedies: Romeo and Juliet, the famous romantic tragedy of sexually charged adolescence, love, and death;[123][124] and Julius Caesar—based on Sir Thomas North's 1579 translation of Plutarch's Parallel Lives—which introduced a new kind of drama.[125][126] According to the Shakespearean scholar James Shapiro, in Julius Caesar, ""the various strands of politics, character, inwardness, contemporary events, even Shakespeare's own reflections on the act of writing, began to infuse each other"".[127]
In the early-17th century, Shakespeare wrote the so-called ""problem plays"" Measure for Measure, Troilus and Cressida, and All's Well That Ends Well and a number of his best known tragedies.[128][129] Many critics believe that Shakespeare's tragedies represent the peak of his art. Hamlet has probably been analysed more than any other Shakespearean character, especially for his famous soliloquy which begins ""To be or not to be; that is the question"".[130] Unlike the introverted Hamlet, whose fatal flaw is hesitation, Othello and Lear are undone by hasty errors of judgement.[131] The plots of Shakespeare's tragedies often hinge on such fatal errors or flaws, which overturn order and destroy the hero and those he loves.[132] In Othello, Iago stokes Othello's sexual jealousy to the point where he murders the innocent wife who loves him.[133][134] In King Lear, the old king commits the tragic error of giving up his powers, initiating the events which led to the torture and blinding of the Earl of Gloucester and the murder of Lear's youngest daughter, Cordelia. According to the critic Frank Kermode, ""the play...offers neither its good characters nor its audience any relief from its cruelty"".[135][136][137] In Macbeth, the shortest and most compressed of Shakespeare's tragedies,[138] uncontrollable ambition incites Macbeth and his wife, Lady Macbeth, to murder the rightful king and usurp the throne until their own guilt destroys them in turn.[139] In this play, Shakespeare adds a supernatural element to the tragic structure. His last major tragedies, Antony and Cleopatra and Coriolanus, contain some of Shakespeare's finest poetry and were considered his most successful tragedies by the poet and critic T. S. Eliot.[140][141][142] Eliot wrote, ""Shakespeare acquired more essential history from Plutarch than most men could from the whole British Museum.""[143]
In his final period, Shakespeare turned to romance or tragicomedy and completed three more major plays: Cymbeline, The Winter's Tale, and The Tempest, as well as the collaboration, Pericles, Prince of Tyre. Less bleak than the tragedies, these four plays are graver in tone than the comedies of the 1590s, but they end with reconciliation and the forgiveness of potentially tragic errors.[144] Some commentators have seen this change in mood as evidence of a more serene view of life on Shakespeare's part, but it may merely reflect the theatrical fashion of the day.[145][146][147] Shakespeare collaborated on two further surviving plays, Henry VIII and The Two Noble Kinsmen, probably with John Fletcher.[148]
Shakespeare's works include the 36 plays printed in the First Folio of 1623, listed according to their folio classification as comedies, histories, and tragedies.[149] Two plays not included in the First Folio,[150] The Two Noble Kinsmen and Pericles, Prince of Tyre, are now accepted as part of the canon, with today's scholars agreeing that Shakespeare made major contributions to the writing of both.[151][152] No Shakespearean poems were included in the First Folio, partly because the collection was compiled by men of theatre.[153]
In the late 19th century the critic Edward Dowden classified four of the late comedies as romances, and though many scholars prefer to call them tragicomedies, Dowden's term is often used.[154][155] In 1896 Frederick S. Boas coined the term ""problem plays"" to describe four plays: All's Well That Ends Well, Measure for Measure, Troilus and Cressida and Hamlet.[156] ""Dramas as singular in theme and temper cannot be strictly called comedies or tragedies"", he wrote. ""We may, therefore, borrow a convenient phrase from the theatre of today and class them together as Shakespeare's problem plays.""[157] The term, much debated and sometimes applied to other plays, remains in use, though Hamlet is definitively classed as a tragedy.[158][159][160]
It is not clear for which companies Shakespeare wrote his early plays. The title page of the 1594 edition of Titus Andronicus reveals that the play had been acted by three different troupes.[161] After the plagues of 1592–93, Shakespeare's plays were performed by his own company at The Theatre and the Curtain in Shoreditch, north of the Thames.[162] Londoners flocked there to see the first part of Henry IV, Leonard Digges recording, ""Let but Falstaff come, Hal, Poins, the rest ... and you scarce shall have a room"".[163] When the company found themselves in dispute with their landlord, they pulled The Theatre down and used the timbers to construct the Globe Theatre, the first playhouse built by actors for actors, on the south bank of the Thames at Southwark.[164][165] The Globe opened in autumn 1599, with Julius Caesar one of the first plays staged. Most of Shakespeare's greatest post-1599 plays were written for the Globe, including Hamlet, Othello, and King Lear.[164][166][167]
After the Lord Chamberlain's Men were renamed the King's Men in 1603, they entered a special relationship with the new King James. Although the performance records are patchy, the King's Men performed seven of Shakespeare's plays at court between 1 November 1604, and 31 October 1605, including two performances of The Merchant of Venice.[54] After 1608, they performed at the indoor Blackfriars Theatre during the winter and the Globe during the summer.[168] The indoor setting, combined with the Jacobean fashion for lavishly staged masques, allowed Shakespeare to introduce more elaborate stage devices. In Cymbeline, for example, Jupiter descends ""in thunder and lightning, sitting upon an eagle: he throws a thunderbolt. The ghosts fall on their knees.""[169][170]
The actors in Shakespeare's company included the famous Richard Burbage, William Kempe, Henry Condell and John Heminges. Burbage played the leading role in the first performances of many of Shakespeare's plays, including Richard III, Hamlet, Othello, and King Lear.[171] The popular comic actor Will Kempe played the servant Peter in Romeo and Juliet and Dogberry in Much Ado About Nothing, among other characters.[172][173] He was replaced around 1600 by Robert Armin, who played roles such as Touchstone in As You Like It and the fool in King Lear.[174] In 1613 Sir Henry Wotton recorded that Henry VIII ""was set forth with many extraordinary circumstances of pomp and ceremony"".[175] However, on 29 June a cannon set fire to the thatch of the Globe and burned the theatre to the ground, an event that pinpoints the date of a Shakespeare play with rare precision.[175]
In 1623 John Heminges and Henry Condell, two of Shakespeare's colleagues from the King's Men, published the First Folio, a collected edition of Shakespeare's plays. It contained 36 texts, including 18 printed for the first time.[176] Most of the others had already appeared in quarto versions—flimsy books made from sheets of paper folded twice to make four leaves.[177][178] No evidence suggests that Shakespeare approved these editions, which the First Folio describes as ""stol'n and surreptitious copies"".[179]
Alfred Pollard termed some of the pre-1623 versions as ""bad quartos"" because of their adapted, paraphrased or garbled texts, which may in places have been reconstructed from memory.[177][179][180] Where several versions of a play survive, each differs from the others. The differences may stem from copying or printing errors, from notes by actors or audience members, or from Shakespeare's own papers.[181][182] In some cases, for example, Hamlet, Troilus and Cressida, and Othello, Shakespeare could have revised the texts between the quarto and folio editions. In the case of King Lear, however, while most modern editions do conflate them, the 1623 folio version is so different from the 1608 quarto that the Oxford Shakespeare prints them both, arguing that they cannot be conflated without confusion.[183]
In 1593 and 1594, when the theatres were closed because of plague, Shakespeare published two narrative poems on sexual themes, Venus and Adonis and The Rape of Lucrece. He dedicated them to Henry Wriothesley, 3rd Earl of Southampton. In Venus and Adonis, an innocent Adonis rejects the sexual advances of Venus; while in The Rape of Lucrece, the virtuous wife Lucrece is raped by the lustful Tarquin.[184] Influenced by Ovid's Metamorphoses,[185] the poems show the guilt and moral confusion that result from uncontrolled lust.[186] Both proved popular and were often reprinted during Shakespeare's lifetime. A third narrative poem, A Lover's Complaint, in which a young woman laments her seduction by a persuasive suitor, was printed in the first edition of the Sonnets in 1609. Most scholars now accept that Shakespeare wrote A Lover's Complaint. Critics consider that its fine qualities are marred by leaden effects.[187][188][189] The Phoenix and the Turtle, printed in Robert Chester's 1601 Love's Martyr, mourns the deaths of the legendary phoenix and his lover, the faithful turtle dove. In 1599, two early drafts of sonnets 138 and 144 appeared in The Passionate Pilgrim, published under Shakespeare's name but without his permission.[187][189][190]
Published in 1609, the Sonnets were the last of Shakespeare's non-dramatic works to be printed. Scholars are not certain when each of the 154 sonnets was composed, but evidence suggests that Shakespeare wrote sonnets throughout his career for a private readership.[191][192] Even before the two unauthorised sonnets appeared in The Passionate Pilgrim in 1599, Francis Meres had referred in 1598 to Shakespeare's ""sugred Sonnets among his private friends"".[193] Few analysts believe that the published collection follows Shakespeare's intended sequence.[194] He seems to have planned two contrasting series: one about uncontrollable lust for a married woman of dark complexion (the ""dark lady""), and one about conflicted love for a fair young man (the ""fair youth""). It remains unclear if these figures represent real individuals, or if the authorial ""I"" who addresses them represents Shakespeare himself, although William Wordsworth believed that with the sonnets ""Shakespeare unlocked his heart"".[193][192]
Shall I compare thee to a summer's day?
Thou art more lovely and more temperate ...
The 1609 edition was dedicated to a ""Mr. W.H."", credited as ""the only begetter"" of the poems. It is not known whether this was written by Shakespeare himself or by the publisher, Thomas Thorpe, whose initials appear at the foot of the dedication page; nor is it known who Mr. W.H. was, despite numerous theories, or whether Shakespeare even authorised the publication.[196] Critics praise the Sonnets as a profound meditation on the nature of love, sexual passion, procreation, death, and time.[197]
Shakespeare's first plays were written in the conventional style of the day. He wrote them in a stylised language that does not always spring naturally from the needs of the characters or the drama.[198] The poetry depends on extended, sometimes elaborate metaphors and conceits, and the language is often rhetorical—written for actors to declaim rather than speak. The grand speeches in Titus Andronicus, in the view of some critics, often hold up the action, for example; and the verse in The Two Gentlemen of Verona has been described as stilted.[199][200]
""And pity, like a naked new-born babe,
Striding the blast, or heaven's cherubim, hors'd
Upon the sightless couriers of the air.""[201]
However, Shakespeare soon began to adapt the traditional styles to his own purposes. The opening soliloquy of Richard III has its roots in the self-declaration of Vice in medieval drama. At the same time, Richard's vivid self-awareness looks forward to the soliloquies of Shakespeare's mature plays.[202][203] No single play marks a change from the traditional to the freer style. Shakespeare combined the two throughout his career, with Romeo and Juliet perhaps the best example of the mixing of the styles.[204] By the time of Romeo and Juliet, Richard II and A Midsummer Night's Dream in the mid-1590s, Shakespeare had begun to write a more natural poetry. He increasingly tuned his metaphors and images to the needs of the drama itself.
Shakespeare's standard poetic form was blank verse, composed in iambic pentameter. In practice, this meant that his verse was usually unrhymed and consisted of ten syllables to a line, spoken with a stress on every second syllable. The blank verse of his early plays is quite different from that of his later ones. It is often beautiful, but its sentences tend to start, pause, and finish at the end of lines, with the risk of monotony.[205] Once Shakespeare mastered traditional blank verse, he began to interrupt and vary its flow. This technique releases the new power and flexibility of the poetry in plays such as Julius Caesar and Hamlet. Shakespeare uses it, for example, to convey the turmoil in Hamlet's mind:[206]
Sir, in my heart there was a kind of fighting
That would not let me sleep. Methought I lay
Worse than the mutines in the bilboes. Rashly—
And prais'd be rashness for it—let us know
Our indiscretion sometimes serves us well ...
— Hamlet, Act 5, Scene 2, 4–8[206]
After Hamlet, Shakespeare varied his poetic style further, particularly in the more emotional passages of the late tragedies. The literary critic A. C. Bradley described this style as ""more concentrated, rapid, varied, and, in construction, less regular, not seldom twisted or elliptical"".[207] In the last phase of his career, Shakespeare adopted many techniques to achieve these effects. These included run-on lines, irregular pauses and stops, and extreme variations in sentence structure and length.[208] In Macbeth, for example, the language darts from one unrelated metaphor or simile to another: ""was the hope drunk/ Wherein you dressed yourself?"" (1.7.35–38); ""... pity, like a naked new-born babe/ Striding the blast, or heaven's cherubim, hors'd/ Upon the sightless couriers of the air ..."" (1.7.21–25). The listener is challenged to complete the sense.[208] The late romances, with their shifts in time and surprising turns of plot, inspired a last poetic style in which long and short sentences are set against one another, clauses are piled up, subject and object are reversed, and words are omitted, creating an effect of spontaneity.[209]
Shakespeare combined poetic genius with a practical sense of the theatre.[210] Like all playwrights of the time, he dramatised stories from sources such as Plutarch and Raphael Holinshed.[211] He reshaped each plot to create several centres of interest and to show as many sides of a narrative to the audience as possible. This strength of design ensures that a Shakespeare play can survive translation, cutting, and wide interpretation without loss to its core drama.[212] As Shakespeare's mastery grew, he gave his characters clearer and more varied motivations and distinctive patterns of speech. He preserved aspects of his earlier style in the later plays, however. In the late romances, he deliberately returned to a more artificial style, which emphasised the illusion of theatre.[213][214]
Shakespeare's work has made a significant and lasting impression on later theatre and literature. In particular, he expanded the dramatic potential of characterisation, plot, language, and genre.[215] Until Romeo and Juliet, romance had not been viewed as a worthy topic for tragedy.[216] Soliloquies had been used mainly to convey information about characters or events, but Shakespeare used them to explore characters' minds.[217] His work heavily influenced later poetry. The Romantic poets attempted to revive Shakespearean verse drama, though with little success. The critic George Steiner described all English verse dramas from Samuel Taylor Coleridge to Alfred, Lord Tennyson, as ""feeble variations on Shakespearean themes"".[218] John Milton, considered by many to be the most important English poet after Shakespeare, wrote in tribute: ""Thou in our wonder and astonishment/ Hast built thyself a live-long monument.""[219]
Shakespeare influenced novelists such as Thomas Hardy, William Faulkner and Charles Dickens. The American novelist Herman Melville's soliloquies owe much to Shakespeare; his Captain Ahab in Moby-Dick is a classic tragic hero, inspired by King Lear.[220] Scholars have identified 20,000 pieces of music linked to Shakespeare's works, including Felix Mendelssohn's overture and incidental music for A Midsummer Night's Dream and Sergei Prokofiev's ballet Romeo and Juliet. His work has inspired several operas, among them Giuseppe Verdi's Macbeth, Otello and Falstaff, whose critical standing compares with that of the source plays.[221] Shakespeare has also inspired many painters, including the Romantics and the Pre-Raphaelites, while William Hogarth's 1745 painting of actor David Garrick playing Richard III was decisive in establishing the genre of theatrical portraiture in Britain.[222] Shakespeare has been a rich source for filmmakers; Akira Kurosawa adapted Macbeth and King Lear as Throne of Blood and Ran. Other examples of Shakespeare on film include Max Reinhardt's A Midsummer Night's Dream, Laurence Olivier's Hamlet and Al Pacino's documentary Looking For Richard.[223] Orson Welles, a lifelong lover of Shakespeare, directed and starred in Macbeth, Othello and Chimes at Midnight. The last, in which he plays John Falstaff, was Welles's favourite of his films.[224]
In Shakespeare's day English grammar, spelling and pronunciation were less standardised than they are now,[225] and his use of language helped to shape modern English.[226] Samuel Johnson quoted him more often than any other author in his A Dictionary of the English Language, the first serious work of its type.[227] Expressions such as ""with bated breath"" (Merchant of Venice) and ""a foregone conclusion"" (Othello) have found their way into everyday English speech.[228][229]
Shakespeare's influence extends far beyond his native England and the English language. His reception in Germany was particularly significant; as early as the 18th century Shakespeare was widely translated and popularised in Germany, notably by the travelling theatre company of Abel Seyler, and gradually became a ""classic of the German Weimar era;"" Christoph Martin Wieland was the first to produce complete translations of Shakespeare's plays in any language.[230][231] The Swiss Romantic artist Henry Fuseli, a friend of William Blake, translated Macbeth into German.[232] The psychoanalyst Sigmund Freud drew on Shakespearean psychology, in particular, that of Hamlet, for his theories of human nature.[233] The actor and theatre-director Simon Callow writes, ""this master, this titan, this genius, so profoundly British and so effortlessly universal, each different culture – German, Italian, Russian – was obliged to respond to the Shakespearean example; for the most part, they embraced it, and him, with joyous abandon, as the possibilities of language and character in action that he celebrated liberated writers across the continent. Some of the most deeply affecting productions of Shakespeare have been non-English, and non-European. He is that unique writer: he has something for everyone.""[234]
According to Guinness World Records, Shakespeare remains the world's best-selling playwright, with sales of his plays and poetry believed to have achieved in excess of four billion copies in the almost 400 years since his death. He is also the third most translated author in history,[235] with his plays translated into over 80 languages, from major world tongues such as German, Hindi, and Japanese, to constructed languages like Esperanto and Klingon.[236][237] Major festivals, including the Globe to Globe Festival in London (2012), have staged all 37 plays in 37 different languages, with productions ranging from Hamlet in Lithuanian to The Merchant of Venice in Hebrew, performed by Habima Theatre, Israel's national theatre.[238][239]
He was not of an age, but for all time.
Shakespeare was not revered in his lifetime, but he received a large amount of praise.[241][242] In 1598 the cleric and author Francis Meres singled him out from a group of English playwrights as ""the most excellent"" in both comedy and tragedy.[243][244] The authors of the Parnassus plays at St John's College, Cambridge, numbered him with Geoffrey Chaucer, John Gower and Edmund Spenser.[245] In the First Folio, Ben Jonson called Shakespeare the ""Soul of the age, the applause, delight, the wonder of our stage"", although he had remarked elsewhere that ""Shakespeare wanted art"" (lacked skill).[240]
Between the Restoration of the monarchy in 1660 and the end of the 17th century, classical ideas were in vogue. As a result, critics of the time mostly rated Shakespeare below John Fletcher and Ben Jonson.[246] Thomas Rymer, for example, condemned Shakespeare for mixing the comic with the tragic. Nevertheless, the poet and critic John Dryden rated Shakespeare highly, saying of Jonson, ""I admire him, but I love Shakespeare"".[247] He also famously remarked that Shakespeare ""was naturally learned; he needed not the spectacles of books to read nature; he looked inwards, and found her there.""[248] For several decades, Rymer's view held sway but during the 18th century, critics began to respond to Shakespeare on his own terms and, like Dryden, to acclaim what they termed his natural genius. A series of scholarly editions of his work, notably those of Samuel Johnson in 1765 and Edmond Malone in 1790, added to his growing reputation.[249][250] By 1800, he was firmly enshrined as the national poet,[251] and described as the ""Bard of Avon"" (or simply ""the Bard"").[252][i] In the 18th and 19th centuries, his reputation also spread abroad. Among those who championed him were the writers Voltaire, Johann Wolfgang Von Goethe, Stendhal and Victor Hugo.[254][j]
During the Romantic era Shakespeare was praised by the poet and literary philosopher Samuel Taylor Coleridge, and the critic August Wilhelm Schlegel translated his plays in the spirit of German Romanticism.[256] In the 19th century, critical admiration for Shakespeare's genius often bordered on adulation.[257] ""This King Shakespeare,"" the essayist Thomas Carlyle wrote in 1840, ""does not he shine, in crowned sovereignty, over us all, as the noblest, gentlest, yet strongest of rallying signs; indestructible"".[258] The Victorians produced his plays as lavish spectacles on a grand scale.[259] The playwright and critic George Bernard Shaw mocked the cult of Shakespeare worship as ""bardolatry"", claiming that the new naturalism of Henrik Ibsen's plays had made Shakespeare obsolete.[260]
The modernist revolution in the arts during the early 20th century, far from discarding Shakespeare, eagerly enlisted his work in the service of the avant-garde. The Expressionists in Germany and the Futurists in Moscow mounted productions of his plays. The Marxist playwright and director Bertolt Brecht devised an epic theatre under the influence of Shakespeare. The poet and critic T. S. Eliot argued against Shaw that Shakespeare's ""primitiveness"" in fact made him truly modern.[261] Eliot, along with G. Wilson Knight and the school of New Criticism, led a movement towards a closer reading of Shakespeare's imagery. In the 1950s, a wave of new critical approaches replaced modernism and paved the way for post-modern studies of Shakespeare.[262] Harold Bloom wrote, ""Shakespeare was larger than Plato and than St. Augustine. He encloses us because we see with his fundamental perceptions.""[263] In the 21st century, his reputation remains pre-eminent. Emma Smith, professor of Shakespeare Studies at the University of Oxford, in a study published in 2019, called him ""the world's greatest playwright"";[264] while Dennis Kennedy, Samuel Beckett Professor of Drama and Theatre (Emeritus) at Trinity College Dublin, noted in 2004 that he remains ""the most performed playwright in the world"".[265] Gary Taylor, co-editor of The New Oxford Shakespeare published in 2017, wrote; ""most of the most important, the most talented, and best educated writers and readers of the last four centuries have considered Shakespeare the best writer in English, or the best modern writer in any language, or the world's best playwright, or the best Western writer of the last thousand years, or the best writer ever, or the greatest genius of all time"".[266]
Around 230 years after Shakespeare's death, doubts began to be expressed about the authorship of the works attributed to him.[267] Proposed alternative candidates include Francis Bacon, Christopher Marlowe and Edward de Vere, 17th Earl of Oxford.[268] Several ""group theories"" have also been proposed.[269] All but a few Shakespeare scholars and literary historians consider it a fringe theory, with only a small minority of academics believing that there is reason to question the traditional attribution,[270] but interest in the subject, particularly the Oxfordian theory of Shakespeare authorship, continues into the 21st century.[271][272][273]
Shakespeare conformed to the official state religion,[k] but his private views on religion have been the subject of debate. Shakespeare's will uses a Protestant formula, and he was a confirmed member of the Church of England, where he was married, his children were baptised, and where he is buried.
Some scholars are of the view that members of Shakespeare's family were Catholics, at a time when practising Catholicism in England was against the law.[275] Shakespeare's mother, Mary Arden, certainly came from a pious Catholic family. The strongest evidence might be a Catholic statement of faith signed by his father, John Shakespeare, found in 1757 in the rafters of his former house in Henley Street. However, the document is now lost and scholars differ as to its authenticity.[276][277] In 1591 the authorities reported that John Shakespeare had missed church ""for fear of process for debt"", a common Catholic excuse.[278][279][280] In 1606 the name of William's daughter Susanna appears on a list of those who failed to attend Easter communion in Stratford.[278][279][280]
Other authors argue that there is a lack of evidence about Shakespeare's religious beliefs. Scholars find evidence both for and against Shakespeare's Catholicism, Protestantism, or lack of belief in his plays, but the truth may be impossible to prove.[281][282]
In 1934, Rudyard Kipling published a short story in The Strand Magazine, ""Proofs of Holy Writ"", postulating that Shakespeare had helped to polish the prose of the King James Bible, published in 1611.[283]
Few details of Shakespeare's sexuality are known. At 18 he married 26-year-old Anne Hathaway, who was pregnant. Susanna, the first of their three children, was born six months later on 26 May 1583. Over the centuries, some readers have posited that Shakespeare's sonnets are autobiographical,[284] and point to them as evidence of his love for a young man. Others read the same passages as the expression of intense friendship rather than romantic love.[285][286][287] The 26 so-called ""Dark Lady"" sonnets, addressed to a married woman, are taken as evidence of heterosexual liaisons.[288]
No written contemporary description of Shakespeare's physical appearance survives, and no evidence suggests that he ever commissioned a portrait. From the 18th century, the desire for authentic Shakespeare portraits fuelled claims that various surviving pictures depicted Shakespeare.[289] That demand also led to the production of several fake portraits, as well as misattributions, re-paintings, and relabelling of portraits of other people.[290][291]
Some scholars suggest that the Droeshout portrait, which Ben Jonson approved of as a good likeness,[292] and his Stratford monument provide perhaps the best evidence of his appearance.[293] Of the claimed paintings, the art historian Tarnya Cooper concluded that the Chandos portrait had ""the strongest claim of any of the known contenders to be a true portrait of Shakespeare"". After a three-year study supported by the National Portrait Gallery, London, the portrait's owners, Cooper contended that its composition date, contemporary with Shakespeare, its subsequent provenance, and the sitter's attire, all supported the attribution.[294]
Digital editions
Exhibitions
Music
Education
Legacy and criticism
",william shakespeare april b april c english playwright poet actor widely regarded greatest writer english language world dramatist often called england national poet bard avon simply bard extant work including collaboration consist play sonnet three long narrative poem verse uncertain authorship play translated every major living language performed often playwright shakespeare remains arguably influential writer english language work continue studied reinterpreted shakespeare born raised warwickshire age married anne hathaway three child susanna twin hamnet judith sometime began successful career london actor writer sharer playing company called lord chamberlain men later known king men ascension king james vi scotland english throne age around appears retired stratford died three year later record shakespeare private life survive stimulated considerable speculation matter physical appearance sexuality religious belief even certain fringe theory whether work attributed written others shakespeare produced known work early play primarily comedy history regarded best work produced genre wrote mainly tragedy among hamlet othello king lear macbeth considered among finest work english last phase career wrote tragicomedy also known romance winter tale tempest collaborated playwright many shakespeare play published edition varying quality accuracy lifetime however john heminges henry condell two fellow actor friend shakespeare published definitive text known first folio posthumous collected edition shakespeare dramatic work includes play preface includes prescient poem ben jonson former rival shakespeare hailed shakespeare epithet age time william shakespeare son john shakespeare alderman successful glover originally snitterfield warwickshire mary arden daughter affluent landowning family influential recusant catholic community born baptised april date birth unknown traditionally observed april saint george day date traced william oldys george steevens proved appealing biographer shakespeare died date third eight child eldest surviving son although attendance record period survive biographer agree shakespeare probably educated king new school stratford free school chartered based home stratford guildhall grammar school varied quality elizabethan era grammar school curriculum largely similar basic latin text standardised royal decree school would provided intensive education grammar based upon latin classical author age shakespeare married anne hathaway consistory court diocese worcester issued marriage licence november next day two hathaway neighbour posted bond guaranteeing lawful claim impeded marriage ceremony may arranged haste worcester chancellor allowed marriage banns read instead usual three time six month marriage anne gave birth daughter susanna baptised may twin son hamnet daughter judith followed almost two year later baptised february hamnet died unknown cause age buried august birth twin shakespeare left historical trace mentioned part london theatre scene exception appearance name complaint bill law case queen bench court westminster dated michaelmas term october scholar refer year shakespeare lost year biographer attempting account period reported many apocryphal story nicholas rowe shakespeare first biographer recounted stratford legend shakespeare fled town london escape prosecution deer poaching estate local squire thomas lucy shakespeare also supposed taken revenge lucy writing scurrilous ballad another story shakespeare starting theatrical career minding horse theatre patron london john aubrey reported shakespeare country schoolmaster scholar suggested shakespeare may employed schoolmaster alexander hoghton lancashire catholic landowner named certain william shakeshafte little evidence substantiates story hearsay collected death shakeshafte common name lancashire area known definitively shakespeare began writing contemporary allusion record performance show several play london stage sufficiently known london attacked print playwright robert greene wit year upstart crow beautified feather tiger heart wrapped player hide supposes well able bombast blank verse best absolute johannes factotum conceit country scholar differ exact meaning greene word agree greene accusing shakespeare reaching rank trying match writer christopher marlowe thomas nashe greene university wit italicised phrase parodying line oh tiger heart wrapped woman hide shakespeare henry vi part along pun clearly identify shakespeare greene target used johannes factotum jack trade refers tinkerer work others rather common universal genius greene attack earliest surviving mention shakespeare work theatre biographer suggest career may begun time greene remark shakespeare play performed theatre shoreditch lord chamberlain men company owned group player including shakespeare soon became leading playing company london death queen elizabeth company awarded royal patent new king james changed name king men world stage men woman merely player exit entrance one man time play many part partnership member company built theatre south bank river thames named globe partnership also took blackfriar indoor theatre extant record shakespeare property purchase investment indicate association company made wealthy man bought house stratford new place invested share parish tithe stratford shakespeare play published quarto edition beginning name become selling point began appear title page shakespeare continued act play success playwright edition ben jonson work name cast list every man humour sejanus fall absence name cast list jonson volpone taken scholar sign acting career nearing end first folio however list shakespeare one principal actor play first staged volpone although one know certain role played john davy hereford wrote good played kingly role rowe passed tradition shakespeare played ghost hamlet father later tradition maintain also played adam like chorus henry v though scholar doubt source information throughout career shakespeare divided time london stratford year bought new place family home stratford shakespeare living parish st helen bishopsgate north river thames moved across river southwark year company constructed globe theatre moved north river area north st paul cathedral many fine house rented room french huguenot named christopher mountjoy maker woman wig headgear nicholas rowe first biographer record tradition repeated samuel johnson shakespeare retired stratford year death still working actor london answer sharer petition cuthbert burbage stated purchasing lease blackfriar theatre henry evans king men placed men player heminges condell shakespeare however perhaps relevant bubonic plague raged london throughout london public playhouse repeatedly closed extended outbreak plague total month closure may february meant often acting work retirement work uncommon time shakespeare continued visit london year called witness bellott v mountjoy court case concerning marriage settlement mountjoy daughter mary march bought gatehouse former blackfriar priory november london several week john hall shakespeare wrote fewer play none attributed last three play collaboration probably john fletcher succeeded house playwright king men retired globe theatre burned performance henry viii june shakespeare died april age e died within month signing document begin describing perfect health extant contemporary source explains died half century later john ward vicar stratford wrote notebook shakespeare drayton ben jonson merry meeting seems drank hard shakespeare died fever contracted impossible scenario since shakespeare knew jonson michael drayton tribute fellow author one refers relatively sudden death wondered shakespeare thou soon world stage grave tiring room f survived wife two daughter susanna married physician john hall judith married thomas quiney vintner two month shakespeare death shakespeare signed last testament march following day thomas quiney new found guilty fathering illegitimate son margaret wheeler margaret son died childbirth thomas ordered church court public penance would caused much shame embarrassment shakespeare family shakespeare bequeathed bulk large estate elder daughter susanna stipulation pas intact first son body quineys three child died without marrying hall one child elizabeth married twice died without child ending shakespeare direct line shakespeare scarcely mention wife anne probably entitled estate automatically g make point however leaving second best bed bequest led much speculation scholar see bequest insult anne whereas others believe bed would matrimonial bed therefore rich significance shakespeare buried chancel holy trinity church two day death epitaph carved stone slab covering grave includes curse moving bone carefully avoided restoration church good frend iesvs sake forbeare digg dvst encloased heare bleste man spare thes stone cvrst move bone h good friend jesus sake forbear dig dust enclosed blessed man spare stone cursed move bone time funerary monument erected memory north wall act writing plaque compare nestor socrates virgil conjunction publication first folio droeshout engraving published shakespeare commemorated many statue memorial around world including funeral monument southwark cathedral poet corner westminster abbey playwright period typically collaborated others point critic agree shakespeare mostly early late career first recorded work shakespeare richard iii three part henry vi written early vogue historical drama shakespeare play difficult date precisely however study text suggest titus andronicus comedy error taming shrew two gentleman verona may also belong shakespeare earliest period first history draw heavily edition raphael holinshed chronicle england scotland ireland dramatise destructive result weak corrupt rule interpreted justification origin tudor dynasty early play influenced work elizabethan dramatist especially thomas kyd christopher marlowe tradition medieval drama play seneca comedy error also based classical model source taming shrew found though identical plot different wording another play similar name like two gentleman verona two friend appear approve rape shrew story taming woman independent spirit man sometimes trouble modern critic director audience shakespeare early classical italianate comedy containing tight double plot precise comic sequence give way romantic atmosphere acclaimed comedy midsummer night dream witty mixture romance fairy magic comic lowlife scene shakespeare next comedy equally romantic merchant venice contains portrayal vengeful jewish moneylender shylock reflects dominant elizabethan view may appear derogatory modern audience wit wordplay much ado nothing charming rural setting like lively merrymaking twelfth night complete shakespeare sequence great comedy lyrical richard ii written almost entirely verse shakespeare introduced prose comedy history late henry iv part henry henry iv feature falstaff rogue wit friend prince hal character become complex tender switch deftly comic serious scene prose poetry achieves narrative variety mature work period begin end two tragedy romeo juliet famous romantic tragedy sexually charged adolescence love death julius caesar based sir thomas north translation plutarch parallel life introduced new kind drama according shakespearean scholar james shapiro julius caesar various strand politics character inwardness contemporary event even shakespeare reflection act writing began infuse century shakespeare wrote problem play measure measure troilus cressida well end well number best known tragedy many critic believe shakespeare tragedy represent peak art hamlet probably analysed shakespearean character especially famous soliloquy begin question unlike introverted hamlet whose fatal flaw hesitation othello lear undone hasty error judgement plot shakespeare tragedy often hinge fatal error flaw overturn order destroy hero love othello iago stokes othello sexual jealousy point murder innocent wife love king lear old king commits tragic error giving power initiating event led torture blinding earl gloucester murder lear youngest daughter cordelia according critic frank kermode play offer neither good character audience relief cruelty macbeth shortest compressed shakespeare tragedy uncontrollable ambition incites macbeth wife lady macbeth murder rightful king usurp throne guilt destroys turn play shakespeare add supernatural element tragic structure last major tragedy antony cleopatra coriolanus contain shakespeare finest poetry considered successful tragedy poet critic eliot eliot wrote shakespeare acquired essential history plutarch men could whole british museum final period shakespeare turned romance tragicomedy completed three major play cymbeline winter tale tempest well collaboration pericles prince tyre less bleak tragedy four play graver tone comedy end reconciliation forgiveness potentially tragic error commentator seen change mood evidence serene view life shakespeare part may merely reflect theatrical fashion day shakespeare collaborated two surviving play henry viii two noble kinsman probably john fletcher shakespeare work include play printed first folio listed according folio classification comedy history tragedy two play included first folio two noble kinsman pericles prince tyre accepted part canon today scholar agreeing shakespeare made major contribution writing shakespearean poem included first folio partly collection compiled men theatre late century critic edward dowden classified four late comedy romance though many scholar prefer call tragicomedy dowden term often used frederick boa coined term problem play describe four play well end well measure measure troilus cressida hamlet drama singular theme temper strictly called comedy tragedy wrote may therefore borrow convenient phrase theatre today class together shakespeare problem play term much debated sometimes applied play remains use though hamlet definitively classed tragedy clear company shakespeare wrote early play title page edition titus andronicus reveals play acted three different troupe plague shakespeare play performed company theatre curtain shoreditch north thames londoner flocked see first part henry iv leonard digges recording let falstaff come hal poins rest scarce shall room company found dispute landlord pulled theatre used timber construct globe theatre first playhouse built actor actor south bank thames southwark globe opened autumn julius caesar one first play staged shakespeare greatest play written globe including hamlet othello king lear lord chamberlain men renamed king men entered special relationship new king james although performance record patchy king men performed seven shakespeare play court november october including two performance merchant venice performed indoor blackfriar theatre winter globe summer indoor setting combined jacobean fashion lavishly staged masque allowed shakespeare introduce elaborate stage device cymbeline example jupiter descends thunder lightning sitting upon eagle throw thunderbolt ghost fall knee actor shakespeare company included famous richard burbage william kempe henry condell john heminges burbage played leading role first performance many shakespeare play including richard iii hamlet othello king lear popular comic actor kempe played servant peter romeo juliet dogberry much ado nothing among character replaced around robert armin played role touchstone like fool king lear sir henry wotton recorded henry viii set forth many extraordinary circumstance pomp ceremony however june cannon set fire thatch globe burned theatre ground event pinpoint date shakespeare play rare precision john heminges henry condell two shakespeare colleague king men published first folio collected edition shakespeare play contained text including printed first time others already appeared quarto version flimsy book made sheet paper folded twice make four leaf evidence suggests shakespeare approved edition first folio describes surreptitious copy alfred pollard termed version bad quarto adapted paraphrased garbled text may place reconstructed memory several version play survive differs others difference may stem copying printing error note actor audience member shakespeare paper case example hamlet troilus cressida othello shakespeare could revised text quarto folio edition case king lear however modern edition conflate folio version different quarto oxford shakespeare print arguing conflated without confusion theatre closed plague shakespeare published two narrative poem sexual theme venus adonis rape lucrece dedicated henry wriothesley earl southampton venus adonis innocent adonis reject sexual advance venus rape lucrece virtuous wife lucrece raped lustful tarquin influenced ovid metamorphosis poem show guilt moral confusion result uncontrolled lust proved popular often reprinted shakespeare lifetime third narrative poem lover complaint young woman lament seduction persuasive suitor printed first edition sonnet scholar accept shakespeare wrote lover complaint critic consider fine quality marred leaden effect phoenix turtle printed robert chester love martyr mourns death legendary phoenix lover faithful turtle dove two early draft sonnet appeared passionate pilgrim published shakespeare name without permission published sonnet last shakespeare work printed scholar certain sonnet composed evidence suggests shakespeare wrote sonnet throughout career private readership even two unauthorised sonnet appeared passionate pilgrim francis mere referred shakespeare sugred sonnet among private friend analyst believe published collection follows shakespeare intended sequence seems planned two contrasting series one uncontrollable lust married woman dark complexion dark lady one conflicted love fair young man fair youth remains unclear figure represent real individual authorial address represents shakespeare although william wordsworth believed sonnet shakespeare unlocked heart shall compare thee summer day thou art lovely temperate edition dedicated mr credited begetter poem known whether written shakespeare publisher thomas thorpe whose initial appear foot dedication page known despite numerous theory whether shakespeare even authorised publication critic praise sonnet profound meditation nature love sexual passion procreation death time shakespeare first play written conventional style day wrote stylised language always spring naturally need character drama poetry depends extended sometimes elaborate metaphor conceit language often rhetorical written actor declaim rather speak grand speech titus andronicus view critic often hold action example verse two gentleman verona described stilted pity like naked babe striding blast heaven cherub hors upon sightless courier air however shakespeare soon began adapt traditional style purpose opening soliloquy richard iii root vice medieval drama time richard vivid look forward soliloquy shakespeare mature play single play mark change traditional freer style shakespeare combined two throughout career romeo juliet perhaps best example mixing style time romeo juliet richard ii midsummer night dream shakespeare begun write natural poetry increasingly tuned metaphor image need drama shakespeare standard poetic form blank verse composed iambic pentameter practice meant verse usually unrhymed consisted ten syllable line spoken stress every second syllable blank verse early play quite different later one often beautiful sentence tend start pause finish end line risk monotony shakespeare mastered traditional blank verse began interrupt vary flow technique release new power flexibility poetry play julius caesar hamlet shakespeare us example convey turmoil hamlet mind sir heart kind fighting would let sleep methought lay worse mutines bilboes rashly prais rashness let u know indiscretion sometimes serf u well hamlet act scene hamlet shakespeare varied poetic style particularly emotional passage late tragedy literary critic bradley described style concentrated rapid varied construction less regular seldom twisted elliptical last phase career shakespeare adopted many technique achieve effect included line irregular pause stop extreme variation sentence structure length macbeth example language dart one unrelated metaphor simile another hope wherein dressed pity like naked striding blast heaven cherub upon sightless courier air listener challenged complete sense late romance shift time surprising turn plot inspired last poetic style long short sentence set one another clause piled subject object reversed word omitted creating effect spontaneity shakespeare combined poetic genius practical sense theatre like playwright time dramatised story source plutarch raphael holinshed reshaped plot create several centre interest show many side narrative audience possible strength design ensures shakespeare play survive translation cutting wide interpretation without loss core drama shakespeare mastery grew gave character clearer varied motivation distinctive pattern speech preserved aspect earlier style later play however late romance deliberately returned artificial style emphasised illusion theatre shakespeare work made significant lasting impression later theatre literature particular expanded dramatic potential characterisation plot language genre romeo juliet romance viewed worthy topic tragedy soliloquy used mainly convey information character event shakespeare used explore character mind work heavily influenced later poetry romantic poet attempted revive shakespearean verse drama though little success critic george steiner described english verse drama samuel taylor coleridge alfred lord tennyson feeble variation shakespearean theme john milton considered many important english poet shakespeare wrote tribute thou wonder hast built thyself monument shakespeare influenced novelist thomas hardy william faulkner charles dickens american novelist herman melville soliloquy owe much shakespeare captain ahab classic tragic hero inspired king lear scholar identified piece music linked shakespeare work including felix mendelssohn overture incidental music midsummer night dream sergei prokofiev ballet romeo juliet work inspired several opera among giuseppe verdi macbeth otello falstaff whose critical standing compare source play shakespeare also inspired many painter including romantic william hogarth painting actor david garrick playing richard iii decisive establishing genre theatrical portraiture britain shakespeare rich source filmmaker akira kurosawa adapted macbeth king lear throne blood ran example shakespeare film include max reinhardt midsummer night dream laurence olivier hamlet al pacino documentary looking richard orson welles lifelong lover shakespeare directed starred macbeth othello chime midnight last play john falstaff welles favourite film shakespeare day english grammar spelling pronunciation less standardised use language helped shape modern english samuel johnson quoted often author dictionary english language first serious work type expression bated breath merchant venice foregone conclusion othello found way everyday english speech shakespeare influence extends far beyond native england english language reception germany particularly significant early century shakespeare widely translated popularised germany notably travelling theatre company abel seyler gradually became classic german weimar era christoph martin wieland first produce complete translation shakespeare play language swiss romantic artist henry fuseli friend william blake translated macbeth german psychoanalyst sigmund freud drew shakespearean psychology particular hamlet theory human nature actor simon callow writes master titan genius profoundly british effortlessly universal different culture german italian russian obliged respond shakespearean example part embraced joyous abandon possibility language character action celebrated liberated writer across continent deeply affecting production shakespeare unique writer something everyone according guinness world record shakespeare remains world playwright sale play poetry believed achieved excess four billion copy almost year since death also third translated author history play translated language major world tongue german hindi japanese constructed language like esperanto klingon major festival including globe globe festival london staged play different language production ranging hamlet lithuanian merchant venice hebrew performed habima theatre israel national theatre age time shakespeare revered lifetime received large amount praise cleric author francis mere singled group english playwright excellent comedy tragedy author parnassus play st john college cambridge numbered geoffrey chaucer john gower edmund spenser first folio ben jonson called shakespeare soul age applause delight wonder stage although remarked elsewhere shakespeare wanted art lacked skill restoration monarchy end century classical idea vogue result critic time mostly rated shakespeare john fletcher ben jonson thomas rymer example condemned shakespeare mixing comic tragic nevertheless poet critic john dryden rated shakespeare highly saying jonson admire love shakespeare also famously remarked shakespeare naturally learned needed spectacle book read nature looked inwards found several decade rymer view held sway century critic began respond shakespeare term like dryden acclaim termed natural genius series scholarly edition work notably samuel johnson edmond malone added growing reputation firmly enshrined national poet described bard avon simply bard century reputation also spread abroad among championed writer voltaire johann wolfgang von goethe stendhal victor hugo j romantic era shakespeare praised poet literary philosopher samuel taylor coleridge critic august wilhelm schlegel translated play spirit german romanticism century critical admiration shakespeare genius often bordered adulation king shakespeare essayist thomas carlyle wrote shine crowned sovereignty u noblest gentlest yet strongest rallying sign indestructible victorian produced play lavish spectacle grand scale playwright critic george bernard shaw mocked cult shakespeare worship bardolatry claiming new naturalism henrik ibsen play made shakespeare obsolete modernist revolution art early century far discarding shakespeare eagerly enlisted work service expressionist germany futurist moscow mounted production play marxist playwright director bertolt brecht devised epic theatre influence shakespeare poet critic eliot argued shaw shakespeare primitiveness fact made truly modern eliot along wilson knight school new criticism led movement towards closer reading shakespeare imagery wave new critical approach replaced modernism paved way study shakespeare harold bloom wrote shakespeare larger plato augustine encloses u see fundamental perception century reputation remains emma smith professor shakespeare study university oxford study published called world greatest playwright dennis kennedy samuel beckett professor drama theatre emeritus trinity college dublin noted remains performed playwright world gary taylor new oxford shakespeare published wrote important talented best educated writer reader last four century considered shakespeare best writer english best modern writer language world best playwright best western writer last thousand year best writer ever greatest genius time around year shakespeare death doubt began expressed authorship work attributed proposed alternative candidate include francis bacon christopher marlowe edward de vere earl oxford several group theory also proposed shakespeare scholar literary historian consider fringe theory small minority academic believing reason question traditional attribution interest subject particularly oxfordian theory shakespeare authorship continues century shakespeare conformed official state religion k private view religion subject debate shakespeare us protestant formula confirmed member church england married child baptised buried scholar view member shakespeare family catholic time practising catholicism england law shakespeare mother mary arden certainly came pious catholic family strongest evidence might catholic statement faith signed father john shakespeare found rafter former house henley street however document lost scholar differ authenticity authority reported john shakespeare missed church fear process debt common catholic excuse name william daughter susanna appears list failed attend easter communion stratford author argue lack evidence shakespeare religious belief scholar find evidence shakespeare catholicism protestantism lack belief play truth may impossible prove rudyard kipling published short story strand magazine proof holy writ postulating shakespeare helped polish prose king james bible published detail shakespeare sexuality known married anne hathaway pregnant susanna first three child born six month later may century reader posited shakespeare sonnet autobiographical point evidence love young man others read passage expression intense friendship rather romantic love dark lady sonnet addressed married woman taken evidence heterosexual liaison written contemporary description shakespeare physical appearance survives evidence suggests ever commissioned portrait century desire authentic shakespeare portrait fuelled claim various surviving picture depicted shakespeare demand also led production several fake portrait well misattributions relabelling portrait people scholar suggest droeshout portrait ben jonson approved good likeness stratford monument provide perhaps best evidence appearance claimed painting art historian tarnya cooper concluded chandos portrait strongest claim known contender true portrait shakespeare study supported national portrait gallery london portrait owner cooper contended composition date contemporary shakespeare subsequent provenance sitter attire supported attribution digital edition exhibition music education legacy criticism
Document 14,Macbeth - Wikipedia,"
The Tragedy of Macbeth, often shortened to Macbeth (/məkˈbɛθ/), is a tragedy by William Shakespeare, estimated to have been first performed in 1606.[a] It dramatises the physically violent and damaging psychological effects of political ambitions and power. It was first published in the Folio of 1623, possibly from a prompt book, and is Shakespeare's shortest tragedy.[1] Scholars believe Macbeth, of all the plays that Shakespeare wrote during the reign of King James I, contains the most allusions to James, patron of Shakespeare's acting company.[2]
In the play, a brave Scottish general named Macbeth receives a prophecy from a trio of witches that one day he will become King of Scotland. Consumed by his latent ambition and spurred to violence by his wife, Macbeth murders King Duncan and takes the Scottish throne for himself. Then, racked with guilt and paranoia, he commits further murders to protect himself from enmity and suspicion, becoming a tyrannical ruler in the process. The violence perpetrated by the power-hungry couple leads to their insanity and finally to their deaths.
Shakespeare's source for the story is the account of Macbeth, King of Scotland, Macduff, and Duncan in Holinshed's Chronicles (1587), a history of England, Scotland, and Ireland familiar to Shakespeare and his contemporaries, although the events in the play differ extensively from the history of the real Macbeth.
There was a stage superstition that the name of the play should not be spoken, and that it should instead be called ""The Scottish Play"". The play has attracted some of the most renowned actors to the roles of Macbeth and Lady Macbeth and has been adapted to film, television, opera, novels, comics, and other media.
Amid thunder and lightning, three witches decide that their next meeting will be with Macbeth, the Thane (Lord) of Glamis. In the following scene, soldiers report to King Duncan of Scotland that his generals Banquo and Macbeth have just defeated a rebellion led by the traitorous Thane of Cawdor, allied with forces from Norway and Ireland. Duncan praises his kinsmen for their bravery and fighting prowess, announcing that the title of Thane of Cawdor shall be transferred to Macbeth.
Wandering on a heath, Macbeth and Banquo are puzzled when the three witches appear, prophetically hailing Macbeth as ""Thane of Glamis"" and ""Thane of Cawdor"", next saying he shall ""be king hereafter"". When Banquo asks of his own fortunes, the witches respond that he will father a line of kings, though he himself will not be one. The witches vanish, and the Thane of Ross arrives, informing Macbeth of his newly bestowed title: Thane of Cawdor. The witches' first prophecy is thus fulfilled, and Macbeth immediately begins to harbour nervous ambitions of becoming king. King Duncan himself soon welcomes and praises Macbeth and Banquo, declaring they will all spend the night at Macbeth's castle in Inverness; also, Duncan's son Malcolm is announced as his official heir. Macbeth sends a letter about the witches ahead to his wife, Lady Macbeth, who is resolute that she and her husband should murder Duncan in order to obtain the crown. When Macbeth arrives in Inverness, she persuades him to kill the king that very night. They plan to get Duncan's two chamber attendants drunk so that they will black out; thus, the next morning they can frame the attendants for the murder.
That night, despite his doubts and a number of supernatural omens, including a hallucination of a blood-smeared dagger,[b] Macbeth goes offstage and stabs the sleeping Duncan to death. Returning, he is so shaken that Lady Macbeth finds him still holding the bloody daggers, which she scolds him for, reminding him they must be left on Duncan's sleeping servants. She takes the knives and places them back in Duncan's chamber. When the couple hears knocking at the castle gate, they hurry to bed.
A drunken porter opens the gate, admitting  Macduff (the Thane of Fife) and a nobleman named Lennox: they wish to visit the king. Macbeth, greeting them, leads them to Duncan's chamber. Macduff enters the chamber then returns to the stage, announcing with shock the murder of Duncan. Macbeth and Lennox rush into the chamber where, offstage, Macbeth impulsively kills Duncan's servants to prevent them from professing their innocence. He reappears and confesses to the other nobles that he has killed the servants, but lies that his intentions were to avenge the king's murder. Duncan's two sons flee the country, fearing that they will be killed next. Macduff explains that their flight makes them the main suspects in the king's death, and Macbeth, as Duncan's next of kin, assumes the throne offstage as the new King of Scotland. Banquo remembers the witches' prophecy about how his own descendants would inherit the throne, and he is suspicious that Macbeth might be Duncan's true killer.
Despite Macbeth's success, he remains uneasy about Banquo's role in the prophecy. Inviting Banquo to a royal banquet, Macbeth discovers that Banquo and his young son Fleance will be riding out that night. Macbeth rapidly arranges to have Banquo and Fleance killed, hiring two men and later adding a third murderer to the plan. During the ambush, the murderers succeed in killing Banquo, but Fleance escapes. Macbeth is furious that an heir of Banquo remains alive.
At the banquet, Macbeth has invited his lords and Lady Macbeth to a night of drinking and merriment, though Macduff has refused to come. Banquo's ghost enters and sits in Macbeth's place. Macbeth raves fearfully, startling his guests, as the ghost is visible only to him. The others panic at the sight of Macbeth raging at an empty chair, until a desperate Lady Macbeth lies that her husband is merely afflicted with a harmless lifelong illness. The ghost departs and returns once more, causing the same riotous anger and fear in Macbeth. This time, Lady Macbeth demands that the visitors leave. Elsewhere, Hecate, queen of witchcraft, scolds the three witches for communicating with Macbeth without consulting her. Hecate instructs the witches to next give Macbeth a false sense of safety and overconfidence about his new position.[c] Through verbal irony, Lennox reveals to another lord his suspicions that Macbeth is a murdering tyrant and they discuss how Macduff, refusing to attend Macbeth's banquet, has gone to England to find allies who will help take back the Scottish throne.
Macbeth visits the three witches and asks them to reveal the truth of their prophecies to him. They summon horrible apparitions, each of which offers further supernatural pronouncements. First, they conjure an armoured head, which tells him to beware of Macduff (IV.i.72). Second, a bloody child tells him that no one born of a woman will be able to harm him. Thirdly, a crowned child holding a tree states that Macbeth will be safe until Great Birnam Wood comes to Dunsinane Hill. Macbeth is relieved because he knows that all his enemies are born of women and a forest cannot possibly travel across the land. However, the witches also conjure a procession of eight crowned kings, the last carrying a mirror that reflects even more kings, and finally the ghost of Banquo pointing to the procession. Macbeth realises nervously that these are all Banquo's descendants who will acquire kingships in numerous countries.
In light of the latest prophecies, Macbeth orders the disobedient Macduff's castle seized and sends assassins to slaughter all its inhabitants, including Macduff's wife and young son. Meanwhile, Macduff himself is in England meeting with Prince Malcolm (the elder of King Duncan's sons) to discuss Macbeth's tyrannical regime. Malcolm, who must be cautious for any traps, confesses that he would be a terrible leader if the crown were handed to him, but this is merely a lie to see how Macduff will react. Macduff shows that he is more loyal to Scotland than any particular leader, impressing Malcolm, who now reveals the lie and says Macduff has won his trust. The Thane of Ross arrives to deliver the horrible news to Macduff that his ""castle is surprised, your wife and babes / Savagely slaughter'd"" (IV.iii.204–205). With this news of his family's murders, Macduff is stricken with grief, but he is quickly provoked to vengeance by Malcolm who explains that he has raised an army with the help of the English King Edward. Together, they can defeat Macbeth and take back the Scottish throne.
At night, in the royal palace at Dunsinane, a doctor and a gentlewoman discuss Lady Macbeth's sudden frightening habit of sleepwalking. Lady Macbeth enters in a trance, bemoaning the recent murders and trying to wash off imaginary bloodstains from her hands. Her observers marvel at her guilt-ridden confessions. Meanwhile, Prince Malcolm's allied forces plan to join up at Birnam Wood, additionally supported by Macduff and defecting Scottish thanes alarmed by Macbeth's recent barbarities. While encamped in Birnam Wood, Malcolm orders his soldiers to cut down and carry tree boughs to camouflage their numbers.
As Macbeth readies for the attack, he receives news that his wife has suddenly died, causing him to deliver a despairing ""Tomorrow, and tomorrow, and tomorrow"" soliloquy (V.v.17–28). Still, he is emboldened by the witches' seeming guarantee of his invincibility against any ""man of woman born"", until a servant reports that Malcolm's army is advancing on Dunsinane in the form of moving trees. As the invaders take his castle, Macbeth is confronted by Macduff. Macbeth tells him that he cannot be defeated by ""one of woman born"", but Macduff reveals that he was born by Caesarean section and thus did not have a natural childbirth. In the ensuing duel with Macduff, Macbeth is killed offstage. Macduff reenters with Macbeth's severed head, and Malcolm discusses how order has been restored. He implies that Lady Macbeth's death was a suicide, declares his benevolent intentions for the country, promotes his thanes to earls, and invites all to see him crowned at Scone.
Shakespeare's source for the story is Holinshed's Chronicles (1587), a history of England, Scotland, and Ireland familiar to Shakespeare and his contemporaries. He combines two very similar stories from Holinshed: one about a man named Donwald, and another about Macbeth, an 11th-century Scottish king. Donwald, a ""captain of [a] castle"", finds several of his kinsmen put to death by his king, Duff, for dealing with witches. After being pressured by his wife, he and four of his servants kill the king in his own house. In Chronicles, Macbeth is portrayed as a commander struggling to support the kingdom in the face of King Duncan's ineptitude. He and Banquo meet the three witches, who make exactly the same prophecies as in Shakespeare's version. Macbeth and Banquo then together plot the murder of Duncan, at Lady Macbeth's urging. Macbeth has a long, ten-year reign before eventually being overthrown by Macduff and Malcolm. The parallels between the two versions are clear. However, some scholars think that George Buchanan's Rerum Scoticarum Historia matches Shakespeare's version more closely. Buchanan's work was available in Latin in Shakespeare's day.[4]
While medieval sources give information about King Macbeth, no medieval account mentions the Weird Sisters, Banquo, or Lady Macbeth, and, with the exception of the last-named, it is probable that none of them actually existed.[5] The characters of Banquo, the Weird Sisters, and Lady Macbeth were first mentioned in 1527 by the Scottish historian Hector Boece in his book Historia Gentis Scotorum (History of the Scottish People), who wanted to denigrate Macbeth in order to strengthen the claim of the House of Stuart to the Scottish throne.[5] Boece portrayed Banquo as an ancestor of the Stuart kings of Scotland, adding in a ""prophecy"" that the descendants of Banquo would be the rightful kings of Scotland while the Weird Sisters served to give a picture of King Macbeth as gaining the throne via dark supernatural forces.[5] Macbeth did have a wife, but it is not clear if she was as power-hungry and ambitious as Boece portrayed her, which served his purpose of having even Macbeth realise he lacked a proper claim to the throne, and only took it at the urging of his wife.[5] Holinshed accepted Boece's version of Macbeth's reign at face value and included it in his Chronicles.[5] Shakespeare saw the dramatic possibilities in the story as related by Holinshed, and used it as the basis for the play.[5]
No other version of the story has Macbeth kill the king in Macbeth's own castle. Scholars have seen this change of Shakespeare's as adding to the darkness of Macbeth's crime as the worst violation of hospitality. Versions of the story that were common at the time had Duncan being killed in an ambush at Inverness, not in a castle. Shakespeare took the detail of the king being murdered while a guest from the story of Donwald and King Duff.[6]
Shakespeare made another important change. In Chronicles, Banquo is an accomplice in Macbeth's murder of King Duncan and plays an important part in ensuring that Macbeth, not Malcolm, takes the throne in the coup that follows.[7] In Shakespeare's day, Banquo was thought to be an ancestor of the Stuart King James I.[8] (In the 19th century it was established that Banquo is an unhistorical character; the Stuarts are actually descended from a Breton family which migrated to Scotland slightly later than Macbeth's time.) The Banquo portrayed in earlier sources is significantly different from the Banquo created by Shakespeare. Critics have proposed several reasons for this change. First, to portray the king's ancestor as a murderer would have been risky. Other authors of the time who wrote about Banquo, such as Jean de Schelandre in his Stuartide, also changed history by portraying Banquo as a noble man, not a murderer, probably for the same reasons.[9] Second, Shakespeare may have altered Banquo's character simply because there was no dramatic need for another accomplice to the murder; there was, however, a need to give a dramatic contrast to Macbeth—a role which many scholars argue is filled by Banquo.[7]
Other scholars maintain that a strong argument can be made for associating the tragedy with the Gunpowder Plot of 1605.[10] As presented by Harold Bloom in 2008: ""[S]cholars cite the existence of several topical references in Macbeth to the events of that year, namely the execution of the Father Henry Garnet for his alleged complicity in the Gunpowder Plot of 1605, as referenced in the porter's scene.""[11] Those arrested for their role in the Gunpowder Plot refused to give direct answers to the questions posed to them by their interrogators, which reflected the influence of the Jesuit practice of equivocation.[12] Shakespeare, by having Macbeth say that demons ""palter...in a double sense"" and ""keep the promise to our ear/And break it to our hope"", confirmed James's belief that equivocation was a ""wicked"" practice, which reflected in turn the ""wickedness"" of the Catholic Church.[12] Garnet had in his possession A Treatise on Equivocation, and in the play the Weird Sisters often engage in equivocation, for instance telling Macbeth that he could never be overthrown until ""Great Birnan wood to high Dunsinane hill/Shall Come"".[13] Macbeth interprets the prophecy as meaning never, but in fact, the Three Sisters refer only to branches of the trees of Great Birnam coming to Dunsinane hill.[14]
Other texts have been cited as possible sources for the play, such as Montaigne's Essays, Pierre Le Loyer's A Treatise of Specters, and, for some individual sections, the anonymous pamphlet Newes from Scotland (1591?), William Camden's Remains Concerning Britain (1605), and Samuel Daniel's The Queenes Arcadia (1606). Sandra Clark and Pamela Mason write, ""It is hard to imagine that Shakespeare would not have consulted [Newes from Scotland], given that it is an account of a plot by Scottish witches against the King, the publication of which James himself commissioned. […] Shakespeare may also have consulted the King's own Daemonologie (1597).""[15] On the other hand, Nicholas Brooke writes that there is ""no evidence at all that Shakespeare made any use"" of the Daemonologie and Newes from Scotland, and he compares them with certain passages only to ""illustrate common beliefs"".[16]
Macbeth has been compared to Shakespeare's Antony and Cleopatra. As characters, both Antony and Macbeth seek a new world, even at the cost of the old one. Both fight for a throne and have a 'nemesis' to face to achieve that throne. For Antony, the nemesis is Octavius; for Macbeth, it is Banquo. At one point Macbeth even compares himself to Antony, saying ""under Banquo / My Genius is rebuk'd, as it is said / Mark Antony's was by Caesar."" Lastly, both plays contain powerful and manipulative female figures: Cleopatra and Lady Macbeth.[17]
While some scholars have placed the original writing of the play as early as 1599,[11] most believe that the play is unlikely to have been composed earlier than 1603 as the play is widely seen to celebrate King James' ancestors and the Stuart accession to the throne in 1603 (James believed himself to be descended from Banquo),[18] suggesting that the parade of eight kings—which the witches show Macbeth in a vision in Act IV—is a compliment to King James. Many scholars think the play was written in 1606 in the aftermath of the Gunpowder Plot, citing possible internal allusions to the 1605 plot and its ensuing trials.[19] In fact, there are a great number of allusions and possible pieces of evidence alluding to the Plot, and, for this reason, a great many critics agree that Macbeth was written in the year 1606.[20][21][22] Lady Macbeth's instructions to her husband, ""Look like the innocent flower, but be the serpent under't"" (1.5.74–75), may be an allusion to a medal that was struck in 1605 to commemorate King James' escape that depicted a serpent hiding among lilies and roses.[23]
Particularly, the Porter's speech (2.3.1–21) in which he welcomes an ""equivocator"", a farmer, and a tailor to hell (2.3.8–13), has been argued to be an allusion to the 28 March 1606 trial and execution on 3 May 1606 of the Jesuit Henry Garnet, who used the alias ""Farmer"", with ""equivocator"" referring to Garnet's defence of ""equivocation"".[24][25][d] The porter says that the equivocator ""committed treason enough for God's sake"" (2.3.9–10), which specifically connects equivocation and treason and ties it to the Jesuit belief that equivocation was only lawful when used ""for God's sake"", strengthening the allusion to Garnet. The porter goes on to say that the equivocator ""yet could not equivocate to heaven"" (2.3.10–11), echoing grim jokes that were current on the eve of Garnet's execution: i.e. that Garnet would be ""hanged without equivocation"" and at his execution he was asked ""not to equivocate with his last breath"".[27] The ""English tailor"" the porter admits to hell (2.3.13), has been seen as an allusion to Hugh Griffin, a tailor who was questioned by the Archbishop of Canterbury on 27 November and 3 December 1607 for the part he played in Garnet's ""miraculous straw"", an infamous head of straw that was stained with Garnet's blood that had congealed into a form resembling Garnet's portrait, which was hailed by Catholics as a miracle. The tailor Griffin became notorious and the subject of verses published with his portrait on the title page.[28]
When James became king of England, a feeling of uncertainty settled over the nation. James was a Scottish king and the son of Mary, Queen of Scots, a staunch Catholic and English traitor. In the words of critic Robert Crawford, ""Macbeth was a play for a post-Elizabethan England facing up to what it might mean to have a Scottish king. England seems comparatively benign, while its northern neighbour is mired in a bloody, monarch-killing past. ... Macbeth may have been set in medieval Scotland, but it was filled with material of interest to England and England's ruler.""[29] Critics argue that the content of the play is clearly a message to James, the new Scottish King of England. Likewise, the critic Andrew Hadfield noted the contrast the play draws between the saintly King Edward the Confessor of England who has the power of the royal touch to cure scrofula and whose realm is portrayed as peaceful and prosperous versus the bloody chaos of Scotland.[30] James in his 1598 book The Trew Law of Free Monarchies had asserted that kings are always right, if not just, and his subjects owe him total loyalty at all times, writing that even if a king is a tyrant, his subjects must never rebel and just endure his tyranny for their own good.[31] James had argued that the tyranny was preferable to the problems caused by rebellion which were even worse; Shakespeare by contrast in Macbeth argued for the right of the subjects to overthrow a tyrant king, in what appeared to be an implied criticism of James's theories if applied to England.[31] Hadfield also noted a curious aspect of the play in that it implies that primogeniture is the norm in Scotland, but Duncan has to nominate his son Malcolm to be his successor while Macbeth is accepted without protest by the Scottish lords (thanes) as their king despite being an usurper.[32] Hadfield argued this aspect of the play with the thanes apparently choosing their king was a reference to the Stuart claim to the English throne, and the attempts of the English Parliament to block the succession of James's Catholic mother, Mary, Queen of Scots, from succeeding to the English throne.[33] Hadfield argued that Shakespeare implied that James was indeed the rightful king of England, but owed his throne not to divine favour as James would have it, but rather due to the willingness of the English Parliament to accept the Protestant son of the Catholic Mary, Queen of Scots, as their king.[33]
Garry Wills provides further evidence that Macbeth is a Gunpowder Play (a type of play that emerged immediately following the events of the Gunpowder Plot). He points out that every Gunpowder Play contains ""a necromancy scene, regicide attempted or completed, references to equivocation, scenes that test loyalty by use of deceptive language, and a character who sees through plots—along with a vocabulary similar to the Plot in its immediate aftermath (words like train, blow, vault) and an ironic recoil of the Plot upon the Plotters (who fall into the pit they dug).""[20]
The play utilises a few key words that the audience at the time would recognize as allusions to the Plot. In one sermon in 1605, Lancelot Andrewes stated, regarding the failure of the Plotters on God's day, ""Be they fair or foul, glad or sad (as the poet calleth Him) the great Diespiter, 'the Father of days' hath made them both.""[34] Shakespeare begins the play by using the words ""fair"" and ""foul"" in the first speeches of the witches and Macbeth. In the words of Jonathan Gil Harris, the play expresses the ""horror unleashed by a supposedly loyal subject who seeks to kill a king and the treasonous role of equivocation. The play even echoes certain keywords from the scandal—the 'vault' beneath the House of Parliament in which Guy Fawkes stored thirty kegs of gunpowder and the 'blow' about which one of the conspirators had secretly warned a relative who planned to attend the House of Parliament on 5 November...Even though the Plot is never alluded to directly, its presence is everywhere in the play, like a pervasive odor.""[34]
Scholars also cite an entertainment seen by King James at Oxford in the summer of 1605 that featured three ""sibyls"" like the weird sisters; Kermode surmises that Shakespeare could have heard about this and alluded to it with the weird sisters.[24] However, A. R. Braunmuller in the New Cambridge edition finds the 1605–06 arguments inconclusive, and argues only for an earliest date of 1603.[25]
One suggested allusion supporting a date in late 1606 is the first witch's dialogue about a sailor's wife: ""'Aroint thee, witch!' the rump-fed ronyon cries./Her husband's to Aleppo gone, master o' the Tiger"" (1.3.6–7). This has been thought to allude to the Tiger, a ship that returned to England 27 June 1606 after a disastrous voyage in which many of the crew were killed by pirates. A few lines later the witch speaks of the sailor, ""He shall live a man forbid:/Weary se'nnights nine times nine"" (1.3.21–22). The real ship was at sea 567 days, the product of 7x9x9, which has been taken as a confirmation of the allusion, which if correct, confirms that the witch scenes were either written or amended later than July 1606.[35][19]
The play is not considered to have been written any later than 1607, since, as Kermode notes, there are ""fairly clear allusions to the play in 1607"".[24] One notable reference is in Francis Beaumont's Knight of the Burning Pestle, first performed in 1607.[36][37] The following lines (Act V, Scene 1, 24–30) are, according to scholars,[38][39] a clear allusion to the scene in which Banquo's ghost haunts Macbeth at the dinner table:
When thou art at thy table with thy friends,
Merry in heart, and filled with swelling wine,
I'll come in midst of all thy pride and mirth,
Invisible to all men but thyself,
And whisper such a sad tale in thine ear
Shall make thee let the cup fall from thy hand,
And stand as mute and pale as death itself.[40]
Macbeth was first printed in the First Folio of 1623 and the Folio is the only source for the text. Some scholars contend that the Folio text was abridged and rearranged from an earlier manuscript or prompt book.[41] Often cited as interpolation are stage cues for two songs, whose lyrics are not included in the Folio but are included in Thomas Middleton's play The Witch, which was written between the accepted date for Macbeth (1606) and the printing of the Folio.[42] Many scholars believe these songs were editorially inserted into the Folio, though whether they were Middleton's songs or preexisting songs is not certain.[43] It is also widely believed that the character of Hecate, as well as some lines of the First Witch (4.1 124–131), were not part of Shakespeare's original play but were added by the Folio editors and possibly written by Middleton,[44] though ""there is no completely objective proof"" of such interpolation.[45]
""MacbethThe Prince of Cumberland! That is a stepOn which I must fall down, or else o'erleap,For in my way it lies. Stars, hide your fires;Let not light see my black and deep desires.The eye wink at the hand; yet let that beWhich the eye fears, when it is done, to see.""
Macbeth is an anomaly among Shakespeare's tragedies in certain critical ways. It is short: more than a thousand lines shorter than Othello and King Lear, and only slightly more than half as long as Hamlet. This brevity has suggested to many critics that the received version is based on a heavily cut source, perhaps a prompt-book for a particular performance. This would reflect other Shakespeare plays existing in both Quarto and the Folio, where the Quarto versions are usually longer than the Folio versions. Macbeth was first printed in the First Folio, but has no Quarto version – if there were a Quarto, it would probably be longer than the Folio version.[46] That brevity has also been connected to other unusual features: the fast pace of the first act, which has seemed to be ""stripped for action""; and the comparative flatness of the characters other than Macbeth.[47] A. C. Bradley, in considering this question, concluded the play ""always was an extremely short one"", noting the witch scenes and battle scenes would have taken up some time in performance, remarking, ""I do not think that, in reading, we feel Macbeth to be short: certainly we are astonished when we hear it is about half as long as Hamlet. Perhaps in the Shakespearean theatre too it seemed to occupy a longer time than the clock recorded.""[48]
At least since the days of Samuel Johnson, analysis of the play has centred on the question of Macbeth's ambition, commonly seen as so dominant a trait that it defines the character.[49] Johnson asserted that Macbeth, though esteemed for his military bravery, is wholly reviled by the reader.[50]
This opinion recurs in the critical literature, most notably in the work of A. C. Bradley who discusses Macbeth as a character with courage and ambition, but also with the “imagination of a poet”. For Bradley, Macbeth’s imagination is central to his character as he imagines the consequences of his own ambition and imagines the ghosts of his guilt with the ‘ecstasy of a poet’.[51]
Additionally, an emphasis on character exists in the work of Caroline Spurgeon, who highlights the way Shakespeare uses the imagery of clothing to characterize his tragic hero. Spurgeon calls attention to how Macbeth is often described as wearing garments that either seem too big or too small for him, as his ambition is too big and his character too small for his new and unrightful role as king. After Macbeth is unexpectedly greeted with his new title as Thane of Cawdor as prophesied by the witches, Banquo comments:
New honours come upon him,
Like our strange garments, cleave not to their mould,
But with the aid of use
— I, 3, ll. 145–146
And, at the end, when the tyrant is at bay at Dunsinane, Caithness sees him as a man trying in vain to fasten a large garment on him with too small a belt:
He cannot buckle his distemper'd cause
Within the belt of rule
— V, 2, ll. 14–15
while Angus sums up what everybody thinks ever since Macbeth's accession to power:
now does he feel his title
Hang loose about him, like a giant's robe
upon a dwarfish thief
— V, 2, ll. 18–20).[52]
Like Richard III, but without that character's perversely appealing exuberance, Macbeth wades through blood until his inevitable fall. As Kenneth Muir writes, ""Macbeth has not a predisposition to murder; he has merely an inordinate ambition that makes murder itself seem to be a lesser evil than failure to achieve the crown.""[53] Some critics, such as E. E. Stoll, explain this characterisation as a holdover from Senecan or medieval tradition. Shakespeare's audience, in this view, expected villains to be wholly bad, and Senecan style, far from prohibiting a villainous protagonist, all but demanded it.[47]
Yet for other critics, it has not been so easy to resolve the question of Macbeth's motivation. Robert Bridges, for instance, perceived a paradox: a character able to express such convincing horror before Duncan's murder would likely be incapable of committing the crime.[54] For many critics[who?], Macbeth's motivations in the first act appear vague and insufficient. John Dover Wilson hypothesised that Shakespeare's original text had an extra scene or scenes where husband and wife discussed their plans.[citation needed] This interpretation is not fully provable; however, the motivating role of ambition for Macbeth is universally recognised. The evil actions motivated by his ambition seem to trap him in a cycle of increasing evil, as Macbeth himself recognises:
I am in blood
Stepp'd in so far that, should I wade no more,
Returning were as tedious as go o'er.
— III, 4, ll. 165–167
While working on Russian translations of Shakespeare's works, Boris Pasternak compared Macbeth to Raskolnikov, the protagonist of Crime and Punishment by Fyodor Dostoevsky. Pasternak argues that ""neither Macbeth or Raskolnikov is a born criminal or a villain by nature. They are turned into criminals by faulty rationalizations, by deductions from false premises."" He goes on to argue that Lady Macbeth is ""feminine ... one of those active, insistent wives"" who becomes her husband's ""executive, more resolute and consistent than he is himself"". According to Pasternak, she is only helping Macbeth carry out his own wishes, to her own detriment.[55]
The disastrous consequences of Macbeth's ambition are not limited to him. Almost from the moment of the murder, the play depicts Scotland as a land shaken by inversions of the natural order. Shakespeare may have intended a reference to the great chain of being, although the play's images of disorder are mostly not specific enough to support detailed intellectual readings. The play was meant to be performed specifically for King James,[56] whose belief in the divine right of kings suggests that the tragedy of Macbeth is distinctly moral. The King's own Daemonologie is believed to have inspired the structure of the witches' coven,[57] making the supernatural world of Macbeth an inversion of the natural kingship, in which he struggles. As in Julius Caesar, though, perturbations in the political sphere are echoed and even amplified by events in the material world. Among the most often depicted of the inversions of the natural order is sleep. Macbeth's announcement that he has ""murdered sleep"" is figuratively mirrored in Lady Macbeth's sleepwalking.
Macbeth's generally accepted indebtedness to medieval tragedy is often seen as significant in the play's treatment of moral order. Glynne Wickham connects the play, through the Porter, to a mystery play on the harrowing of hell.[58] Howard Felperin argues that the play has a more complex attitude toward ""orthodox Christian tragedy"" than is often admitted; he sees a kinship between the play and the tyrant plays within the medieval liturgical drama.[59]
Some modern queer readings of Macbeth are concerned with the play's themes of ""linearity, temporality, and succession,"" rather than transgressive sexuality.[60] Lady Macbeth's request that the spirits she calls on ""unsex"" her is read by Madhavi Menon as indicative of sinthomosexual drive, and queer anti-maternity.[60] The theme of androgyny is often seen as a special aspect of the theme of disorder, with feminist critic Dympna Callaghan arguing that Duncan's corpse stands in for both Macbeth and Lady Macbeth's ""gender indeterminacy"".[61] Macbeth also plays with the inversion of normative gender roles, most famously in the case of the witches (and with Lady Macbeth as she appears in the first act). Whatever Shakespeare's degree of sympathy with such inversions, the play ends with a thorough return to normative gender values. Some feminist psychoanalytic critics, such as Janet Adelman, have connected the play's treatment of gender roles to its larger theme of inverted natural order, as expressed through the ""malignant maternal power"" of the witches and Lady Macbeth.[62] Macbeth is punished for his violation of the moral order by being removed from the cycles of nature (which are figured as female); nature itself (as embodied in the movement of Birnam Wood) is part of the restoration of moral order.
Critics in the early twentieth century reacted against what they saw as an excessive dependence on the study of character in criticism of the play. This dependence, though most closely associated with A. C. Bradley, is clear as early as the time of Mary Cowden Clarke, who offered precise, if fanciful, accounts of the predramatic lives of Shakespeare's female leads. She suggested, for instance, that the child Lady Macbeth refers to in the first act died during a foolish military action.[63]
Reacting to what he perceived as a concerning trend among critics to treat Shakespeare's characters as real people, L.C. Knights wrote ""How Many Children Had Lady Macbeth?"" where he argued that ""a Shakespeare play is a dramatic poem"" and that critics should place a greater emphasis on the ways the language works in the play.[64] In the essay he quotes from G. Wilson Knight who similarly argued that ""The persons, ultimately, are not human at all, but purely symbols of a poetic vision.""[65] Under this analytic lens, Lady Macbeth's invocation of a child she has ""given suck"" interacts with other images of infants in the play, such as the apparitions in Act 4.[64]
The three ""weird sisters"" open the play and have been a frequent subject of interpretation.[66] Some, like Peter Stallybrass[67] and Diane Purkiss[68] focus on the historical understanding of witchcraft, and others, like Janet Adelman[69] and Stephen Greenblatt,[70] focus more on the psychological or cultural symbolism.
King James I, the patron of Shakespeare's theater company The King's Men, had a well documented interest in witchcraft. He believed himself to be the victim of a murder plot involving witchcraft[68] and he wrote a dissertation on witchcraft titled Daemonologie first published in 1597. It has often been suggested that the King's interest in witchcraft, along with the general popular interest it created, inspired the inclusion of the three witches in the play.[71]
Diane Purkiss, a historian of witchcraft, has noted that Shakespeare pulled from many different witchcraft traditions, claiming that ""the witches of Macbeth are a low-budget, frankly exploitative collage of randomly chosen bits of witch-lore, selected not for thematic significance but for its sensation value.""[68]
Other critics, like Greenblatt, argue that the witches do have thematic significance. He argues that ""the theater and witchcraft are both constructed on the boundary between fantasy and reality, the border or membrane where the imagination and the corporeal world, figure and actuality, psychic disturbance and objective truth meet.""[70]
The witches introduce ambiguity into the play. They begin the play with phrases like "" When the battle's lost and won""[72] and end the first scene by saying ""fair is foul and foul is fair/ Hover through the fog and filthy air""[73] This ambiguity, rooted in paradoxical phrasing and language, can also be viewed as thematic significance. Stephen Orgel argues that the witches ""live outside the social order, but they embody its contradictions: beneath the woman’s exterior is also a man; beneath the man’s exterior is also a woman; nature is full of competing claims, not ordered and hierarchical but deeply anarchic"".[74]
In the play, the Three Witches represent darkness, chaos, and conflict, while their role is as agents and witnesses.[75] Their presence communicates treason and impending doom. During Shakespeare's day, witches were seen as worse than rebels, ""the most notorious traytor and rebell that can be"".[76] They were not only political traitors, but spiritual traitors as well. Much of the confusion that springs from them comes from their ability to straddle the play's borders between reality and the supernatural. They are so deeply entrenched in both worlds that it is unclear whether they control fate, or whether they are merely its agents.[70] They defy logic, not being subject to the rules of the real world.[77] The witches' lines in the first act: ""Fair is foul, and foul is fair: Hover through the fog and filthy air"" are often said to set the tone for the rest of the play by establishing a sense of confusion. Indeed, the play is filled with situations where evil is depicted as good, while good is rendered evil. The line ""Double, double toil and trouble,"" communicates the witches' intent clearly: they seek only trouble for the mortals around them.[78][page needed] The witches' spells are remarkably similar to the spells of the witch Medusa in Anthony Munday's play Fidele and Fortunio published in 1584, and Shakespeare may have been influenced by these.
While the witches do not tell Macbeth directly to kill King Duncan, they use a subtle form of temptation when they tell Macbeth that he is destined to be king. By placing this thought in his mind, they effectively guide him on the path to his own destruction. This follows the pattern of temptation used at the time of Shakespeare. First, they argued, a thought is put in a man's mind, then the person may either indulge in the thought or reject it. Macbeth indulges in it, while Banquo rejects it.[78][page needed]
According to J. A. Bryant Jr., Macbeth also makes use of Biblical parallels, notably between King Duncan's murder and the murder of Christ:
No matter how one looks at it, whether as history or as tragedy, Macbeth is distinctively Christian. One may simply count the Biblical allusions as Richmond Noble has done; one may go further and study the parallels between Shakespeare's story and the Old Testament stories of Saul and Jezebel as Miss Jane H. Jack has done; or one may examine with W. C. Curry the progressive degeneration of Macbeth from the point of view of medieval theology.[79]
While many today would say that any misfortune surrounding a production is mere coincidence, actors and others in the theatre industry often consider it bad luck to mention Macbeth by name while inside a theatre, and sometimes refer to it indirectly, for example as ""The Scottish Play"",[80] or ""The Bard's Play"", or when referring to the characters and not the play, ""Mr. and Mrs. M"", or ""The Scottish King"".
This behavior results from a superstition that saying the name of the play inside a theatre will bring bad luck to any given production, and perhaps cause physical injury or death to cast members. There are stories of accidents, misfortunes and even deaths taking place during runs of Macbeth.
There are many theories for how this superstition began. Some attribute it to real witches, who, unhappy with their representation in the play, cursed the play.[80] There is no historical evidence for this. The origins of the superstition have been traced to a satirical article written by the humorist and theater critic Max Beerbohm.[81] In the article, written from the perspective of Samuel Pepys, he claims that in an early performance of the play the boy actor set to play Lady Macbeth became fatally ill and Shakespeare himself needed to play the part. Since then, the article claimed, Macbeth has been cursed.[82] Beerbohm's article, though creating a fictional story, was a response to a long history of accidents and set-backs during Macbeth performances. During a 1672 performance of Macbeth in Amsterdam, the actor playing Macbeth committed murder on stage. In 1721, riots broke out during a performance in London, and in 1937 Lilian Baylis, a theater manager, died the night before a run of Macbeth began at the Old Vic.[80]
According to the actor Sir Donald Sinden, in his Sky Arts TV series Great West End Theatres
Contrary to popular myth, Shakespeare's tragedy Macbeth is not the unluckiest play as superstition likes to portray it. Exactly the opposite! The origin of the unfortunate moniker dates back to repertory theatre days when each town and village had at least one theatre to entertain the public. If a play was not doing well, it would invariably get 'pulled' and replaced with a sure-fire audience pleaser – Macbeth guaranteed full-houses. So when the weekly theatre newspaper, The Stage was published, listing what was on in each theatre in the country, it was instantly noticed what shows had not worked the previous week, as they had been replaced by a definite crowd-pleaser. More actors have died during performances of Hamlet than in the ""Scottish play"" as the profession still calls it. It is forbidden to quote from it backstage as this could cause the current play to collapse and have to be replaced, causing possible unemployment.[83]
Several methods exist to dispel the curse, depending on the actor. One, attributed to Michael York, is to immediately leave the building the stage is in with the person who uttered the name, walk around it three times, spit over their left shoulders, say an obscenity then wait to be invited back into the building.[84][page needed] A related practice is to spin around three times as fast as possible on the spot, sometimes accompanied by spitting over their shoulder, and uttering an obscenity. Another popular ""ritual"" is to leave the room, knock three times, be invited in, and then quote a line from Hamlet. Yet another is to recite lines from The Merchant of Venice, thought to be a lucky play.[85]
Patrick Stewart, on the radio program Ask Me Another, asserted ""if you have played the role of the Scottish thane, then you are allowed to say the title, any time anywhere"".[86]
The only eyewitness account of Macbeth in Shakespeare's lifetime was recorded by Simon Forman, who saw a performance at the Globe on 20 April 1610.[87][88] Scholars have noted discrepancies between Forman's account and the play as it appears in the Folio. For example, he makes no mention of the apparition scene, or of Hecate,[89] of the man not of woman born, or of Birnam Wood.[3][87] However, Clark[90] observes that Forman's accounts were often inaccurate and incomplete (for instance omitting the statue scene from The Winter's Tale) and his interest did not seem to be in ""giving full accounts of the productions"".[89]
As mentioned above, the Folio text is thought by some to be an alteration of the original play. This has led to the theory that the play in the Folio was an adaptation for indoor performance at the Blackfriars Theatre (which was operated by the King's Men from 1608) – and even speculation that it represents a specific performance before King James.[91][92][93] The play contains more musical cues than any other play in the canon as well as a significant use of sound effects.[94]
The chill of the grave seemed about you when you looked on her; there was the hush and damp of the charnel house at midnight ... your flesh crept and your breathing became uneasy ... the scent of blood became palpable to you.
All theatres were closed down by the Puritan government on 6 September 1642. Upon the restoration of the monarchy in 1660, two patent companies (the King's Company and the Duke's Company) were established, and the existing theatrical repertoire divided between them.[96] Sir William Davenant, founder of the Duke's Company, adapted Shakespeare's play to the tastes of the new era, and his version would dominate on stage for around eighty years. Among the changes he made were the expansion of the role of the witches, introducing new songs, dances and 'flying', and the expansion of the role of Lady Macduff as a foil to Lady Macbeth.[97] There were, however, performances outside the patent companies: among the evasions of the Duke's Company's monopoly was a puppet version of Macbeth.[98]
Macbeth was a favourite of the seventeenth-century diarist Samuel Pepys, who saw the play on 5 November 1664 (""admirably acted""), 28 December 1666 (""most excellently acted""), ten days later on 7 January 1667 (""though I saw it lately, yet [it] appears a most excellent play in all respects""), on 19 April 1667 (""one of the best plays for a stage ... that ever I saw""), again on 16 October 1667 (""was vexed to see Young, who is but a bad actor at best, act Macbeth in the room of Betterton, who, poor man! is sick""), and again three weeks later on 6 November 1667 (""[at] Macbeth, which we still like mightily""), yet again on 12 August 1668 (""saw Macbeth, to our great content""), and finally on 21 December 1668, on which date the king and court were also present in the audience.[99]
The first professional performances of Macbeth in North America were probably those of The Hallam Company.[100]
In 1744, David Garrick revived the play, abandoning Davenant's version and instead advertising it ""as written by Shakespeare"". In fact this claim was largely false: he retained much of Davenant's more popular business for the witches, and himself wrote a lengthy death speech for Macbeth. And he cut more than 10% of Shakespeare's play, including the drunken porter, the murder of Lady Macduff's son, and Malcolm's testing of Macduff.[101] Hannah Pritchard was his greatest stage partner, having her premiere as his Lady Macbeth in 1747. He would later drop the play from his repertoire upon her retirement from the stage.[102] Mrs. Pritchard was the first actress to achieve acclaim in the role of Lady Macbeth – at least partly due to the removal of Davenant's material, which made irrelevant moral contrasts with Lady Macduff.[103] Garrick's portrayal focused on the inner life of the character, endowing him with an innocence vacillating between good and evil, and betrayed by outside influences. He portrayed a man capable of observing himself, as if a part of him remained untouched by what he had done, the play moulding him into a man of sensibility, rather than him descending into a tyrant.[104]
John Philip Kemble first played Macbeth in 1778.[105] Although usually regarded as the antithesis of Garrick, Kemble nevertheless refined aspects of Garrick's portrayal into his own.[106] However it was the ""towering and majestic"" Sarah Siddons (Kemble's sister) who became a legend in the role of Lady Macbeth.[107][108] In contrast to Hannah Pritchard's savage, demonic portrayal, Siddons' Lady Macbeth, while terrifying, was nevertheless – in the scenes in which she expresses her regret and remorse – tenderly human.[109] And in portraying her actions as done out of love for her husband, Siddons deflected from him some of the moral responsibility for the play's carnage.[105] Audiences seem to have found the sleepwalking scene particularly mesmerising: Hazlitt said of it that ""all her gestures were involuntary and mechanical ... She glided on and off the stage almost like an apparition.""[110]
In 1794, Kemble dispensed with the ghost of Banquo altogether, allowing the audience to see Macbeth's reaction as his wife and guests see it, and relying upon the fact that the play was so well known that his audience would already be aware that a ghost enters at that point.[111]
Ferdinand Fleck, notable as the first German actor to present Shakespeare's tragic roles in their fullness, played Macbeth at the Berlin National Theatre from 1787. Unlike his English counterparts, he portrayed the character as achieving his stature after the murder of Duncan, growing in presence and confidence: thereby enabling stark contrasts, such as in the banquet scene, which he ended babbling like a child.[112]
Everyone seems to think Mrs McB is a Monstrousness & I can only see she's a woman – a mistaken woman – & weak – not a Dove – of course not – but first of all a wife.
Performances outside the patent theatres were instrumental in bringing the monopoly to an end. Robert Elliston, for example, produced a popular adaptation of Macbeth in 1809 at the Royal Circus described in its publicity as ""this matchless piece of pantomimic and choral performance"", which circumvented the illegality of speaking Shakespeare's words through mimed action, singing, and doggerel verse written by J. C. Cross.[114][115]
In 1809, in an unsuccessful attempt to take Covent Garden upmarket, Kemble installed private boxes, increasing admission prices to pay for the improvements. The inaugural run at the newly renovated theatre was Macbeth, which was disrupted for over two months with cries of ""Old prices!"" and ""No private boxes!"" until Kemble capitulated to the protestors' demands.[116]
Edmund Kean at Drury Lane gave a psychological portrayal of the central character, with a common touch, but was ultimately unsuccessful in the role. However he did pave the way for the most acclaimed performance of the nineteenth century, that of William Charles Macready. Macready played the role over a 30-year period, firstly at Covent Garden in 1820 and finally in his retirement performance. Although his playing evolved over the years, it was noted throughout for the tension between the idealistic aspects and the weaker, venal aspects of Macbeth's character. His staging was full of spectacle, including several elaborate royal processions.[117]
In 1843 the Theatres Regulation Act finally brought the patent companies' monopoly to an end.[118] From that time until the end of the Victorian era, London theatre was dominated by the actor-managers, and the style of presentation was ""pictorial"" – proscenium stages filled with spectacular stage-pictures, often featuring complex scenery, large casts in elaborate costumes, and frequent use of tableaux vivant.[119][120] Charles Kean (son of Edmund), at London's Princess's Theatre from 1850 to 1859, took an antiquarian view of Shakespeare performance, setting his Macbeth in a historically accurate eleventh-century Scotland.[121] His leading lady, Ellen Tree, created a sense of the character's inner life: The Times' critic saying ""The countenance which she assumed ... when luring on Macbeth in his course of crime, was actually appalling in intensity, as if it denoted a hunger after guilt.""[122] At the same time, special effects were becoming popular: for example in Samuel Phelps' Macbeth the witches performed behind green gauze, enabling them to appear and disappear using stage lighting.[123]
In 1849, rival performances of the play sparked the Astor Place riot in Manhattan. The popular American actor Edwin Forrest, whose Macbeth was said to be like ""the ferocious chief of a barbarous tribe""[124] played the central role at the Broadway Theatre to popular acclaim, while the ""cerebral and patrician""[116] English actor Macready, playing the same role at the Astor Place Opera House, suffered constant heckling. The existing enmity between the two men (Forrest had openly hissed Macready at a recent performance of Hamlet in Britain) was taken up by Forrest's supporters – formed from the working class and lower middle class and anti-British agitators, keen to attack the upper-class pro-British patrons of the Opera House and the colonially minded Macready. Nevertheless, Macready performed the role again three days later to a packed house while an angry mob gathered outside. The militia tasked with controlling the situation fired into the mob. In total, 31 rioters were killed and over 100 injured.[116][125][126][127]
Charlotte Cushman is unique among nineteenth-century interpreters of Shakespeare in achieving stardom in roles of both genders. Her New York debut was as Lady Macbeth in 1836, and she would later be admired in London in the same role in the mid-1840s.[128][129] Helen Faucit was considered the embodiment of early-Victorian notions of femininity. But for this reason she largely failed when she eventually played Lady Macbeth in 1864: her serious attempt to embody the coarser aspects of Lady Macbeth's character jarred harshly with her public image.[130] Adelaide Ristori, the great Italian actress, brought her Lady Macbeth to London in 1863 in Italian, and again in 1873 in an English translation cut in such a way as to be, in effect, Lady Macbeth's tragedy.[131]
Henry Irving was the most successful of the late-Victorian actor-managers, but his Macbeth failed to curry favour with audiences. His desire for psychological credibility reduced certain aspects of the role: He described Macbeth as a brave soldier but a moral coward, and played him untroubled by conscience – clearly already contemplating the murder of Duncan before his encounter with the witches.[132][e] Irving's leading lady was Ellen Terry, but her Lady Macbeth was unsuccessful with the public, for whom a century of performances influenced by Sarah Siddons had created expectations at odds with Terry's conception of the role.[134][135]
Late nineteenth-century European Macbeths aimed for heroic stature, but at the expense of subtlety: Tommaso Salvini in Italy and Adalbert Matkowsky in Germany were said to inspire awe, but elicited little pity.[135]
And then Lady Macbeth says 'He that's coming / Must be provided for.' It's an amazing line. She's going to play hostess to Duncan at Dunsinane, and 'provide' is what gracious hostesses always do. It's a wonder of a line to play because the reverberations do the acting for you, make the audience go ""Aaaagh!""
Two developments changed the nature of Macbeth performance in the 20th century: first, developments in the craft of acting itself, especially the ideas of Stanislavski and Brecht; and second, the rise of the dictator as a political icon. The latter has not always assisted the performance: it is difficult to sympathise with a Macbeth based on Hitler, Stalin, or Idi Amin.[137]
Barry Jackson, at the Birmingham Repertory Theatre in 1923, was the first of the 20th-century directors to costume Macbeth in modern dress.[138]
In 1936, a decade before his film adaptation of the play, Orson Welles directed Macbeth for the Negro Theatre Unit of the Federal Theatre Project at the Lafayette Theatre in Harlem, using black actors and setting the action in Haiti: with drums and Voodoo rites to establish the Witches scenes. The production, dubbed The Voodoo Macbeth, proved inflammatory in the aftermath of the Harlem riots, accused of making fun of black culture and as ""a campaign to burlesque negroes"" until Welles persuaded crowds that his use of black actors and voodoo made important cultural statements.[139][140]
A performance which is frequently referenced as an example of the play's curse was the outdoor production directed by Burgess Meredith in 1953 in the British colony of Bermuda, starring Charlton Heston. Using the imposing spectacle of Fort St. Catherine as a key element of the set, the production was plagued by a host of mishaps, including Charlton Heston being burned when his tights caught fire.[141][142]
Some critics contend there were three great Macbeths on the English-speaking stage in the 20th century, all of them commencing at Stratford-upon-Avon: Laurence Olivier in 1955, Ian McKellen in 1976 and Antony Sher in 1999.[143] Olivier's portrayal (directed by Glen Byam Shaw, with Vivien Leigh as Lady Macbeth) was immediately hailed as a masterpiece. Kenneth Tynan said it succeeded because Olivier built the role to a climax at the end of the play, whereas most actors spend all they have in the first two acts.[137][144]
The play caused difficulties for the Royal Shakespeare Company, especially at the (then) Shakespeare Memorial Theatre. Peter Hall's 1967 production was (in Michael Billington's words) ""an acknowledged disaster"" with the use of real leaves from Birnham Wood getting first-night laughs, and Trevor Nunn's 1974 production was (Billington again) ""an over-elaborate religious spectacle"".[145]
But Nunn achieved success for the RSC in his 1976 production at the intimate Other Place, with Ian McKellen and Judi Dench in the central roles.[146] A small cast worked within a simple circle, and McKellen's Macbeth had nothing noble or likeable about him, being a manipulator in a world of manipulative characters. They were a young couple, physically passionate, ""not monsters but recognisable human beings"",[f] but their relationship atrophied as the action progressed.[148][147]
The RSC again achieved critical success in Gregory Doran's 1999 production at The Swan, with Antony Sher and Harriet Walter in the central roles, once again demonstrating the suitability of the play for smaller venues.[149][150] Doran's witches spoke their lines to a theatre in absolute darkness, and the opening visual image was the entrance of Macbeth and Banquo in the berets and fatigues of modern warfare, carried on the shoulders of triumphant troops.[150] In contrast to Nunn, Doran presented a world in which king Duncan and his soldiers were ultimately benign and honest, heightening the deviance of Macbeth (who seems genuinely surprised by the witches' prophecies) and Lady Macbeth in plotting to kill the king. The play said little about politics, instead powerfully presenting its central characters' psychological collapse.[151]
Macbeth returned to the RSC in 2018, when Christopher Eccleston played the title role, with Niamh Cusack as his wife, Lady Macbeth.[152] The play later transferred to the Barbican in London.
In Soviet-controlled Prague in 1977, faced with the illegality of working in theatres, Pavel Kohout adapted Macbeth into a 75-minute abridgement for five actors, suitable for ""bringing a show in a suitcase to people's homes"".[153][g]
Spectacle was unfashionable in Western theatre throughout the 20th century. In East Asia, however, spectacular productions have achieved great success, including Yukio Ninagawa's 1980 production with Masane Tsukayama as Macbeth, set in the 16th century Japanese Civil War.[154] The same director's tour of London in 1987 was widely praised by critics, even though (like most of their audience) they were unable to understand the significance of Macbeth's gestures, the huge Buddhist altar dominating the set, or the petals falling from the cherry trees.[155]
Xu Xiaozhong's 1980 Central Academy of Drama production in Beijing made every effort to be unpolitical (necessary in the aftermath of the Cultural Revolution): yet audiences still perceived correspondences between the central character (whom the director had actually modelled on Louis Napoleon) and Mao Zedong.[156] Shakespeare has often been adapted to indigenous theatre traditions, for example the Kunju Macbeth of Huang Zuolin performed at the inaugural Chinese Shakespeare Festival of 1986.[157] Similarly, B. V. Karanth's Barnam Vana of 1979 had adapted Macbeth to the Yakshagana tradition of Karnataka, India.[158] In 1997, Lokendra Arambam created Stage of Blood, merging a range of martial arts, dance and gymnastic styles from Manipur, performed in Imphal and in England. The stage was literally a raft on a lake.[159]
Throne of Blood (蜘蛛巣城 Kumonosu-jō, Spider Web Castle) is a 1957 Japanese samurai film co-written and directed by Akira Kurosawa. The film transposes Macbeth from Medieval Scotland to feudal Japan, with stylistic elements drawn from Noh drama. Kurosawa was a fan of the play and planned his own adaptation for several years, postponing it after learning of Orson Welles' Macbeth (1948). The film won two Mainichi Film Awards.
The play has been translated and performed in various languages in different parts of the world, and Media Artists was the first to stage its Punjabi adaptation in India. The adaptation by Balram and the play directed by Samuel John have been universally acknowledged as a milestone in Punjabi theatre.[160] The unique attempt involved trained theatre experts and the actors taken from a rural background in Punjab. Punjabi folk music imbued the play with the native ethos as the Scottish setting of Shakespeare's play was transposed into a Punjabi milieu.[161]
In 2021, Saoirse Ronan starred in The Tragedy of Macbeth at the Almeida Theatre in London.[162] The following year a revival production opened on Broadway with Daniel Craig and Ruth Negga to middling reviews.[163]
A new production starring David Tennant and Cush Jumbo ran at London's Donmar Warehouse from 8 December 2023 to 10 February 2024. Max Webster directed the production.[164] The show received 3 Laurence Olivier Award nominations, including Best Revival.[165] It transferred to the Harold Pinter Theatre in the West End from 1 October 2024 for a limited run.[166]
Macbeth was adapted into an Italian opera (Macbeth) by composer Giuseppe Verdi and librettist Francesco Maria Piave in 1847 (revised in French in 1865). An English opera adaptation of the play was created by Lawrance Collingwood in 1927.[167]
Contemporary opera adaptations include Luke Styles' Macbeth (2015)[168] and Pascal Dusapin's Macbeth Underworld (2019).[169]
An indirect adaptation is Dmitri Shostakovich's Lady Macbeth of Mtsensk (1934), based on the novella of the same name by Nikolai Leskov.
All references to Macbeth, unless otherwise specified, are taken from the Arden Shakespeare, second series edition edited by Kenneth Muir.[170] Under their referencing system, III.I.55 means act 3, scene 1, line 55. All references to other Shakespeare plays are to The Oxford Shakespeare Complete Works of Shakespeare edited by Stanley Wells and Gary Taylor.[171]
",tragedy macbeth often shortened macbeth tragedy william shakespeare estimated first performed dramatises physically violent damaging psychological effect political ambition power first published folio possibly prompt book shakespeare shortest tragedy scholar believe macbeth play shakespeare wrote reign king james contains allusion james patron shakespeare acting company play brave scottish general named macbeth receives prophecy trio witch one day become king scotland consumed latent ambition spurred violence wife macbeth murder king duncan take scottish throne racked guilt paranoia commits murder protect enmity suspicion becoming tyrannical ruler process violence perpetrated couple lead insanity finally death shakespeare source story account macbeth king scotland macduff duncan holinshed chronicle history england scotland ireland familiar shakespeare contemporary although event play differ extensively history real macbeth stage superstition name play spoken instead called scottish play play attracted renowned actor role macbeth lady macbeth adapted film television opera novel comic medium amid thunder lightning three witch decide next meeting macbeth thane lord glamis following scene soldier report king duncan scotland general banquo macbeth defeated rebellion led traitorous thane cawdor allied force norway ireland duncan praise kinsman bravery fighting prowess announcing title thane cawdor shall transferred macbeth wandering heath macbeth banquo puzzled three witch appear prophetically hailing macbeth thane glamis thane cawdor next saying shall king hereafter banquo asks fortune witch respond father line king though one witch vanish thane ross arrives informing macbeth newly bestowed title thane cawdor witch first prophecy thus fulfilled macbeth immediately begin harbour nervous ambition becoming king king duncan soon welcome praise macbeth banquo declaring spend night macbeth castle inverness also duncan son malcolm announced official heir macbeth sends letter witch ahead wife lady macbeth resolute husband murder duncan order obtain crown macbeth arrives inverness persuades kill king night plan get duncan two chamber attendant drunk black thus next morning frame attendant murder night despite doubt number supernatural omen including hallucination dagger b macbeth go offstage stab sleeping duncan death returning shaken lady macbeth find still holding bloody dagger scold reminding must left duncan sleeping servant take knife place back duncan chamber couple hears knocking castle gate hurry bed drunken porter open gate admitting macduff thane fife nobleman named lennox wish visit king macbeth greeting lead duncan chamber macduff enters chamber return stage announcing shock murder duncan macbeth lennox rush chamber offstage macbeth impulsively kill duncan servant prevent professing innocence reappears confesses noble killed servant lie intention avenge king murder duncan two son flee country fearing killed next macduff explains flight make main suspect king death macbeth duncan next kin assumes throne offstage new king scotland banquo remembers witch prophecy descendant would inherit throne suspicious macbeth might duncan true killer despite macbeth success remains uneasy banquo role prophecy inviting banquo royal banquet macbeth discovers banquo young son fleance riding night macbeth rapidly arranges banquo fleance killed hiring two men later adding third murderer plan ambush murderer succeed killing banquo fleance escape macbeth furious heir banquo remains alive banquet macbeth invited lord lady macbeth night drinking merriment though macduff refused come banquo ghost enters sits macbeth place macbeth raf fearfully startling guest ghost visible others panic sight macbeth raging empty chair desperate lady macbeth lie husband merely afflicted harmless lifelong illness ghost departs return causing riotous anger fear macbeth time lady macbeth demand visitor leave elsewhere hecate queen witchcraft scold three witch communicating macbeth without consulting hecate instructs witch next give macbeth false sense safety overconfidence new position c verbal irony lennox reveals another lord suspicion macbeth murdering tyrant discus macduff refusing attend macbeth banquet gone england find ally help take back scottish throne macbeth visit three witch asks reveal truth prophecy summon horrible apparition offer supernatural pronouncement first conjure armoured head tell beware macduff second bloody child tell one born woman able harm thirdly crowned child holding tree state macbeth safe great birnam wood come dunsinane hill macbeth relieved know enemy born woman forest possibly travel across land however witch also conjure procession eight crowned king last carrying mirror reflects even king finally ghost banquo pointing procession macbeth realises nervously banquo descendant acquire kingship numerous country light latest prophecy macbeth order disobedient macduff castle seized sends assassin slaughter inhabitant including macduff wife young son meanwhile macduff england meeting prince malcolm elder king duncan son discus macbeth tyrannical regime malcolm must cautious trap confesses would terrible leader crown handed merely lie see macduff react macduff show loyal scotland particular leader impressing malcolm reveals lie say macduff trust thane ross arrives deliver horrible news macduff castle surprised wife babe savagely slaughter news family murder macduff stricken grief quickly provoked vengeance malcolm explains raised army help english king edward together defeat macbeth take back scottish throne night royal palace dunsinane doctor gentlewoman discus lady macbeth sudden frightening habit sleepwalking lady macbeth enters trance bemoaning recent murder trying wash imaginary bloodstain hand observer marvel confession meanwhile prince malcolm allied force plan join birnam wood additionally supported macduff defecting scottish thane alarmed macbeth recent barbarity encamped birnam wood malcolm order soldier cut carry tree bough camouflage number macbeth ready attack receives news wife suddenly died causing deliver despairing tomorrow tomorrow tomorrow soliloquy still emboldened witch seeming guarantee invincibility man woman born servant report malcolm army advancing dunsinane form moving tree invader take castle macbeth confronted macduff macbeth tell defeated one woman born macduff reveals born caesarean section thus natural childbirth ensuing duel macduff macbeth killed offstage macduff reenters macbeth severed head malcolm discusses order restored implies lady macbeth death suicide declares benevolent intention country promotes thane earl invite see crowned scone shakespeare source story holinshed chronicle history england scotland ireland familiar shakespeare contemporary combine two similar story holinshed one man named donwald another macbeth scottish king donwald captain castle find several kinsman put death king duff dealing witch pressured wife four servant kill king house chronicle macbeth portrayed commander struggling support kingdom face king duncan ineptitude banquo meet three witch make exactly prophecy shakespeare version macbeth banquo together plot murder duncan lady macbeth urging macbeth long reign eventually overthrown macduff malcolm parallel two version clear however scholar think george buchanan rerum scoticarum historia match shakespeare version closely buchanan work available latin shakespeare day medieval source give information king macbeth medieval account mention weird sister banquo lady macbeth exception probable none actually existed character banquo weird sister lady macbeth first mentioned scottish historian hector boece book historia gentis scotorum history scottish people wanted denigrate macbeth order strengthen claim house stuart scottish throne boece portrayed banquo ancestor stuart king scotland adding prophecy descendant banquo would rightful king scotland weird sister served give picture king macbeth gaining throne via dark supernatural force macbeth wife clear ambitious boece portrayed served purpose even macbeth realise lacked proper claim throne took urging wife holinshed accepted boece version macbeth reign face value included chronicle shakespeare saw dramatic possibility story related holinshed used basis play version story macbeth kill king macbeth castle scholar seen change shakespeare adding darkness macbeth crime worst violation hospitality version story common time duncan killed ambush inverness castle shakespeare took detail king murdered guest story donwald king duff shakespeare made another important change chronicle banquo accomplice macbeth murder king duncan play important part ensuring macbeth malcolm take throne coup follows shakespeare day banquo thought ancestor stuart king james century established banquo unhistorical character stuart actually descended breton family migrated scotland slightly later macbeth time banquo portrayed earlier source significantly different banquo created shakespeare critic proposed several reason change first portray king ancestor murderer would risky author time wrote banquo jean de schelandre stuartide also changed history portraying banquo noble man murderer probably reason second shakespeare may altered banquo character simply dramatic need another accomplice murder however need give dramatic contrast macbeth role many scholar argue filled banquo scholar maintain strong argument made associating tragedy gunpowder plot presented harold bloom cholars cite existence several topical reference macbeth event year namely execution father henry garnet alleged complicity gunpowder plot referenced porter scene arrested role gunpowder plot refused give direct answer question posed interrogator reflected influence jesuit practice equivocation shakespeare macbeth say demon palter double sense keep promise break hope confirmed james belief equivocation wicked practice reflected turn wickedness catholic church garnet possession treatise equivocation play weird sister often engage equivocation instance telling macbeth could never overthrown great birnan wood high dunsinane come macbeth interprets prophecy meaning never fact three sister refer branch tree great birnam coming dunsinane hill text cited possible source play montaigne essay pierre le loyer treatise specter individual section anonymous pamphlet newes scotland william camden remains concerning britain samuel daniel queenes arcadia sandra clark pamela mason write hard imagine shakespeare would consulted newes scotland given account plot scottish witch king publication james commissioned shakespeare may also consulted king daemonologie hand nicholas brooke writes evidence shakespeare made use daemonologie newes scotland compare certain passage illustrate common belief macbeth compared shakespeare antony cleopatra character antony macbeth seek new world even cost old one fight throne face achieve throne antony nemesis octavius macbeth banquo one point macbeth even compare antony saying banquo genius rebuk said mark antony caesar lastly play contain powerful manipulative female figure cleopatra lady macbeth scholar placed original writing play early believe play unlikely composed earlier play widely seen celebrate king james ancestor stuart accession throne james believed descended banquo suggesting parade eight king witch show macbeth vision act iv compliment king james many scholar think play written aftermath gunpowder plot citing possible internal allusion plot ensuing trial fact great number allusion possible piece evidence alluding plot reason great many critic agree macbeth written year lady macbeth instruction husband look like innocent flower serpent may allusion medal struck commemorate king james escape depicted serpent hiding among lily rose particularly porter speech welcome equivocator farmer tailor hell argued allusion march trial execution may jesuit henry garnet used alias farmer equivocator referring garnet defence equivocation porter say equivocator committed treason enough god sake specifically connects equivocation treason tie jesuit belief equivocation lawful used god sake strengthening allusion garnet porter go say equivocator yet could equivocate heaven echoing grim joke current eve garnet execution garnet would hanged without equivocation execution asked equivocate last breath english tailor porter admits hell seen allusion hugh griffin tailor questioned archbishop canterbury november december part played garnet miraculous straw infamous head straw stained garnet blood congealed form resembling garnet portrait hailed catholic miracle tailor griffin became notorious subject verse published portrait title page james became king england feeling uncertainty settled nation james scottish king son mary queen scot staunch catholic english traitor word critic robert crawford macbeth play england facing might mean scottish king england seems comparatively benign northern neighbour mired bloody past macbeth may set medieval scotland filled material interest england england ruler critic argue content play clearly message james new scottish king england likewise critic andrew hadfield noted contrast play draw saintly king edward confessor england power royal touch cure scrofula whose realm portrayed peaceful prosperous versus bloody chaos scotland james book trew law free monarchy asserted king always right subject owe total loyalty time writing even king tyrant subject must never rebel endure tyranny good james argued tyranny preferable problem caused rebellion even worse shakespeare contrast macbeth argued right subject overthrow tyrant king appeared implied criticism james theory applied england hadfield also noted curious aspect play implies primogeniture norm scotland duncan nominate son malcolm successor macbeth accepted without protest scottish lord thane king despite usurper hadfield argued aspect play thane apparently choosing king reference stuart claim english throne attempt english parliament block succession james catholic mother mary queen scot succeeding english throne hadfield argued shakespeare implied james indeed rightful king england owed throne divine favour james would rather due willingness english parliament accept protestant son catholic mary queen scot king garry will provides evidence macbeth gunpowder play type play emerged immediately following event gunpowder plot point every gunpowder play contains necromancy scene regicide attempted completed reference equivocation scene test loyalty use deceptive language character see plot along vocabulary similar plot immediate aftermath word like train blow vault ironic recoil plot upon plotter fall pit dug play utilises key word audience time would recognize allusion plot one sermon lancelot andrewes stated regarding failure plotter god day fair foul glad sad poet calleth great diespiter father day hath made shakespeare begin play using word fair foul first speech witch macbeth word jonathan gil harris play express horror unleashed supposedly loyal subject seek kill king treasonous role equivocation play even echo certain keywords scandal beneath house parliament guy fawkes stored thirty keg gunpowder one conspirator secretly warned relative planned attend house parliament november even though plot never alluded directly presence everywhere play like pervasive odor scholar also cite entertainment seen king james oxford summer featured three sibyl like weird sister kermode surmise shakespeare could heard alluded weird sister however braunmuller new cambridge edition find argument inconclusive argues earliest date one suggested allusion supporting date late first witch dialogue sailor wife thee witch ronyon husband aleppo gone master tiger thought allude tiger ship returned england june disastrous voyage many crew killed pirate line later witch speaks sailor shall live man forbid nine time nine real ship sea day product taken confirmation allusion correct confirms witch scene either written amended later july play considered written later since kermode note fairly clear allusion play one notable reference francis beaumont knight burning pestle first performed following line act v scene according scholar clear allusion scene banquo ghost haunt macbeth dinner table thou art thy table thy friend merry heart filled swelling wine come midst thy pride mirth invisible men thyself whisper sad tale thine ear shall make thee let cup fall thy hand stand mute pale death macbeth first printed first folio folio source text scholar contend folio text abridged rearranged earlier manuscript prompt book often cited interpolation stage cue two song whose lyric included folio included thomas middleton play witch written accepted date macbeth printing folio many scholar believe song editorially inserted folio though whether middleton song preexisting song certain also widely believed character hecate well line first witch part shakespeare original play added folio editor possibly written middleton though completely objective proof interpolation macbeththe prince cumberland stepon must fall else way lie star hide fire let light see black deep eye wink hand yet let bewhich eye fear done see macbeth anomaly among shakespeare tragedy certain critical way short thousand line shorter othello king lear slightly half long hamlet brevity suggested many critic received version based heavily cut source perhaps particular performance would reflect shakespeare play existing quarto folio quarto version usually longer folio version macbeth first printed first folio quarto version quarto would probably longer folio version brevity also connected unusual feature fast pace first act seemed stripped action comparative flatness character macbeth bradley considering question concluded play always extremely short one noting witch scene battle scene would taken time performance remarking think reading feel macbeth short certainly astonished hear half long hamlet perhaps shakespearean theatre seemed occupy longer time clock recorded least since day samuel johnson analysis play centred question macbeth ambition commonly seen dominant trait defines character johnson asserted macbeth though esteemed military bravery wholly reviled reader opinion recurs critical literature notably work bradley discusses macbeth character courage ambition also imagination poet bradley macbeth imagination central character imago consequence ambition imago ghost guilt ecstasy poet additionally emphasis character exists work caroline spurgeon highlight way shakespeare us imagery clothing characterize tragic hero spurgeon call attention macbeth often described wearing garment either seem big small ambition big character small new unrightful role king macbeth unexpectedly greeted new title thane cawdor prophesied witch banquo comment new honour come upon like strange garment cleave mould aid use end tyrant bay dunsinane caithness see man trying vain fasten large garment small belt buckle distemper cause within belt rule v angus sum everybody think ever since macbeth accession power feel title hang loose like giant robe upon dwarfish thief v like richard iii without character perversely appealing exuberance macbeth wade blood inevitable fall kenneth muir writes macbeth predisposition murder merely inordinate ambition make murder seem lesser evil failure achieve crown critic stoll explain characterisation holdover senecan medieval tradition shakespeare audience view expected villain wholly bad senecan style far prohibiting villainous protagonist demanded yet critic easy resolve question macbeth motivation robert bridge instance perceived paradox character able express convincing horror duncan murder would likely incapable committing crime many critic macbeth motivation first act appear vague insufficient john dover wilson hypothesised shakespeare original text extra scene scene husband wife discussed plan citation needed interpretation fully provable however motivating role ambition macbeth universally recognised evil action motivated ambition seem trap cycle increasing evil macbeth recognises blood stepp far wade returning tedious go iii working russian translation shakespeare work boris pasternak compared macbeth raskolnikov protagonist crime punishment fyodor dostoevsky pasternak argues neither macbeth raskolnikov born criminal villain nature turned criminal faulty rationalization deduction false premise go argue lady macbeth feminine one active insistent wife becomes husband executive resolute consistent according pasternak helping macbeth carry wish detriment disastrous consequence macbeth ambition limited almost moment murder play depicts scotland land shaken inversion natural order shakespeare may intended reference great chain although play image disorder mostly specific enough support detailed intellectual reading play meant performed specifically king james whose belief divine right king suggests tragedy macbeth distinctly moral king daemonologie believed inspired structure witch coven making supernatural world macbeth inversion natural kingship struggle julius caesar though perturbation political sphere echoed even amplified event material world among often depicted inversion natural order sleep macbeth announcement murdered sleep figuratively mirrored lady macbeth sleepwalking macbeth generally accepted indebtedness medieval tragedy often seen significant play treatment moral order glynne wickham connects play porter mystery play harrowing hell howard felperin argues play complex attitude toward orthodox christian tragedy often admitted see kinship play tyrant play within medieval liturgical drama modern queer reading macbeth concerned play theme linearity temporality succession rather transgressive sexuality lady macbeth request spirit call unsex read madhavi menon indicative sinthomosexual drive queer theme androgyny often seen special aspect theme disorder feminist critic dympna callaghan arguing duncan corpse stand macbeth lady macbeth gender indeterminacy macbeth also play inversion normative gender role famously case witch lady macbeth appears first act whatever shakespeare degree sympathy inversion play end thorough return normative gender value feminist psychoanalytic critic janet adelman connected play treatment gender role larger theme inverted natural order expressed malignant maternal power witch lady macbeth macbeth punished violation moral order removed cycle nature figured female nature embodied movement birnam wood part restoration moral order critic early twentieth century reacted saw excessive dependence study character criticism play dependence though closely associated bradley clear early time mary cowden clarke offered precise fanciful account predramatic life shakespeare female lead suggested instance child lady macbeth refers first act died foolish military action reacting perceived concerning trend among critic treat shakespeare character real people knight wrote many child lady macbeth argued shakespeare play dramatic poem critic place greater emphasis way language work play essay quote wilson knight similarly argued person ultimately human purely symbol poetic vision analytic lens lady macbeth invocation child given suck interacts image infant play apparition act three weird sister open play frequent subject interpretation like peter stallybrass diane purkiss focus historical understanding witchcraft others like janet adelman stephen greenblatt focus psychological cultural symbolism king james patron shakespeare theater company king men well documented interest witchcraft believed victim murder plot involving witchcraft wrote dissertation witchcraft titled daemonologie first published often suggested king interest witchcraft along general popular interest created inspired inclusion three witch play diane purkiss historian witchcraft noted shakespeare pulled many different witchcraft tradition claiming witch macbeth frankly exploitative collage randomly chosen bit selected thematic significance sensation value critic like greenblatt argue witch thematic significance argues theater witchcraft constructed boundary fantasy reality border membrane imagination corporeal world figure actuality psychic disturbance objective truth meet witch introduce ambiguity play begin play phrase like battle lost end first scene saying fair foul foul hover fog filthy air ambiguity rooted paradoxical phrasing language also viewed thematic significance stephen orgel argues witch live outside social order embody contradiction beneath woman exterior also man beneath man exterior also woman nature full competing claim ordered hierarchical deeply anarchic play three witch represent darkness chaos conflict role agent witness presence communicates treason impending doom shakespeare day witch seen worse rebel notorious traytor rebell political traitor spiritual traitor well much confusion spring come ability straddle play border reality supernatural deeply entrenched world unclear whether control fate whether merely agent defy logic subject rule real world witch line first act fair foul foul fair hover fog filthy air often said set tone rest play establishing sense confusion indeed play filled situation evil depicted good good rendered evil line double double toil trouble communicates witch intent clearly seek trouble mortal around page needed witch spell remarkably similar spell witch medusa anthony munday play fidele fortunio published shakespeare may influenced witch tell macbeth directly kill king duncan use subtle form temptation tell macbeth destined king placing thought mind effectively guide path destruction follows pattern temptation used time shakespeare first argued thought put man mind person may either indulge thought reject macbeth indulges banquo reject page needed according bryant macbeth also make use biblical parallel notably king duncan murder murder christ matter one look whether history tragedy macbeth distinctively christian one may simply count biblical allusion richmond noble done one may go study parallel shakespeare story old testament story saul jezebel miss jane jack done one may examine curry progressive degeneration macbeth point view medieval theology many today would say misfortune surrounding production mere coincidence actor others theatre industry often consider bad luck mention macbeth name inside theatre sometimes refer indirectly example scottish play bard play referring character play scottish king behavior result superstition saying name play inside theatre bring bad luck given production perhaps cause physical injury death cast member story accident misfortune even death taking place run macbeth many theory superstition began attribute real witch unhappy representation play cursed play historical evidence origin superstition traced satirical article written humorist theater critic max beerbohm article written perspective samuel pepys claim early performance play boy actor set play lady macbeth became fatally ill shakespeare needed play part since article claimed macbeth cursed beerbohm article though creating fictional story response long history accident macbeth performance performance macbeth amsterdam actor playing macbeth committed murder stage riot broke performance london lilian baylis theater manager died night run macbeth began old vic according actor sir donald sinden sky art tv series great west end theatre contrary popular myth shakespeare tragedy macbeth unluckiest play superstition like portray exactly opposite origin unfortunate moniker date back repertory theatre day town village least one theatre entertain public play well would invariably get replaced audience pleaser macbeth guaranteed weekly theatre newspaper stage published listing theatre country instantly noticed show worked previous week replaced definite actor died performance hamlet scottish play profession still call forbidden quote backstage could cause current play collapse replaced causing possible unemployment several method exist dispel curse depending actor one attributed michael york immediately leave building stage person uttered name walk around three time spit left shoulder say obscenity wait invited back building page needed related practice spin around three time fast possible spot sometimes accompanied spitting shoulder uttering obscenity another popular ritual leave room knock three time invited quote line hamlet yet another recite line merchant venice thought lucky play patrick stewart radio program ask another asserted played role scottish thane allowed say title time anywhere eyewitness account macbeth shakespeare lifetime recorded simon forman saw performance globe april scholar noted discrepancy forman account play appears folio example make mention apparition scene hecate man woman born birnam wood however clark observes forman account often inaccurate incomplete instance omitting statue scene winter tale interest seem giving full account production mentioned folio text thought alteration original play led theory play folio adaptation indoor performance blackfriar theatre operated king men even speculation represents specific performance king james play contains musical cue play canon well significant use sound effect chill grave seemed looked hush damp charnel house midnight flesh crept breathing became uneasy scent blood became palpable theatre closed puritan government september upon restoration monarchy two patent company king company duke company established existing theatrical repertoire divided sir william davenant founder duke company adapted shakespeare play taste new era version would dominate stage around eighty year among change made expansion role witch introducing new song dance expansion role lady macduff foil lady macbeth however performance outside patent company among evasion duke company monopoly puppet version macbeth macbeth favourite diarist samuel pepys saw play november admirably acted december excellently acted ten day later january though saw lately yet appears excellent play respect april one best play stage ever saw october vexed see young bad actor best act macbeth room betterton poor man sick three week later november macbeth still like mightily yet august saw macbeth great content finally december date king court also present audience first professional performance macbeth north america probably hallam company david garrick revived play abandoning davenant version instead advertising written shakespeare fact claim largely false retained much davenant popular business witch wrote lengthy death speech macbeth cut shakespeare play including drunken porter murder lady macduff son malcolm testing macduff hannah pritchard greatest stage partner premiere lady macbeth would later drop play repertoire upon retirement stage pritchard first actress achieve acclaim role lady macbeth least partly due removal davenant material made irrelevant moral contrast lady macduff garrick portrayal focused inner life character endowing innocence vacillating good evil betrayed outside influence portrayed man capable observing part remained untouched done play moulding man sensibility rather descending tyrant john philip kemble first played macbeth although usually regarded antithesis garrick kemble nevertheless refined aspect garrick portrayal however towering majestic sarah siddons kemble sister became legend role lady macbeth contrast hannah pritchard savage demonic portrayal siddons lady macbeth terrifying nevertheless scene express regret remorse tenderly human portraying action done love husband siddons deflected moral responsibility play carnage audience seem found sleepwalking scene particularly mesmerising hazlitt said gesture involuntary mechanical glided stage almost like apparition kemble dispensed ghost banquo altogether allowing audience see macbeth reaction wife guest see relying upon fact play well known audience would already aware ghost enters point ferdinand fleck notable first german actor present shakespeare tragic role fullness played macbeth berlin national theatre unlike english counterpart portrayed character achieving stature murder duncan growing presence confidence thereby enabling stark contrast banquet scene ended babbling like child everyone seems think mr mcb monstrousness see woman mistaken woman weak dove course first wife performance outside patent theatre instrumental bringing monopoly end robert elliston example produced popular adaptation macbeth royal circus described publicity matchless piece pantomimic choral performance circumvented illegality speaking shakespeare word mimed action singing doggerel verse written c cross unsuccessful attempt take covent garden upmarket kemble installed private box increasing admission price pay improvement inaugural run newly renovated theatre macbeth disrupted two month cry old price private box kemble capitulated protestors demand edmund kean drury lane gave psychological portrayal central character common touch ultimately unsuccessful role however pave way acclaimed performance nineteenth century william charles macready macready played role period firstly covent garden finally retirement performance although playing evolved year noted throughout tension idealistic aspect weaker venal aspect macbeth character staging full spectacle including several elaborate royal procession theatre regulation act finally brought patent company monopoly end time end victorian era london theatre dominated style presentation pictorial proscenium stage filled spectacular often featuring complex scenery large cast elaborate costume frequent use tableau vivant charles kean son edmund london princess theatre took antiquarian view shakespeare performance setting macbeth historically accurate scotland leading lady ellen tree created sense character inner life time critic saying countenance assumed luring macbeth course crime actually appalling intensity denoted hunger guilt time special effect becoming popular example samuel phelps macbeth witch performed behind green gauze enabling appear disappear using stage lighting rival performance play sparked astor place riot manhattan popular american actor edwin forrest whose macbeth said like ferocious chief barbarous tribe played central role broadway theatre popular acclaim cerebral patrician english actor macready playing role astor place opera house suffered constant heckling existing enmity two men forrest openly hissed macready recent performance hamlet britain taken forrest supporter formed working class lower middle class agitator keen attack patron opera house colonially minded macready nevertheless macready performed role three day later packed house angry mob gathered outside militia tasked controlling situation fired mob total rioter killed injured charlotte cushman unique among interpreter shakespeare achieving stardom role gender new york debut lady macbeth would later admired london role helen faucit considered embodiment notion femininity reason largely failed eventually played lady macbeth serious attempt embody coarser aspect lady macbeth character jarred harshly public image adelaide ristori great italian actress brought lady macbeth london italian english translation cut way effect lady macbeth tragedy henry irving successful macbeth failed curry favour audience desire psychological credibility reduced certain aspect role described macbeth brave soldier moral coward played untroubled conscience clearly already contemplating murder duncan encounter witch e irving leading lady ellen terry lady macbeth unsuccessful public century performance influenced sarah siddons created expectation odds terry conception role late european macbeth aimed heroic stature expense subtlety tommaso salvini italy adalbert matkowsky germany said inspire awe elicited little pity lady macbeth say coming must provided amazing line going play hostess duncan dunsinane gracious hostess always wonder line play reverberation acting make audience go aaaagh two development changed nature macbeth performance century first development craft acting especially idea stanislavski brecht second rise dictator political icon latter always assisted performance difficult sympathise macbeth based hitler stalin idi amin barry jackson birmingham repertory theatre first director costume macbeth modern dress decade film adaptation play orson welles directed macbeth negro theatre unit federal theatre project lafayette theatre harlem using black actor setting action haiti drum voodoo rite establish witch scene production dubbed voodoo macbeth proved inflammatory aftermath harlem riot accused making fun black culture campaign burlesque negro welles persuaded crowd use black actor voodoo made important cultural statement performance frequently referenced example play curse outdoor production directed burgess meredith british colony bermuda starring charlton heston using imposing spectacle fort catherine key element set production plagued host mishap including charlton heston burned tights caught fire critic contend three great macbeth stage century commencing laurence olivier ian mckellen antony sher olivier portrayal directed glen byam shaw vivien leigh lady macbeth immediately hailed masterpiece kenneth tynan said succeeded olivier built role climax end play whereas actor spend first two act play caused difficulty royal shakespeare company especially shakespeare memorial theatre peter hall production michael billington word acknowledged disaster use real leaf birnham wood getting laugh trevor nunn production billington religious spectacle nunn achieved success rsc production intimate place ian mckellen judi dench central role small cast worked within simple circle mckellen macbeth nothing noble likeable manipulator world manipulative character young couple physically passionate monster recognisable human being f relationship atrophied action progressed rsc achieved critical success gregory doran production swan antony sher harriet walter central role demonstrating suitability play smaller venue doran witch spoke line theatre absolute darkness opening visual image entrance macbeth banquo beret fatigue modern warfare carried shoulder triumphant troop contrast nunn doran presented world king duncan soldier ultimately benign honest heightening deviance macbeth seems genuinely surprised witch prophecy lady macbeth plotting kill king play said little politics instead powerfully presenting central character psychological collapse macbeth returned rsc christopher eccleston played title role niamh cusack wife lady macbeth play later transferred barbican london prague faced illegality working theatre pavel kohout adapted macbeth abridgement five actor suitable bringing show suitcase people home g spectacle unfashionable western theatre throughout century east asia however spectacular production achieved great success including yukio ninagawa production masane tsukayama macbeth set century japanese civil war director tour london widely praised critic even though like audience unable understand significance macbeth gesture huge buddhist altar dominating set petal falling cherry tree xu xiaozhong central academy drama production beijing made every effort unpolitical necessary aftermath cultural revolution yet audience still perceived correspondence central character director actually modelled louis napoleon mao zedong shakespeare often adapted indigenous theatre tradition example kunju macbeth huang zuolin performed inaugural chinese shakespeare festival similarly karanth barnam vana adapted macbeth yakshagana tradition karnataka india lokendra arambam created stage blood merging range martial art dance gymnastic style manipur performed imphal england stage literally raft lake throne blood 蜘蛛巣城 spider web castle japanese samurai film directed akira kurosawa film transpose macbeth medieval scotland feudal japan stylistic element drawn noh drama kurosawa fan play planned adaptation several year postponing learning orson welles macbeth film two mainichi film award play translated performed various language different part world medium artist first stage punjabi adaptation india adaptation balram play directed samuel john universally acknowledged milestone punjabi theatre unique attempt involved trained theatre expert actor taken rural background punjab punjabi folk music imbued play native ethos scottish setting shakespeare play transposed punjabi milieu saoirse ronan starred tragedy macbeth almeida theatre london following year revival production opened broadway daniel craig ruth negga middling review new production starring david tennant cush jumbo ran london donmar warehouse december february max webster directed production show received laurence olivier award nomination including best revival transferred harold pinter theatre west end october limited run macbeth adapted italian opera macbeth composer giuseppe verdi librettist francesco maria piave revised french english opera adaptation play created lawrance collingwood contemporary opera adaptation include luke style macbeth pascal dusapin macbeth underworld indirect adaptation dmitri shostakovich lady macbeth mtsensk based novella name nikolai leskov reference macbeth unless otherwise specified taken arden shakespeare second series edition edited kenneth muir referencing system mean act scene line reference shakespeare play oxford shakespeare complete work shakespeare edited stanley well gary taylor
Document 15,Macduff (Macbeth) - Wikipedia,"
Lord Macduff, the Thane of Fife, is a character and the heroic main antagonist in William Shakespeare's Macbeth (c.1603–1607) that is loosely based on history. Macduff, a legendary hero, plays a pivotal role in the play: he suspects Macbeth of regicide and eventually kills Macbeth in the final act. He can be seen as the avenging hero who helps save Scotland from Macbeth's tyranny in the play.
The character is first known from Chronica Gentis Scotorum (late 14th century) and Orygynale Cronykil of Scotland (early 15th century). Shakespeare drew mostly from Holinshed's Chronicles (1587).
Although characterised sporadically throughout the play, Macduff serves as a foil to Macbeth and a figure of morality.
The overall plot that would serve as the basis for Macbeth is first seen in the writings of two chroniclers of Scottish history: John of Fordun, whose prose Chronica Gentis Scotorum was begun about 1363, and Andrew of Wyntoun's Scots verse Orygynale Cronykil of Scotland, written no earlier than 1420. Holinshed's Chronicles (1587), drew on their accounts, and Shakespeare in turn used Holinshed’s narratives of King Duff and King Duncan when writing Macbeth.
Historically, Duff was a 10th century King of Alba. In John of Fordun's work, the reign of Duff is portrayed as having suffered from pervasive witchcraft. The Orygynale Cronykil suggests that Duff was murdered. Due to the Irish use of tanistry, Duff's immediate descendants did not become rulers of Alba, and instead became mormaers of Fife. Their clan – the Clan MacDuff – remained the most powerful family in Fife in the Middle Ages.[1]
The ruins of Macduff's Castle lie in the village of East Wemyss next to the cemetery.  Not only did history influence Shakespeare's work, but the work itself influenced the role of future Duffs. Few could determine where Duff Family history began and historical fiction ended, working to the benefit of the Duffs as their reach expanded into Northeast Scotland.[2] In 1404 David Duff received a charter in Aberdeenshire from Robert III of Scotland.[3] In 1759, his descendant William Duff was granted the historic Celtic Title of ""Fife"", resurrecting the title and tying the Duffs of Northeast Scotland, both to their 11th century Lowland ancestors, and to Shakespeare's MacDuff.[4] Various Fife titles were held by the Duffs until as recently as 1929 when the dignity passed to the Carnegie descendants, where it remains in use today.  This association not only secured the Duff family influence in the peerage, but also helped ensure their position as one of the largest landowners in Scotland, heading countless feudal baronies including the barony of MacDuff, named for James Duff, 2nd Earl Fife.[5]
In Holinshed's narrative, attributes of King Duff are transposed onto the MacDuff mormaer from Macbeth's era. Macduff first appears in Holinshed's narrative of King Duncan after Macbeth has killed the latter and reigned as King of Scotland for 10 years. When Macbeth calls upon his nobles to contribute to the construction of Dunsinane castle, Macduff avoids the summons, arousing Macbeth's suspicions. Macduff leaves Scotland for England to prod Duncan's son, Malcolm III of Scotland, into taking the Scottish throne by force. Meanwhile, Macbeth murders Macduff's family. Malcolm, Macduff, and the English forces march on Macbeth, and Macduff kills him.[6] Shakespeare follows Holinshed's account of Macduff closely, with his only deviations being Macduff's discovery of Duncan's body in act 2 sc. 3, and Macduff's brief conference with Ross in act 2 sc. 4.
Macduff first speaks in the play in act 2, scene 3 to the drunken porter to report to his duty of awaking King Duncan when he is sleeping for the night at Macbeth's castle. When he discovers the corpse of King Duncan (murdered by Macbeth, but it appears that nearby guards are guilty since Lady Macbeth put his knife by them and smeared them with Duncan's blood), he raises an alarm, informing the castle that the king has been murdered.  Macduff begins to suspect Macbeth of regicide when Macbeth says, ""O, yet I do repent me of my fury / That I did kill them"" (2.3.124–125). Macduff's name does not appear in this scene; rather, Banquo refers to him as ""Dear Duff"" (2.3.105).
In 2.4 Macbeth has left for Scone, the ancient royal city where Scottish kings were crowned. Macduff, meanwhile, meets with Ross and an Old Man. He reveals that he will not be attending the coronation of Macbeth and will instead return to his home in Fife. However, Macduff flees to England to join Malcolm, the slain King Duncan's elder son, and convinces him to return to Scotland and claim the throne.
Macbeth, meanwhile, visits the Three Witches again after the spectre of Banquo appears at the royal banquet. The Witches warn Macbeth to ""beware Macduff, beware the Thane of Fife"" (4.1.81–82). However, they inform Macbeth that ""none of woman born / Shall harm Macbeth"" (4.1.91–92) — leading one to infer that no human could possibly defeat Macbeth. Macbeth, fearing for his position as King of Scotland, learns soon afterward that Macduff has fled to England to try to raise an army against him and orders the deaths of Macduff's wife, children, and other relatives. Macduff, who is still in England, learns of his family's deaths through Ross, another Scottish thane. He joins Malcolm, and they return to Scotland with their English allies to face Macbeth at Dunsinane Castle.
After Macbeth slays the young Siward, Macduff charges into the main castle and confronts Macbeth. Although Macbeth believes that he cannot be killed by any man born of a woman, he soon learns that Macduff was ""from his mother's womb / Untimely ripped"" (Act V Scene 8 lines 2493/2494) — meaning that Macduff was born by caesarean section - however, the medical technology for safe C-section did not exist back then, and so this likely meant that his mother died in childbirth. The two fight, and Macduff slays Macbeth offstage. Macduff ultimately presents Macbeth's head to Malcolm, hailing him as king and calling on the other thanes to declare their allegiance with him (5.11.20–25).
As a supporting character, Macduff serves as a foil to Macbeth; his integrity directly contrasts with Macbeth's moral perversion.[7][full citation needed] The play positions the characters of Macduff as holy versus Macbeth as evil.
The contrast between Macduff and Macbeth is accentuated by their approaches to death. Macduff, hearing of his family's death, reacts with a tortured grief. His words, ""But I must also feel it as a man"" (4.3.223), indicate a capacity for emotional sensitivity. While Macbeth and Lady Macbeth insist that manhood implies a denial of feeling (1.7.45–57), Macduff insists that emotional sense and depth are part of what it means to be a man. This interpretation is supported by contrasting Macbeth's famous response to the news of Lady Macbeth's death:
Macbeth's words seem to express a brutal indifference – that someday, she would have died anyway – and perhaps even suggest that he has lost the capacity to feel.
Compare Macduff's reaction upon his discovery of Duncan's corpse: He struggles to find the words to express his rage and anguish, crying, ""O horror, horror, horror"" (2.3.59). In some stage interpretations, Macduff's character transitions from a state of shock to one of frenzied alarm.[8]  When Ross announces his wife and children's deaths to him, Macduff's expression of grief contrasts starkly with Macbeth's resignation to Lady Macbeth's death.
Although Macduff comes to represent a type of ""goodness"" in the dark world of Macbeth, Shakespeare also allows for some instability in his character. This becomes most evident in 4.3, when Macduff joins Malcolm in England. In this scene, the play has moved from the tumult in Scotland to England, but Macduff is questioned by Malcolm why he fled England without bringing his family, or even without warning them of the coming danger. No answer is given for this choice, and the scene continues with Macduff being told his wife and children are slain. His seemingly honest grief is at odds with this hanging question, casting his good nature into some question. Whether he believed Macbeth too honorable to slay women and children, had intended his trip to be in secret and was unfortunately discovered, or simply did not consider the safety of his family, is left unclarified.
",lord macduff thane fife character heroic main antagonist william shakespeare macbeth loosely based history macduff legendary hero play pivotal role play suspect macbeth regicide eventually kill macbeth final act seen avenging hero help save scotland macbeth tyranny play character first known chronica gentis scotorum late century orygynale cronykil scotland early century shakespeare drew mostly holinshed chronicle although characterised sporadically throughout play macduff serf foil macbeth figure morality overall plot would serve basis macbeth first seen writing two chronicler scottish history john fordun whose prose chronica gentis scotorum begun andrew wyntoun scot verse orygynale cronykil scotland written earlier holinshed chronicle drew account shakespeare turn used holinshed narrative king duff king duncan writing macbeth historically duff century king alba john fordun work reign duff portrayed suffered pervasive witchcraft orygynale cronykil suggests duff murdered due irish use tanistry duff immediate descendant become ruler alba instead became mormaers fife clan clan macduff remained powerful family fife middle age ruin macduff castle lie village east wemyss next cemetery history influence shakespeare work work influenced role future duff could determine duff family history began historical fiction ended working benefit duff reach expanded northeast scotland david duff received charter aberdeenshire robert iii scotland descendant william duff granted historic celtic title fife resurrecting title tying duff northeast scotland century lowland ancestor shakespeare macduff various fife title held duff recently dignity passed carnegie descendant remains use today association secured duff family influence peerage also helped ensure position one largest landowner scotland heading countless feudal barony including barony macduff named james duff earl fife holinshed narrative attribute king duff transposed onto macduff mormaer macbeth era macduff first appears holinshed narrative king duncan macbeth killed latter reigned king scotland year macbeth call upon noble contribute construction dunsinane castle macduff avoids summons arousing macbeth suspicion macduff leaf scotland england prod duncan son malcolm iii scotland taking scottish throne force meanwhile macbeth murder macduff family malcolm macduff english force march macbeth macduff kill shakespeare follows holinshed account macduff closely deviation macduff discovery duncan body act sc macduff brief conference ross act macduff first speaks play act scene drunken porter report duty awaking king duncan sleeping night macbeth castle discovers corpse king duncan murdered macbeth appears nearby guard guilty since lady macbeth put knife smeared duncan blood raise alarm informing castle king murdered macduff begin suspect macbeth regicide macbeth say yet repent fury kill macduff name appear scene rather banquo refers dear duff macbeth left scone ancient royal city scottish king crowned macduff meanwhile meet ross old man reveals attending coronation macbeth instead return home fife however macduff flees england join malcolm slain king duncan elder son convinces return scotland claim throne macbeth meanwhile visit three witch spectre banquo appears royal banquet witch warn macbeth beware macduff beware thane fife however inform macbeth none woman born shall harm macbeth leading one infer human could possibly defeat macbeth macbeth fearing position king scotland learns soon afterward macduff fled england try raise army order death macduff wife child relative macduff still england learns family death ross another scottish thane join malcolm return scotland english ally face macbeth dunsinane castle macbeth slays young siward macduff charge main castle confronts macbeth although macbeth belief killed man born woman soon learns macduff mother womb untimely ripped act v scene line meaning macduff born caesarean section however medical technology safe exist back likely meant mother died childbirth two fight macduff slays macbeth offstage macduff ultimately present macbeth head malcolm hailing king calling thane declare allegiance supporting character macduff serf foil macbeth integrity directly contrast macbeth moral perversion full citation needed play position character macduff holy versus macbeth evil contrast macduff macbeth accentuated approach death macduff hearing family death reacts tortured grief word must also feel man indicate capacity emotional sensitivity macbeth lady macbeth insist manhood implies denial feeling macduff insists emotional sense depth part mean man interpretation supported contrasting macbeth famous response news lady macbeth death macbeth word seem express brutal indifference someday would died anyway perhaps even suggest lost capacity feel compare macduff reaction upon discovery duncan corpse struggle find word express rage anguish cry horror horror horror stage interpretation macduff character transition state shock one frenzied alarm ross announces wife child death macduff expression grief contrast starkly macbeth resignation lady macbeth death although macduff come represent type goodness dark world macbeth shakespeare also allows instability character becomes evident macduff join malcolm england scene play moved tumult scotland england macduff questioned malcolm fled england without bringing family even without warning coming danger answer given choice scene continues macduff told wife child slain seemingly honest grief odds hanging question casting good nature question whether believed macbeth honorable slay woman child intended trip secret unfortunately discovered simply consider safety family left unclarified
Document 16,Hen and Chicken Islands - Wikipedia,"
The Hen and Chicken Islands, usually known as the Hen and Chickens, lie to the east of the Northland Peninsula off the coast of northern New Zealand. They lie 12 kilometres (7.5 mi) east of Bream Head and 40 kilometres (25 mi) south-east of Whangārei[1] with a total area of 8.44 km2 (3.26 sq mi).[2]
Approximately 18,000 years ago during the Last Glacial Maximum when sea levels were over 100 metres (330 feet) lower than present day levels, the islands were hilly features surrounded by a vast coastal plain. Sea levels began to rise 7,000 years ago, after which the islands separated from the rest of New Zealand.[3]
These islands were given their European name by Captain James Cook, who first sighted them on 25 November 1769.[4] It has been suggested that the name was inspired by an old name for the star cluster usually known as the Pleiades.[citation needed]
Originally owned by the Māori Ngā Puhi iwi, they were sold to the New Zealand Government in 1883.[5] The islands were made a scenic reserve in 1908 owing to the rarity of their flora and fauna, and became a wildlife refuge in 1953. Hen Island had actually passed from Māori hands a few years earlier, being bought by Thomas Outhwaite in 1872.[5]: 91  It was bequeathed to the nation by his daughter Isa Outhwaite in 1927, and it too was named as a scenic reserve.[5]: 91 [6]
In June 1940, the Canadian-Australasian ship RMS Niagara sank off the islands after hitting a mine.[7] Most of the cargo, which included gold bullion, was later salvaged.
The islands are noted for their bird life with colonies of seabirds as well as forest birds which have become scarce or extinct on the mainland.  The islands have been identified as an Important Bird Area, by BirdLife International because they are home to a breeding population of about 500 pairs of Pycroft's petrels.[8][9] There are also native reptiles on the islands, including tuatara, geckos and skinks.
Hen Island, or Māori: Taranga, lies 7 kilometres (4.3 mi) to the southwest from the rest of the archipelago. It is also considerably larger than the Chicken Islands, or Marotiri, which comprise a chain of six small islands running north-west to south-east to the north of Hen Island. The chain consists of Wareware and Muriwhenua Islands (together called North West Chicken), Mauitaha (West Chicken), Lady Alice Island or Motu Muka (Big Chicken), Whatupuke (Middle Chicken), and Coppermine Island (Eastern Chicken).
Taranga is the largest island by some considerable margin, totalling 4.7 km2 (2 sq mi). Long and thin, it has a length of 6 kilometres (3.7 mi) and an average width of less than 1,000 metres (1,094 yd). A remnant of a four-million-year-old volcano, the island is dominated by a rocky ridge reaching to about 417 metres (1,368 ft) at its highest point, called The Pinnacles. Sail Rock, a stack, rises from the ocean 3 kilometres (1.9 mi) to the south of Hen Island,[10] and is a prominent navigational point for yachts.[11]
By the late 1800s, Hen Island was the only place in New Zealand with a surviving population of North Island saddleback. The once common species of forest bird found in the North Island, was nearly wiped out by the human introduction of mammalian predators, such as rats and stoats. In the 1960s translocations of saddleback from Hen Island to other island sanctuaries around New Zealand began.[12][13]
Two small rocky islands with a combined area of 3 ha (7.4 acres).
This 20 ha (49 acres), rugged, scrub-covered rock lies 1 kilometre (0.62 mi) to the south of Muriwhenua.  It rises to 125 metres (410 ft). An unofficial name until 1970 was West Chicken Island.[14]
The New Zealand Department of Conservation and the Ngati Wai iwi have entered into partnership to set up a sanctuary for the Polynesian rat, or kiore, on the islands Mauitaha and Araara. A spokesman for Ngati Wai said the kiore heritage will be protected as the movement of the kiore through the Pacific paralleled the migration of the New Zealand Maori. A spokesman for the Department of Conservation said the department's policy change from eradication would assist scientific research.
Named after Lady Alice Fergusson (wife of Governor General Sir Charles Fergusson), it is the largest of the five Chickens and is of particular significance because of its flora and fauna. The island covers 1.4 km2 (0.54 sq mi) and is surrounded by rocky reefs. It was occupied by Māori until the 1820s, and was used as a base for fishermen in the 1890s. Cattle were introduced at about this time, but were removed in the 1920s.
Formerly known as Whakahau, this island is composed of a large eastern section and a peninsula to the southwest. The coast of the peninsula forms one of the chain's main land features, a 300-metre (328 yd) wide bay (Starfish Bay). The island covers 1 km2 (0.39 sq mi), and is steep, rising to 234 metres (768 ft).
Coppermine island formerly known as Mauipane covers an area of 75 ha (190 acres). It is composed of two sections joined by a short isthmus. As the name suggests, there are copper deposits on the island, but attempts at mining them in 1849 and 1898 proved unprofitable.

",hen chicken island usually known hen chicken lie east northland peninsula coast northern new zealand lie kilometre mi east bream head kilometre mi whangārei total area sq mi approximately year ago last glacial maximum sea level metre foot lower present day level island hilly feature surrounded vast coastal plain sea level began rise year ago island separated rest new zealand island given european name captain james cook first sighted november suggested name inspired old name star cluster usually known pleiades citation needed originally owned māori ngā puhi iwi sold new zealand government island made scenic reserve owing rarity flora fauna became wildlife refuge hen island actually passed māori hand year earlier bought thomas outhwaite bequeathed nation daughter isa outhwaite named scenic reserve june ship rms niagara sank island hitting mine cargo included gold bullion later salvaged island noted bird life colony seabird well forest bird become scarce extinct mainland island identified important bird area birdlife international home breeding population pair pycroft petrel also native reptile island including tuatara gecko skink hen island māori taranga lie kilometre mi southwest rest archipelago also considerably larger chicken island marotiri comprise chain six small island running north hen island chain consists wareware muriwhenua island together called north west chicken mauitaha west chicken lady alice island motu muka big chicken whatupuke middle chicken coppermine island eastern chicken taranga largest island considerable margin totalling sq mi long thin length kilometre mi average width less metre yd remnant volcano island dominated rocky ridge reaching metre ft highest point called pinnacle sail rock stack rise ocean kilometre mi south hen island prominent navigational point yacht late hen island place new zealand surviving population north island saddleback common specie forest bird found north island nearly wiped human introduction mammalian predator rat stoat translocation saddleback hen island island sanctuary around new zealand began two small rocky island combined area ha acre ha acre rugged rock lie kilometre mi south muriwhenua rise metre ft unofficial name west chicken island new zealand department conservation ngati wai iwi entered partnership set sanctuary polynesian rat kiore island mauitaha araara spokesman ngati wai said kiore heritage protected movement kiore pacific paralleled migration new zealand maori spokesman department conservation said department policy change eradication would assist scientific research named lady alice fergusson wife governor general sir charles fergusson largest five chicken particular significance flora fauna island cover sq mi surrounded rocky reef occupied māori used base fisherman cattle introduced time removed formerly known whakahau island composed large eastern section peninsula southwest coast peninsula form one chain main land feature yd wide bay starfish bay island cover sq mi steep rising metre ft coppermine island formerly known mauipane cover area ha acre composed two section joined short isthmus name suggests copper deposit island attempt mining proved unprofitable
Document 17,Bird - Wikipedia,"
Neornithes Gadow, 1883
Birds are a group of warm-blooded vertebrate animals constituting the class Aves, characterised by feathers, toothless beaked jaws, the laying of hard-shelled eggs, a high metabolic rate, a four-chambered heart, and a strong yet lightweight skeleton. Birds live worldwide and range in size from the 5.5 cm (2.2 in) bee hummingbird to the 2.8 m (9 ft 2 in) common ostrich. There are over 11,000 living species and they are split into 44 orders. More than half are passerine or ""perching"" birds. Birds have wings whose development varies according to species; the only known groups without wings are the extinct moa and elephant birds. Wings, which are modified forelimbs, gave birds the ability to fly, although further evolution has led to the loss of flight in some birds, including ratites, penguins, and diverse endemic island species. The digestive and respiratory systems of birds are also uniquely adapted for flight. Some bird species of aquatic environments, particularly seabirds and some waterbirds, have further evolved for swimming. The study of birds is called ornithology.
Birds evolved from earlier theropods, and thus constitute the only known living dinosaurs. Whilst traditional Linnaean taxonomy placed birds in their own class (owing to their unique morphology and being the only group of animals other than mammals where all its species are warm-blooded), birds are considered reptiles in the modern cladistic sense of the term. Their closest living relatives are the crocodilians, both forming a clade known as archosaurs. Birds are descendants of the primitive avialans (whose members include Archaeopteryx) which first appeared during the Late Jurassic. According to some estimates, modern birds (Neornithes) evolved in the Late Cretaceous or between the Early and Late Cretaceous (100 Ma) and diversified dramatically around the time of the Cretaceous–Paleogene extinction event 66 million years ago, which killed off the pterosaurs and all non-ornithuran dinosaurs.[4][5]
Many social species preserve knowledge across generations (culture). Birds are social, communicating with visual signals, calls, and songs, and participating in such behaviour as cooperative breeding and hunting, flocking, and mobbing of predators. The vast majority of bird species are socially (but not necessarily sexually) monogamous, usually for one breeding season at a time, sometimes for years, and rarely for life. Other species have breeding systems that are polygynous (one male with many females) or, rarely, polyandrous (one female with many males). Birds produce offspring by laying eggs which are fertilised through sexual reproduction. They are usually laid in a nest and incubated by the parents. Most birds have an extended period of parental care after hatching.
Many species of birds are economically important as food for human consumption and raw material in manufacturing, with domesticated and undomesticated birds being important sources of eggs, meat, and feathers. Songbirds, parrots, and other species are popular as pets. Guano (bird excrement) is harvested for use as a fertiliser. Birds figure throughout human culture. About 120 to 130 species have become extinct due to human activity since the 17th century, and hundreds more before then. Human activity threatens about 1,200 bird species with extinction, though efforts are underway to protect them. Recreational birdwatching is an important part of the ecotourism industry.
The first classification of birds was developed by Francis Willughby and John Ray in their 1676 volume Ornithologiae.[6]
Carl Linnaeus modified that work in 1758 to devise the taxonomic classification system currently in use.[7] Birds are usually categorised as a biological class in traditional evolutionary taxonomy. Modern phylogenetic taxonomy places Aves in the clade Theropoda, sometimes with a Linnean rank lower than class, such as subclass[8] or infraclass.[9]
Aves and a sister group, the order Crocodilia, contain the only living representatives of the reptile clade Archosauria. During the late 1990s, Aves was most commonly defined phylogenetically as all descendants of the most recent common ancestor of modern birds and Archaeopteryx lithographica.[10] However, an earlier definition proposed by Jacques Gauthier gained wide currency in the 21st century, and is used by many scientists including adherents to the PhyloCode. Gauthier defined Aves to include only the crown group of the set of modern birds. This was done by excluding most groups known only from fossils, and assigning them, instead, to the broader group Avialae,[11] on the principle that a clade based on extant species should be limited to those extant species and their closest extinct relatives.[11]
Gauthier and de Queiroz identified four different definitions for the same biological name ""Aves"", which is a problem.[12] The authors proposed to reserve the term Aves only for the crown group consisting of the last common ancestor of all living birds and all of its descendants,[12] which corresponds to meaning number 4 below. They assigned other names to the other groups.[12]
Lizards & snakes
Turtles
Crocodiles
Birds
Under the fourth definition Archaeopteryx, traditionally considered one of the earliest members of Aves, is removed from this group, becoming a non-avian dinosaur instead. These proposals have been adopted by many researchers in the field of palaeontology and bird evolution, though the exact definitions applied have been inconsistent. Avialae, initially proposed to replace the traditional fossil content of Aves, is often used synonymously with the vernacular term ""bird"" by these researchers.[13]
†Coelurus
†Ornitholestes
†Ornithomimosauria
†Alvarezsauridae
†Oviraptorosauria
Paraves
Most researchers define Avialae as branch-based clade, though definitions vary. Many authors have used a definition similar to ""all theropods closer to birds than to Deinonychus"",[15][16] with Troodon being sometimes added as a second external specifier in case it is closer to birds than to Deinonychus.[17] Avialae is also occasionally defined as an apomorphy-based clade (that is, one based on physical characteristics). Jacques Gauthier, who named Avialae in 1986, re-defined it in 2001 as all dinosaurs that possessed feathered wings used in flapping flight, and the birds that descended from them.[12][18]
Despite being currently one of the most widely used, the crown-group definition of Aves has been criticised by some researchers. Lee and Spencer (1997) argued that, contrary to what Gauthier defended, this definition would not increase the stability of the clade and the exact content of Aves will always be uncertain because any defined clade (either crown or not) will have few synapomorphies distinguishing it from its closest relatives. Their alternative definition is synonymous to Avifilopluma.[19]
†Scansoriopterygidae
†Eosinopteryx
†Jinfengopteryx
†Aurornis
†Dromaeosauridae
†Troodontidae
Avialae
Based on fossil and biological evidence, most scientists accept that birds are a specialised subgroup of theropod dinosaurs[22] and, more specifically, members of Maniraptora, a group of theropods which includes dromaeosaurids and oviraptorosaurs, among others.[23] As scientists have discovered more theropods closely related to birds, the previously clear distinction between non-birds and birds has become blurred. By the 2000s, discoveries in the Liaoning Province of northeast China, which demonstrated many small theropod feathered dinosaurs, contributed to this ambiguity.[24][25][26]
The consensus view in contemporary palaeontology is that the flying theropods, or avialans, are the closest relatives of the deinonychosaurs, which include dromaeosaurids and troodontids.[28] Together, these form a group called Paraves. Some basal members of Deinonychosauria, such as Microraptor, have features which may have enabled them to glide or fly. The most basal deinonychosaurs were very small. This evidence raises the possibility that the ancestor of all paravians may have been arboreal, have been able to glide, or both.[29][30] Unlike Archaeopteryx and the non-avialan feathered dinosaurs, who primarily ate meat, studies suggest that the first avialans were omnivores.[31]
The Late Jurassic Archaeopteryx is well known as one of the first transitional fossils to be found, and it provided support for the theory of evolution in the late 19th century. Archaeopteryx was the first fossil to display both clearly traditional reptilian characteristics—teeth, clawed fingers, and a long, lizard-like tail—as well as wings with flight feathers similar to those of modern birds. It is not considered a direct ancestor of birds, though it is possibly closely related to the true ancestor.[32]
Over 40% of key traits found in modern birds evolved during the 60 million year transition from the earliest bird-line archosaurs to the first maniraptoromorphs, i.e. the first dinosaurs closer to living birds than to Tyrannosaurus rex. The loss of osteoderms otherwise common in archosaurs and acquisition of primitive feathers might have occurred early during this phase.[14][34] After the appearance of Maniraptoromorpha, the next 40 million years marked a continuous reduction of body size and the accumulation of neotenic (juvenile-like) characteristics. Hypercarnivory became increasingly less common while braincases enlarged and forelimbs became longer.[14] The integument evolved into complex, pennaceous feathers.[34]
The oldest known paravian (and probably the earliest avialan) fossils come from the Tiaojishan Formation of China, which has been dated to the late Jurassic period (Oxfordian stage), about 160 million years ago. The avialan species from this time period include Anchiornis huxleyi, Xiaotingia zhengi, and Aurornis xui.[13]
The well-known probable early avialan, Archaeopteryx, dates from slightly later Jurassic rocks (about 155 million years old) from Germany. Many of these early avialans shared unusual anatomical features that may be ancestral to modern birds but were later lost during bird evolution. These features include enlarged claws on the second toe which may have been held clear of the ground in life, and long feathers or ""hind wings"" covering the hind limbs and feet, which may have been used in aerial maneuvering.[35]
Avialans diversified into a wide variety of forms during the Cretaceous period. Many groups retained primitive characteristics, such as clawed wings and teeth, though the latter were lost independently in a number of avialan groups, including modern birds (Aves).[36] Increasingly stiff tails (especially the outermost half) can be seen in the evolution of maniraptoromorphs, and this process culminated in the appearance of the pygostyle, an ossification of fused tail vertebrae.[14] In the late Cretaceous, about 100 million years ago, the ancestors of all modern birds evolved a more open pelvis, allowing them to lay larger eggs compared to body size.[37] Around 95 million years ago, they evolved a better sense of smell.[38]
A third stage of bird evolution starting with Ornithothoraces (the ""bird-chested"" avialans) can be associated with the refining of aerodynamics and flight capabilities, and the loss or co-ossification of several skeletal features. Particularly significant are the development of an enlarged, keeled sternum and the alula, and the loss of grasping hands.
[14]
†Anchiornis
†Archaeopteryx
†Xiaotingia
†Rahonavis
†Jeholornis
†Jixiangornis
†Balaur
†Zhongjianornis
†Sapeornis
†Confuciusornithiformes
†Protopteryx
†Pengornis
Ornithothoraces
†Enantiornithes
†Archaeorhynchus
†Patagopteryx
†Vorona
†Schizooura
†Hongshanornithidae
†Jianchangornis
†Songlingornithidae
†Gansus
†Apsaravis
†Hesperornithes
†Ichthyornis
†Vegavis
Aves
The first large, diverse lineage of short-tailed avialans to evolve were the Enantiornithes, or ""opposite birds"", so named because the construction of their shoulder bones was in reverse to that of modern birds. Enantiornithes occupied a wide array of ecological niches, from sand-probing shorebirds and fish-eaters to tree-dwelling forms and seed-eaters. While they were the dominant group of avialans during the Cretaceous period, Enantiornithes became extinct along with many other dinosaur groups at the end of the Mesozoic era.[36][40]
Many species of the second major avialan lineage to diversify, the Euornithes (meaning ""true birds"", because they include the ancestors of modern birds), were semi-aquatic and specialised in eating fish and other small aquatic organisms. Unlike the Enantiornithes, which dominated land-based and arboreal habitats, most early euornithians lacked perching adaptations and likely included shorebird-like species, waders, and swimming and diving species.[41]
The latter included the superficially gull-like Ichthyornis[42] and the Hesperornithiformes, which became so well adapted to hunting fish in marine environments that they lost the ability to fly and became primarily aquatic.[36] The early euornithians also saw the development of many traits associated with modern birds, like strongly keeled breastbones, toothless, beaked portions of their jaws (though most non-avian euornithians retained teeth in other parts of the jaws).[43] Euornithes also included the first avialans to develop true pygostyle and a fully mobile fan of tail feathers,[44] which may have replaced the ""hind wing"" as the primary mode of aerial maneuverability and braking in flight.[35]
A study on mosaic evolution in the avian skull found that the last common ancestor of all Neornithes might have had a beak similar to that of the modern hook-billed vanga and a skull similar to that of the Eurasian golden oriole. As both species are small aerial and canopy foraging omnivores, a similar ecological niche was inferred for this hypothetical ancestor.[45]
(ratites and tinamous)
(landfowl and waterfowl)
(all other birds including perching birds)
Most studies agree on a Cretaceous age for the most recent common ancestor of modern birds but estimates range from the Early Cretaceous[46][47] to the latest Cretaceous.[48][49] Similarly, there is no agreement on whether most of the early diversification of modern birds occurred in the Cretaceous and associated with breakup of the supercontinent Gondwana or occurred later and potentially as a consequence of the Cretaceous–Palaeogene extinction event.[50] This disagreement is in part caused by a divergence in the evidence; most molecular dating studies suggests a Cretaceous evolutionary radiation, while fossil evidence points to a Cenozoic radiation (the so-called 'rocks' versus 'clocks' controversy).
The discovery in 2005 of Vegavis from the Maastrichtian, the last stage of the Late Cretaceous, proved that the diversification of modern birds started before the Cenozoic era.[51] The affinities of an earlier fossil, the possible galliform Austinornis lentus, dated to about 85 million years ago,[52] are still too controversial to provide a fossil evidence of modern bird diversification. In 2020, Asteriornis from the Maastrichtian was described, it appears to be a close relative of Galloanserae, the earliest diverging lineage within Neognathae.[1]
Attempts to reconcile molecular and fossil evidence using genomic-scale DNA data and comprehensive fossil information have not resolved the controversy.[48][53] However, a 2015 estimate that used a new method for calibrating molecular clocks confirmed that while modern birds originated early in the Late Cretaceous, likely in Western Gondwana, a pulse of diversification in all major groups occurred around the Cretaceous–Palaeogene extinction event.[4] Modern birds would have expanded from West Gondwana through two routes. One route was an Antarctic interchange in the Paleogene. The other route was probably via Paleocene land bridges between South America and North America, which allowed for the rapid expansion and diversification of Neornithes into the Holarctic and Paleotropics.[4] On the other hand, the occurrence of Asteriornis in the Northern Hemisphere suggest that Neornithes dispersed out of East Gondwana before the Paleocene.[1]
All modern birds lie within the crown group Aves (alternately Neornithes), which has two subdivisions: the Palaeognathae, which includes the flightless ratites (such as the ostriches) and the weak-flying tinamous, and the extremely diverse Neognathae, containing all other birds.[54] These two subdivisions have variously been given the rank of superorder,[55] cohort,[9] or infraclass.[56] The number of known living bird species is around 11,000[57][58] although sources may differ in their precise numbers.
Cladogram of modern bird relationships based on Stiller et al (2024).,[59] showing the 44 orders recognised by the IOC.[57]
Struthioniformes (ostriches)
Tinamiformes (tinamous)
Rheiformes (rheas)
Apterygiformes (kiwis)
Casuariiformes (emu and cassowaries)
Galliformes (chickens, pheasants, and relatives)
Anseriformes (ducks, geese, and relatives)
Phoenicopteriformes (flamingos)
Podicipediformes (grebes)
Columbiformes (pigeons and doves)
Mesitornithiformes (mesites)
Pterocliformes (sandgrouse)
Musophagiformes (turacos)
Otidiformes (bustards)
Cuculiformes (cuckoos)
Opisthocomiformes (hoatzin)
Gruiformes (rails and cranes)
Charadriiformes (waders, gulls, and relatives)
Caprimulgiformes (nightjars)
Nyctibiiformes (potoos)
Steatornithiformes (oilbirds)
Podargiformes (frogmouths)
Aegotheliformes (owlet-nightjars)
Apodiformes (swifts, treeswifts and hummingbirds)
Phaethontiformes (tropicbirds)
Eurypygiformes (sunbittern and kagu)
Gaviiformes (loons/divers)
Procellariiformes (albatrosses, shearwaters, and petrels)
Sphenisciformes (penguins)
Ciconiiformes (storks)
Suliformes (frigatebirds, gannets, cormorants, and darters)
Pelecaniformes (pelicans, herons and ibises)
Strigiformes (owls)
Accipitriformes (hawks, eagles, vultures, and relatives)
Coliiformes (mousebirds)
Leptosomiformes (cuckoo roller)
Trogoniformes (trogons)
Bucerotiformes (hornbills, hoopoes and relatives)
Coraciiformes (kingfishers, rollers, bee-eaters and relatives)
Piciformes (woodpeckers and relatives)
Cariamiformes (seriemas)
Falconiformes (falcons and caracaras)
Psittaciformes (parrots)
Passeriformes (passerines)
The classification of birds is a contentious issue. Sibley and Ahlquist's Phylogeny and Classification of Birds (1990) is a landmark work on the subject.[60] Most evidence seems to suggest the assignment of orders is accurate,[61] but scientists disagree about the relationships among the orders themselves; evidence from modern bird anatomy, fossils and DNA have all been brought to bear on the problem, but no strong consensus has emerged. Fossil and molecular evidence from the 2010s is providing an increasingly clear picture of the evolution of modern bird orders.[48][53]
In 2010, the genome had been sequenced for only two birds, the chicken and the zebra finch. As of 2022[update], the genomes of 542 species of birds had been completed. At least one genome has been sequenced from every order.[62][63] These include at least one species in about 90% of extant avian families (218 out of 236 families recognised by the Howard and Moore Checklist).[64]
Being able to sequence and compare whole genomes gives researchers many types of information, about genes, the DNA that regulates the genes, and their evolutionary history. This has led to reconsideration of some of the classifications that were based solely on the identification of protein-coding genes. Waterbirds such as pelicans and flamingos, for example, may have in common specific adaptations suited to their environment that were developed independently.[62][63]
Birds live and breed in most terrestrial habitats and on all seven continents, reaching their southern extreme in the snow petrel's breeding colonies up to 440 kilometres (270 mi) inland in Antarctica.[66] The highest bird diversity occurs in tropical regions. It was earlier thought that this high diversity was the result of higher speciation rates in the tropics; however studies from the 2000s found higher speciation rates in the high latitudes that were offset by greater extinction rates than in the tropics.[67] Many species migrate annually over great distances and across oceans; several families of birds have adapted to life both on the world's oceans and in them, and some seabird species come ashore only to breed,[68] while some penguins have been recorded diving up to 300 metres (980 ft) deep.[69]
Many bird species have established breeding populations in areas to which they have been introduced by humans. Some of these introductions have been deliberate; the ring-necked pheasant, for example, has been introduced around the world as a game bird.[70] Others have been accidental, such as the establishment of wild monk parakeets in several North American cities after their escape from captivity.[71] Some species, including cattle egret,[72] yellow-headed caracara[73] and galah,[74] have spread naturally far beyond their original ranges as agricultural expansion created alternative habitats although modern practices of intensive agriculture have negatively impacted farmland bird populations.[75]
Compared with other vertebrates, birds have a body plan that shows many unusual adaptations, mostly to facilitate flight.
The skeleton consists of very lightweight bones. They have large air-filled cavities (called pneumatic cavities) which connect with the respiratory system.[76] The skull bones in adults are fused and do not show cranial sutures.[77] The orbital cavities that house the eyeballs are large and separated from each other by a bony septum (partition). The spine has cervical, thoracic, lumbar and caudal regions with the number of cervical (neck) vertebrae highly variable and especially flexible, but movement is reduced in the anterior thoracic vertebrae and absent in the later vertebrae.[78] The last few are fused with the pelvis to form the synsacrum.[77] The ribs are flattened and the sternum is keeled for the attachment of flight muscles except in the flightless bird orders. The forelimbs are modified into wings.[79] The wings are more or less developed depending on the species; the only known groups that lost their wings are the extinct moa and elephant birds.[80]
Like reptiles, birds are primarily uricotelic; that is, their kidneys extract nitrogenous waste from their bloodstream and excrete it as uric acid, instead of urea or ammonia, through the ureters into the intestine. Birds do not have a urinary bladder or external urethral opening. With the exception of the ostrich, uric acid is excreted along with faeces as a semisolid waste.[81][82][83] However, birds such as hummingbirds can be facultatively ammonotelic, excreting most of the nitrogenous wastes as ammonia.[84] They also excrete creatine, rather than creatinine like mammals.[77] This material, as well as the output of the intestines, emerges from the bird's cloaca.[85][86] The cloaca is a multi-purpose opening: waste is expelled through it, most birds mate by joining cloaca, and females lay eggs from it. In addition, many species of birds regurgitate pellets.[87]
It is a common but not universal feature of altricial passerine nestlings (born helpless, under constant parental care) that instead of excreting directly into the nest, they produce a fecal sac. This is a mucus-covered pouch that allows parents to either dispose of the waste outside the nest or to recycle the waste through their own digestive system.[88]
Most male birds do not have intromittent penises.[89] Males within Palaeognathae (with the exception of the kiwis), the Anseriformes (with the exception of screamers), and in rudimentary forms in Galliformes (but fully developed in Cracidae) possess a penis, which is never present in Neoaves.[90][91] Its length is thought to be related to sperm competition[92] and it fills with lymphatic fluid instead of blood when erect.[93] When not copulating, it is hidden within the proctodeum compartment within the cloaca, just inside the vent. Female birds have sperm storage tubules[94] that allow sperm to remain viable long after copulation, a hundred days in some species.[95] Sperm from multiple males may compete through this mechanism. Most female birds have a single ovary and a single oviduct, both on the left side,[96] but there are exceptions: species in at least 16 different orders of birds have two ovaries. Even these species, however, tend to have a single oviduct.[96] It has been speculated that this might be an adaptation to flight, but males have two testes, and it is also observed that the gonads in both sexes decrease dramatically in size outside the breeding season.[97][98] Also, terrestrial birds generally have a single ovary, as does the platypus, an egg-laying mammal. A more likely explanation is that the egg develops a shell while passing through the oviduct over a period of about a day, so that if two eggs were to develop at the same time, there would be a risk to survival.[96] While rare, mostly abortive, parthenogenesis is not unknown in birds and eggs can be diploid, automictic and results in male offspring.[99]
Birds are solely gonochoric,[100] meaning they have two sexes: either female or male. The sex of birds follows the Z and W sex-determination system, where the ovum determines the sex of the offspring. Male birds have two Z chromosomes (ZZ), and female birds have a W chromosome and a Z chromosome (WZ).[77] In mammals, by contrast, the sperm determines the sex of the offspring in the X and Y sex-determination system. A complex system of disassortative mating with two morphs is involved in the white-throated sparrow Zonotrichia albicollis, where white- and tan-browed morphs of opposite sex pair, making it appear as if four sexes were involved since any individual is compatible with only a fourth of the population.[101]  In all species of birds, an individual's sex is determined at fertilisation. One 2007 study claimed to demonstrate temperature-dependent sex determination among the Australian brushturkey, for which higher temperatures during incubation resulted in a higher female-to-male sex ratio.[102] This, however, was later proven to not be the case. These birds do not exhibit temperature-dependent sex determination, but temperature-dependent sex mortality.[103]
Birds have one of the most complex respiratory systems of all animal groups.[77] Upon inhalation, 75% of the fresh air bypasses the lungs and flows directly into a posterior air sac which extends from the lungs and connects with air spaces in the bones and fills them with air. The other 25% of the air goes directly into the lungs. When the bird exhales, the used air flows out of the lungs and the stored fresh air from the posterior air sac is simultaneously forced into the lungs. Thus, a bird's lungs receive a constant supply of fresh air during both inhalation and exhalation.[104] Sound production is achieved using the syrinx, a muscular chamber incorporating multiple tympanic membranes which diverges from the lower end of the trachea;[105] the trachea being elongated in some species, increasing the volume of vocalisations and the perception of the bird's size.[106]
In birds, the main arteries taking blood away from the heart originate from the right aortic arch (or pharyngeal arch), unlike in the mammals where the left aortic arch forms this part of the aorta.[77] The postcava receives blood from the limbs via the renal portal system. Unlike in mammals, the circulating red blood cells in birds retain their nucleus.[107]
The avian circulatory system is driven by a four-chambered, myogenic heart contained in a fibrous pericardial sac. This pericardial sac is filled with a serous fluid for lubrication.[108] The heart itself is divided into a right and left half, each with an atrium and ventricle. The atrium and ventricles of each side are separated by atrioventricular valves which prevent back flow from one chamber to the next during contraction. Being myogenic, the heart's pace is maintained by pacemaker cells found in the sinoatrial node, located on the right atrium.[109]
The sinoatrial node uses calcium to cause a depolarising signal transduction pathway from the atrium through right and left atrioventricular bundle which communicates contraction to the ventricles. The avian heart also consists of muscular arches that are made up of thick bundles of muscular layers. Much like a mammalian heart, the avian heart is composed of endocardial, myocardial and epicardial layers.[108] The atrium walls tend to be thinner than the ventricle walls, due to the intense ventricular contraction used to pump oxygenated blood throughout the body. Avian hearts are generally larger than mammalian hearts when compared to body mass. This adaptation allows more blood to be pumped to meet the high metabolic need associated with flight.[110]
Birds have a very efficient system for diffusing oxygen into the blood; birds have a ten times greater surface area to gas exchange volume than mammals. As a result, birds have more blood in their capillaries per unit of volume of lung than a mammal.[110] The arteries are composed of thick elastic muscles to withstand the pressure of the ventricular contractions, and become more rigid as they move away from the heart. Blood moves through the arteries, which undergo vasoconstriction, and into arterioles which act as a transportation system to distribute primarily oxygen as well as nutrients to all tissues of the body. As the arterioles move away from the heart and into individual organs and tissues they are further divided to increase surface area and slow blood flow. Blood travels through the arterioles and moves into the capillaries where gas exchange can occur.[111]
Capillaries are organised into capillary beds in tissues; it is here that blood exchanges oxygen for carbon dioxide waste. In the capillary beds, blood flow is slowed to allow maximum diffusion of oxygen into the tissues. Once the blood has become deoxygenated, it travels through venules then veins and back to the heart. Veins, unlike arteries, are thin and rigid as they do not need to withstand extreme pressure. As blood travels through the venules to the veins a funneling occurs called vasodilation bringing blood back to the heart.[111] Once the blood reaches the heart, it moves first into the right atrium, then the right ventricle to be pumped through the lungs for further gas exchange of carbon dioxide waste for oxygen. Oxygenated blood then flows from the lungs through the left atrium to the left ventricle where it is pumped out to the body.[19]
The nervous system is large relative to the bird's size.[77] The most developed part of the brain of birds is the one that controls the flight-related functions, while the cerebellum coordinates movement and the cerebrum controls behaviour patterns, navigation, mating and nest building. Most birds have a poor sense of smell[112] with notable exceptions including kiwis,[113] New World vultures[114] and tubenoses.[115] The avian visual system is usually highly developed. Water birds have special flexible lenses, allowing accommodation for vision in air and water.[77] Some species also have dual fovea. Birds are tetrachromatic, possessing ultraviolet (UV) sensitive cone cells in the eye as well as green, red and blue ones.[116] They also have double cones, likely to mediate achromatic vision.[117]
Many birds show plumage patterns in ultraviolet that are invisible to the human eye; some birds whose sexes appear similar to the naked eye are distinguished by the presence of ultraviolet reflective patches on their feathers. Male blue tits have an ultraviolet reflective crown patch which is displayed in courtship by posturing and raising of their nape feathers.[118] Ultraviolet light is also used in foraging—kestrels have been shown to search for prey by detecting the UV fluorescent urine trail marks left on the ground by rodents.[119] With the exception of pigeons and a few other species,[120] the eyelids of birds are not used in blinking. Instead the eye is lubricated by the nictitating membrane, a third eyelid that moves horizontally.[121] The nictitating membrane also covers the eye and acts as a contact lens in many aquatic birds.[77] The bird retina has a fan shaped blood supply system called the pecten.[77]
Eyes of most birds are large, not very round and capable of only limited movement in the orbits,[77] typically 10–20°.[122] Birds with eyes on the sides of their heads have a wide visual field, while birds with eyes on the front of their heads, such as owls, have binocular vision and can estimate the depth of field.[122][123] The avian ear lacks external pinnae but is covered by feathers, although in some birds, such as the Asio, Bubo and Otus owls, these feathers form tufts which resemble ears. The inner ear has a cochlea, but it is not a spiral as in mammals.[124] Several species have been demonstrated to hear infrasound (below 20 Hz)[125] and a few cave-dwelling swifts and oilbirds emit ultrasound (above 20 kHz) and echolocate in darkness.[126]
A few species are able to use chemical defences against predators; some Procellariiformes can eject an unpleasant stomach oil against an aggressor,[127] and some species of pitohuis from New Guinea have a powerful neurotoxin in their skin and feathers.[128]
A lack of field observations limit our knowledge, but intraspecific conflicts are known to sometimes result in injury or death.[129] The screamers (Anhimidae), some jacanas (Jacana, Hydrophasianus), the spur-winged goose (Plectropterus), the torrent duck (Merganetta) and nine species of lapwing (Vanellus) use a sharp spur on the wing as a weapon. The steamer ducks (Tachyeres), geese and swans (Anserinae), the solitaire (Pezophaps), sheathbills (Chionis), some guans (Crax) and stone curlews (Burhinus) use a bony knob on the alular metacarpal to punch and hammer opponents.[129] The jacanas Actophilornis and Irediparra have an expanded, blade-like radius. The extinct Xenicibis was unique in having an elongate forelimb and massive hand which likely functioned in combat or defence as a jointed club or flail. Swans, for instance, may strike with the bony spurs and bite when defending eggs or young.[129]
Feathers are a feature characteristic of birds (though also present in some dinosaurs not currently considered to be true birds). They facilitate flight, provide insulation that aids in thermoregulation, and are used in display, camouflage, and signalling.[77] There are several types of feathers, each serving its own set of purposes. Feathers are epidermal growths attached to the skin and arise only in specific tracts of skin called pterylae. The distribution pattern of these feather tracts (pterylosis) is used in taxonomy and systematics. The arrangement and appearance of feathers on the body, called plumage, may vary within species by age, social status,[130] and sex.[131]
Plumage is regularly moulted; the standard plumage of a bird that has moulted after breeding is known as the ""non-breeding"" plumage, or—in the Humphrey–Parkes terminology—""basic"" plumage; breeding plumages or variations of the basic plumage are known under the Humphrey–Parkes system as ""alternate"" plumages.[132] Moulting is annual in most species, although some may have two moults a year, and large birds of prey may moult only once every few years. Moulting patterns vary across species. In passerines, flight feathers are replaced one at a time with the innermost primary being the first. When the fifth of sixth primary is replaced, the outermost tertiaries begin to drop. After the innermost tertiaries are moulted, the secondaries starting from the innermost begin to drop and this proceeds to the outer feathers (centrifugal moult). The greater primary coverts are moulted in synchrony with the primary that they overlap.[133]
A small number of species, such as ducks and geese, lose all of their flight feathers at once, temporarily becoming flightless.[134] As a general rule, the tail feathers are moulted and replaced starting with the innermost pair.[133] Centripetal moults of tail feathers are however seen in the Phasianidae.[135] The centrifugal moult is modified in the tail feathers of woodpeckers and treecreepers, in that it begins with the second innermost pair of feathers and finishes with the central pair of feathers so that the bird maintains a functional climbing tail.[133][136] The general pattern seen in passerines is that the primaries are replaced outward, secondaries inward, and the tail from centre outward.[137] Before nesting, the females of most bird species gain a bare brood patch by losing feathers close to the belly. The skin there is well supplied with blood vessels and helps the bird in incubation.[138]
Feathers require maintenance and birds preen or groom them daily, spending an average of around 9% of their daily time on this.[139] The bill is used to brush away foreign particles and to apply waxy secretions from the uropygial gland; these secretions protect the feathers' flexibility and act as an antimicrobial agent, inhibiting the growth of feather-degrading bacteria.[140] This may be supplemented with the secretions of formic acid from ants, which birds receive through a behaviour known as anting, to remove feather parasites.[141]
The scales of birds are composed of the same keratin as beaks, claws, and spurs. They are found mainly on the toes and metatarsus, but may be found further up on the ankle in some birds. Most bird scales do not overlap significantly, except in the cases of kingfishers and woodpeckers. The scales of birds are thought to be homologous to those of reptiles and mammals.[142]
Most birds can fly, which distinguishes them from almost all other vertebrate classes. Flight is the primary means of locomotion for most bird species and is used for searching for food and for escaping from predators. Birds have various adaptations for flight, including a lightweight skeleton, two large flight muscles, the pectoralis (which accounts for 15% of the total mass of the bird) and the supracoracoideus, as well as a modified forelimb (wing) that serves as an aerofoil.[77]
Wing shape and size generally determine a bird's flight style and performance; many birds combine powered, flapping flight with less energy-intensive soaring flight. About 60 extant bird species are flightless, as were many extinct birds.[143] Flightlessness often arises in birds on isolated islands, most likely due to limited resources and the absence of mammalian land predators.[144] Flightlessness is almost exclusively correlated with gigantism due to an island's inherent condition of isolation.[145][146] Although flightless, penguins use similar musculature and movements to ""fly"" through the water, as do some flight-capable birds such as auks, shearwaters and dippers.[147]
Most birds are diurnal, but some birds, such as many species of owls and nightjars, are nocturnal or crepuscular (active during twilight hours), and many coastal waders feed when the tides are appropriate, by day or night.[148]
Birds' diets are varied and often include nectar, fruit, plants, seeds, carrion, and various small animals, including other birds.[77] The digestive system of birds is unique, with a crop for storage and a gizzard that contains swallowed stones for grinding food to compensate for the lack of teeth.[149] Some species such as pigeons and some psittacine species do not have a gallbladder.[150] Most birds are highly adapted for rapid digestion to aid with flight.[151] Some migratory birds have adapted to use protein stored in many parts of their bodies, including protein from the intestines, as additional energy during migration.[152]
Birds that employ many strategies to obtain food or feed on a variety of food items are called generalists, while others that concentrate time and effort on specific food items or have a single strategy to obtain food are considered specialists.[77] Avian foraging strategies can vary widely by species. Many birds glean for insects, invertebrates, fruit, or seeds. Some hunt insects by suddenly attacking from a branch. Those species that seek pest insects are considered beneficial 'biological control agents' and their presence encouraged in biological pest control programmes.[153] Combined, insectivorous birds eat 400–500 million metric tons of arthropods annually.[154]
Nectar feeders such as hummingbirds, sunbirds, lories, and lorikeets amongst others have specially adapted brushy tongues and in many cases bills designed to fit co-adapted flowers.[155] Kiwis and shorebirds with long bills probe for invertebrates; shorebirds' varied bill lengths and feeding methods result in the separation of ecological niches.[77][156] Divers, diving ducks, penguins and auks pursue their prey underwater, using their wings or feet for propulsion,[68] while aerial predators such as sulids, kingfishers and terns plunge dive after their prey. Flamingos, three species of prion, and some ducks are filter feeders.[157][158] Geese and dabbling ducks are primarily grazers.[159][160]
Some species, including frigatebirds, gulls,[161] and skuas,[162] engage in kleptoparasitism, stealing food items from other birds. Kleptoparasitism is thought to be a supplement to food obtained by hunting, rather than a significant part of any species' diet; a study of great frigatebirds stealing from masked boobies estimated that the frigatebirds stole at most 40% of their food and on average stole only 5%.[163] Other birds are scavengers; some of these, like vultures, are specialised carrion eaters, while others, like gulls, corvids, or other birds of prey, are opportunists.[164]
Water is needed by many birds although their mode of excretion and lack of sweat glands reduces the physiological demands.[165] Some desert birds can obtain their water needs entirely from moisture in their food. Some have other adaptations such as allowing their body temperature to rise, saving on moisture loss from evaporative cooling or panting.[166] Seabirds can drink seawater and have salt glands inside the head that eliminate excess salt out of the nostrils.[167]
Most birds scoop water in their beaks and raise their head to let water run down the throat. Some species, especially of arid zones, belonging to the pigeon, finch, mousebird, button-quail and bustard families are capable of sucking up water without the need to tilt back their heads.[168] Some desert birds depend on water sources and sandgrouse are particularly well known for congregating daily at waterholes. Nesting sandgrouse and many plovers carry water to their young by wetting their belly feathers.[169] Some birds carry water for chicks at the nest in their crop or regurgitate it along with food. The pigeon family, flamingos and penguins have adaptations to produce a nutritive fluid called crop milk that they provide to their chicks.[170]
Many bird species migrate to take advantage of global differences of seasonal temperatures, therefore optimising availability of food sources and breeding habitat. These migrations vary among the different groups. Many landbirds, shorebirds, and waterbirds undertake annual long-distance migrations, usually triggered by the length of daylight as well as weather conditions. These birds are characterised by a breeding season spent in the temperate or polar regions and a non-breeding season in the tropical regions or opposite hemisphere. Before migration, birds substantially increase body fats and reserves and reduce the size of some of their organs.[171][172]
Migration is highly demanding energetically, particularly as birds need to cross deserts and oceans without refuelling. Landbirds have a flight range of around 2,500 km (1,600 mi) and shorebirds can fly up to 4,000 km (2,500 mi),[77] although the bar-tailed godwit is capable of non-stop flights of up to 10,200 km (6,300 mi).[173] Some seabirds undertake long migrations, with the longest annual migrations including those of Arctic terns, which were recorded travelling an average of 70,900 km (44,100 mi) between their Arctic breeding grounds in Greenland and Iceland and their wintering grounds in Antarctica, with one bird covering 81,600 km (50,700 mi),[174] and sooty shearwaters, which nest in New Zealand and Chile and make annual round trips of 64,000 km (39,800 mi) to their summer feeding grounds in the North Pacific off Japan, Alaska and California.[175]
Other seabirds disperse after breeding, travelling widely but having no set migration route. Albatrosses nesting in the Southern Ocean often undertake circumpolar trips between breeding seasons.[176]
Some bird species undertake shorter migrations, travelling only as far as is required to avoid bad weather or obtain food. Irruptive species such as the boreal finches are one such group and can commonly be found at a location in one year and absent the next. This type of migration is normally associated with food availability.[177] Species may also travel shorter distances over part of their range, with individuals from higher latitudes travelling into the existing range of conspecifics; others undertake partial migrations, where only a fraction of the population, usually females and subdominant males, migrates.[178] Partial migration can form a large percentage of the migration behaviour of birds in some regions; in Australia, surveys found that 44% of non-passerine birds and 32% of passerines were partially migratory.[179]
Altitudinal migration is a form of short-distance migration in which birds spend the breeding season at higher altitudes and move to lower ones during suboptimal conditions. It is most often triggered by temperature changes and usually occurs when the normal territories also become inhospitable due to lack of food.[180] Some species may also be nomadic, holding no fixed territory and moving according to weather and food availability. Parrots as a family are overwhelmingly neither migratory nor sedentary but considered to either be dispersive, irruptive, nomadic or undertake small and irregular migrations.[181]
The ability of birds to return to precise locations across vast distances has been known for some time; in an experiment conducted in the 1950s, a Manx shearwater released in Boston in the United States returned to its colony in Skomer, in Wales within 13 days, a distance of 5,150 km (3,200 mi).[182] Birds navigate during migration using a variety of methods. For diurnal migrants, the sun is used to navigate by day, and a stellar compass is used at night. Birds that use the sun compensate for the changing position of the sun during the day by the use of an internal clock.[77] Orientation with the stellar compass depends on the position of the constellations surrounding Polaris.[183] These are backed up in some species by their ability to sense the Earth's geomagnetism through specialised photoreceptors.[184]
Birds communicate primarily using visual and auditory signals. Signals can be interspecific (between species) and intraspecific (within species).
Birds sometimes use plumage to assess and assert social dominance,[185] to display breeding condition in sexually selected species, or to make threatening displays, as in the sunbittern's mimicry of a large predator to ward off hawks and protect young chicks.[186]
Visual communication among birds may also involve ritualised displays, which have developed from non-signalling actions such as preening, the adjustments of feather position, pecking, or other behaviour. These displays may signal aggression or submission or may contribute to the formation of pair-bonds.[77] The most elaborate displays occur during courtship, where ""dances"" are often formed from complex combinations of many possible component movements;[187] males' breeding success may depend on the quality of such displays.[188]
Bird calls and songs, which are produced in the syrinx, are the major means by which birds communicate with sound. This communication can be very complex; some species can operate the two sides of the syrinx independently, allowing the simultaneous production of two different songs.[105] Calls are used for a variety of purposes, including mate attraction,[77] evaluation of potential mates,[189] bond formation, the claiming and maintenance of territories,[77][190] the identification of other individuals (such as when parents look for chicks in colonies or when mates reunite at the start of breeding season),[191] and the warning of other birds of potential predators, sometimes with specific information about the nature of the threat.[192] Some birds also use mechanical sounds for auditory communication. The Coenocorypha snipes of New Zealand drive air through their feathers,[193] woodpeckers drum for long-distance communication,[194] and palm cockatoos use tools to drum.[195]
While some birds are essentially territorial or live in small family groups, other birds may form large flocks. The principal benefits of flocking are safety in numbers and increased foraging efficiency.[77] Defence against predators is particularly important in closed habitats like forests, where ambush predation is common and multiple eyes can provide a valuable early warning system. This has led to the development of many mixed-species feeding flocks, which are usually composed of small numbers of many species; these flocks provide safety in numbers but increase potential competition for resources.[197] Costs of flocking include bullying of socially subordinate birds by more dominant birds and the reduction of feeding efficiency in certain cases.[198] Some species have a mixed system with breeding pairs maintaining territories, while unmated or young birds live in flocks where they secure mates prior to finding territories.[199]
Birds sometimes also form associations with non-avian species. Plunge-diving seabirds associate with dolphins and tuna, which push shoaling fish towards the surface.[200] Some species of hornbills have a mutualistic relationship with dwarf mongooses, in which they forage together and warn each other of nearby birds of prey and other predators.[201]
The high metabolic rates of birds during the active part of the day is supplemented by rest at other times. Sleeping birds often use a type of sleep known as vigilant sleep, where periods of rest are interspersed with quick eye-opening ""peeks"", allowing them to be sensitive to disturbances and enable rapid escape from threats.[202] Swifts are believed to be able to sleep in flight and radar observations suggest that they orient themselves to face the wind in their roosting flight.[203] It has been suggested that there may be certain kinds of sleep which are possible even when in flight.[204]
Some birds have also demonstrated the capacity to fall into slow-wave sleep one hemisphere of the brain at a time. The birds tend to exercise this ability depending upon its position relative to the outside of the flock. This may allow the eye opposite the sleeping hemisphere to remain vigilant for predators by viewing the outer margins of the flock. This adaptation is also known from marine mammals.[205] Communal roosting is common because it lowers the loss of body heat and decreases the risks associated with predators.[206] Roosting sites are often chosen with regard to thermoregulation and safety.[207] Unusual mobile roost sites include large herbivores on the African savanna that are used by oxpeckers.[208]
Many sleeping birds bend their heads over their backs and tuck their bills in their back feathers, although others place their beaks among their breast feathers. Many birds rest on one leg, while some may pull up their legs into their feathers, especially in cold weather. Perching birds have a tendon-locking mechanism that helps them hold on to the perch when they are asleep. Many ground birds, such as quails and pheasants, roost in trees. A few parrots of the genus Loriculus roost hanging upside down.[209] Some hummingbirds go into a nightly state of torpor accompanied with a reduction of their metabolic rates.[210] This physiological adaptation shows in nearly a hundred other species, including owlet-nightjars, nightjars, and woodswallows. One species, the common poorwill, even enters a state of hibernation.[211] Birds do not have sweat glands, but can lose water directly through the skin, and they may cool themselves by moving to shade, standing in water, panting, increasing their surface area, fluttering their throat or using special behaviours like urohidrosis to cool themselves.[212][213]
95 per cent of bird species are socially monogamous. These species pair for at least the length of the breeding season or—in some cases—for several years or until the death of one mate.[215] Monogamy allows for both paternal care and biparental care, which is especially important for species in which care from both the female and the male parent is required in order to successfully rear a brood.[216] Among many socially monogamous species, extra-pair copulation (infidelity) is common.[217] Such behaviour typically occurs between dominant males and females paired with subordinate males, but may also be the result of forced copulation in ducks and other anatids.[218]
For females, possible benefits of extra-pair copulation include getting better genes for her offspring and insuring against the possibility of infertility in her mate.[219] Males of species that engage in extra-pair copulations will closely guard their mates to ensure the parentage of the offspring that they raise.[220]
Other mating systems, including polygyny, polyandry, polygamy, polygynandry, and promiscuity, also occur.[77] Polygamous breeding systems arise when females are able to raise broods without the help of males.[77] Mating systems vary across bird families[221] but variations within species are thought to be driven by environmental conditions.[222] A unique system is the formation of trios where a third individual is allowed by a breeding pair temporarily into the territory to assist with brood raising thereby leading to higher fitness.[223][190]
Breeding usually involves some form of courtship display, typically performed by the male.[224] Most displays are rather simple and involve some type of song. Some displays, however, are quite elaborate. Depending on the species, these may include wing or tail drumming, dancing, aerial flights, or communal lekking. Females are generally the ones that drive partner selection,[225] although in the polyandrous phalaropes, this is reversed: plainer males choose brightly coloured females.[226] Courtship feeding, billing and allopreening are commonly performed between partners, generally after the birds have paired and mated.[227]
Homosexual behaviour has been observed in males or females in numerous species of birds, including copulation, pair-bonding, and joint parenting of chicks.[228] Over 130 avian species around the world engage in sexual interactions between the same sex or homosexual behaviours. ""Same-sex courtship activities may involve elaborate displays, synchronised dances, gift-giving ceremonies, or behaviours at specific display areas including bowers, arenas, or leks.""[229]
Many birds actively defend a territory from others of the same species during the breeding season; maintenance of territories protects the food source for their chicks. Species that are unable to defend feeding territories, such as seabirds and swifts, often breed in colonies instead; this is thought to offer protection from predators. Colonial breeders defend small nesting sites, and competition between and within species for nesting sites can be intense.[230]
All birds lay amniotic eggs with hard shells made mostly of calcium carbonate.[77] Hole and burrow nesting species tend to lay white or pale eggs, while open nesters lay camouflaged eggs. There are many exceptions to this pattern, however; the ground-nesting nightjars have pale eggs, and camouflage is instead provided by their plumage. Species that are victims of brood parasites have varying egg colours to improve the chances of spotting a parasite's egg, which forces female parasites to match their eggs to those of their hosts.[231]
Bird eggs are usually laid in a nest. Most species create somewhat elaborate nests, which can be cups, domes, plates, mounds, or burrows.[232] Some bird nests can be a simple scrape, with minimal or no lining; most seabird and wader nests are no more than a scrape on the ground. Most birds build nests in sheltered, hidden areas to avoid predation, but large or colonial birds—which are more capable of defence—may build more open nests. During nest construction, some species seek out plant matter from plants with parasite-reducing toxins to improve chick survival,[233] and feathers are often used for nest insulation.[232] Some bird species have no nests; the cliff-nesting common guillemot lays its eggs on bare rock, and male emperor penguins keep eggs between their body and feet. The absence of nests is especially prevalent in open habitat ground-nesting species where any addition of nest material would make the nest more conspicuous. Many ground nesting birds lay a clutch of eggs that hatch synchronously, with precocial chicks led away from the nests (nidifugous) by their parents soon after hatching.[234]
Incubation, which regulates temperature for chick development, usually begins after the last egg has been laid.[77] In monogamous species incubation duties are often shared, whereas in polygamous species one parent is wholly responsible for incubation. Warmth from parents passes to the eggs through brood patches, areas of bare skin on the abdomen or breast of the incubating birds. Incubation can be an energetically demanding process; adult albatrosses, for instance, lose as much as 83 grams (2.9 oz) of body weight per day of incubation.[235] The warmth for the incubation of the eggs of megapodes comes from the sun, decaying vegetation or volcanic sources.[236] Incubation periods range from 10 days (in woodpeckers, cuckoos and passerine birds) to over 80 days (in albatrosses and kiwis).[77]
The diversity of characteristics of birds is great, sometimes even in closely related species. Several avian characteristics are compared in the table below.[237][238]
At the time of their hatching, chicks range in development from helpless to independent, depending on their species. Helpless chicks are termed altricial, and tend to be born small, blind, immobile and naked; chicks that are mobile and feathered upon hatching are termed precocial. Altricial chicks need help thermoregulating and must be brooded for longer than precocial chicks. The young of many bird species do not precisely fit into either the precocial or altricial category, having some aspects of each and thus fall somewhere on an ""altricial-precocial spectrum"".[239] Chicks at neither extreme but favouring one or the other may be termed semi-precocial[240] or semi-altricial.[241]
The length and nature of parental care varies widely amongst different orders and species. At one extreme, parental care in megapodes ends at hatching; the newly hatched chick digs itself out of the nest mound without parental assistance and can fend for itself immediately.[242] At the other extreme, many seabirds have extended periods of parental care, the longest being that of the great frigatebird, whose chicks take up to six months to fledge and are fed by the parents for up to an additional 14 months.[243] The chick guard stage describes the period of breeding during which one of the adult birds is permanently present at the nest after chicks have hatched. The main purpose of the guard stage is to aid offspring to thermoregulate and protect them from predation.[244]
In some species, both parents care for nestlings and fledglings; in others, such care is the responsibility of only one sex. In some species, other members of the same species—usually close relatives of the breeding pair, such as offspring from previous broods—will help with the raising of the young.[245] Such alloparenting is particularly common among the Corvida, which includes such birds as the true crows, Australian magpie and fairy-wrens,[246] but has been observed in species as different as the rifleman and red kite. Among most groups of animals, male parental care is rare. In birds, however, it is quite common—more so than in any other vertebrate class.[77] Although territory and nest site defence, incubation, and chick feeding are often shared tasks, there is sometimes a division of labour in which one mate undertakes all or most of a particular duty.[247]
The point at which chicks fledge varies dramatically. The chicks of the Synthliboramphus murrelets, like the ancient murrelet, leave the nest the night after they hatch, following their parents out to sea, where they are raised away from terrestrial predators.[248] Some other species, such as ducks, move their chicks away from the nest at an early age. In most species, chicks leave the nest just before, or soon after, they are able to fly. The amount of parental care after fledging varies; albatross chicks leave the nest on their own and receive no further help, while other species continue some supplementary feeding after fledging.[249] Chicks may also follow their parents during their first migration.[250]
Brood parasitism, in which an egg-layer leaves her eggs with another individual's brood, is more common among birds than any other type of organism.[251] After a parasitic bird lays her eggs in another bird's nest, they are often accepted and raised by the host at the expense of the host's own brood. Brood parasites may be either obligate brood parasites, which must lay their eggs in the nests of other species because they are incapable of raising their own young, or non-obligate brood parasites, which sometimes lay eggs in the nests of conspecifics to increase their reproductive output even though they could have raised their own young.[252] One hundred bird species, including honeyguides, icterids, and ducks, are obligate parasites, though the most famous are the cuckoos.[251] Some brood parasites are adapted to hatch before their host's young, which allows them to destroy the host's eggs by pushing them out of the nest or to kill the host's chicks; this ensures that all food brought to the nest will be fed to the parasitic chicks.[253]
Birds have evolved a variety of mating behaviours, with the peacock tail being perhaps the most famous example of sexual selection and the Fisherian runaway. Commonly occurring sexual dimorphisms such as size and colour differences are energetically costly attributes that signal competitive breeding situations.[254] Many types of avian sexual selection have been identified; intersexual selection, also known as female choice; and intrasexual competition, where individuals of the more abundant sex compete with each other for the privilege to mate. Sexually selected traits often evolve to become more pronounced in competitive breeding situations until the trait begins to limit the individual's fitness. Conflicts between an individual fitness and signalling adaptations ensure that sexually selected ornaments such as plumage colouration and courtship behaviour are ""honest"" traits. Signals must be costly to ensure that only good-quality individuals can present these exaggerated sexual ornaments and behaviours.[255]
Inbreeding causes early death (inbreeding depression) in the zebra finch Taeniopygia guttata.[256] Embryo survival (that is, hatching success of fertile eggs) was significantly lower for sib-sib mating pairs than for unrelated pairs.[257]
Darwin's finch Geospiza scandens experiences inbreeding depression (reduced survival of offspring) and the magnitude of this effect is influenced by environmental conditions such as low food availability.[258]
Incestuous matings by the purple-crowned fairy wren Malurus coronatus result in severe fitness costs due to inbreeding depression (greater than 30% reduction in hatchability of eggs).[259] Females paired with related males may undertake extra pair matings (see Promiscuity#Other animals for 90% frequency in avian species) that can reduce the negative effects of inbreeding. However, there are ecological and demographic constraints on extra pair matings. Nevertheless, 43% of broods produced by incestuously paired females contained extra pair young.[259]
Inbreeding depression occurs in the great tit (Parus major) when the offspring produced as a result of a mating between close relatives show reduced fitness. In natural populations of Parus major, inbreeding is avoided by dispersal of individuals from their birthplace, which reduces the chance of mating with a close relative.[260]
Southern pied babblers Turdoides bicolor appear to avoid inbreeding in two ways. The first is through dispersal, and the second is by avoiding familiar group members as mates.[261]
Cooperative breeding in birds typically occurs when offspring, usually males, delay dispersal from their natal group in order to remain with the family to help rear younger kin.[262] Female offspring rarely stay at home, dispersing over distances that allow them to breed independently, or to join unrelated groups. In general, inbreeding is avoided because it leads to a reduction in progeny fitness (inbreeding depression) due largely to the homozygous expression of deleterious recessive alleles.[263] Cross-fertilisation between unrelated individuals ordinarily leads to the masking of deleterious recessive alleles in progeny.[264][265]
Birds occupy a wide range of ecological positions.[196] While some birds are generalists, others are highly specialised in their habitat or food requirements. Even within a single habitat, such as a forest, the niches occupied by different species of birds vary, with some species feeding in the forest canopy, others beneath the canopy, and still others on the forest floor. Forest birds may be insectivores, frugivores, or nectarivores. Aquatic birds generally feed by fishing, plant eating, and piracy or kleptoparasitism. Many grassland birds are granivores. Birds of prey specialise in hunting mammals or other birds, while vultures are specialised scavengers. Birds are also preyed upon by a range of mammals including a few avivorous bats.[266] A wide range of endo- and ectoparasites depend on birds and some parasites that are transmitted from parent to young have co-evolved and show host-specificity.[267]
Some nectar-feeding birds are important pollinators, and many frugivores play a key role in seed dispersal.[268] Plants and pollinating birds often coevolve,[269] and in some cases a flower's primary pollinator is the only species capable of reaching its nectar.[270]
Birds are often important to island ecology. Birds have frequently reached islands that mammals have not; on those islands, birds may fulfil ecological roles typically played by larger animals. For example, in New Zealand nine species of moa were important browsers, as are the kererū and kōkako today.[268] Today the plants of New Zealand retain the defensive adaptations evolved to protect them from the extinct moa.[271]
Many birds act as ecosystem engineers through the construction of nests, which provide important microhabitats and food for hundreds of species of invertebrates.[272][273] Nesting seabirds may affect the ecology of islands and surrounding seas, principally through the concentration of large quantities of guano, which may enrich the local soil[274] and the surrounding seas.[275]
A wide variety of avian ecology field methods, including counts, nest monitoring, and capturing and marking, are used for researching avian ecology.[276]
Since birds are highly visible and common animals, humans have had a relationship with them since the dawn of man.[277] Sometimes, these relationships are mutualistic, like the cooperative honey-gathering among honeyguides and African peoples such as the Borana.[278] Other times, they may be commensal, as when species such as the house sparrow[279] have benefited from human activities. Several species have reconciled to habits of farmers who practice traditional farming. Examples include the Sarus Crane that begins nesting in India when farmers flood the fields in anticipation of rains,[280] and the woolly-necked storks that have taken to nesting on a short tree grown for agroforestry beside fields and canals.[281] Several bird species have become commercially significant agricultural pests,[282] and some pose an aviation hazard.[283] Human activities can also be detrimental, and have threatened numerous bird species with extinction (hunting, avian lead poisoning, pesticides, roadkill, wind turbine kills[284] and predation by pet cats and dogs are common causes of death for birds).[285]
Birds can act as vectors for spreading diseases such as psittacosis, salmonellosis, campylobacteriosis, mycobacteriosis (avian tuberculosis), avian influenza (bird flu), giardiasis, and cryptosporidiosis over long distances. Some of these are zoonotic diseases that can also be transmitted to humans.[286]
Domesticated birds raised for meat and eggs, called poultry, are the largest source of animal protein eaten by humans; in 2003, 76 million tons of poultry and 61 million tons of eggs were produced worldwide.[287] Chickens account for much of human poultry consumption, though domesticated turkeys, ducks, and geese are also relatively common.[288] Many species of birds are also hunted for meat. Bird hunting is primarily a recreational activity except in extremely undeveloped areas. The most important birds hunted in North and South America are waterfowl; other widely hunted birds include pheasants, wild turkeys, quail, doves, partridge, grouse, snipe, and woodcock.[289] Muttonbirding is also popular in Australia and New Zealand.[290] Although some hunting, such as that of muttonbirds, may be sustainable, hunting has led to the extinction or endangerment of dozens of species.[291]
Other commercially valuable products from birds include feathers (especially the down of geese and ducks), which are used as insulation in clothing and bedding, and seabird faeces (guano), which is a valuable source of phosphorus and nitrogen. The War of the Pacific, sometimes called the Guano War, was fought in part over the control of guano deposits.[292]
Birds have been domesticated by humans both as pets and for practical purposes. Colourful birds, such as parrots and mynas, are bred in captivity or kept as pets, a practice that has led to the illegal trafficking of some endangered species.[293] Falcons and cormorants have long been used for hunting and fishing, respectively. Messenger pigeons, used since at least 1 AD, remained important as recently as World War II. Today, such activities are more common either as hobbies, for entertainment and tourism.[294]
Amateur bird enthusiasts (called birdwatchers, twitchers or, more commonly, birders) number in the millions.[295] Many homeowners erect bird feeders near their homes to attract various species. Bird feeding has grown into a multimillion-dollar industry; for example, an estimated 75% of households in Britain provide food for birds at some point during the winter.[296]
Birds play prominent and diverse roles in religion and mythology.
In religion, birds may serve as either messengers or priests and leaders for a deity, such as in the Cult of Makemake, in which the Tangata manu of Easter Island served as chiefs[297] or as attendants, as in the case of Hugin and Munin, the two common ravens who whispered news into the ears of the Norse god Odin. In several civilisations of ancient Italy, particularly Etruscan and Roman religion, priests were involved in augury, or interpreting the words of birds while the ""auspex"" (from which the word ""auspicious"" is derived) watched their activities to foretell events.[298]
They may also serve as religious symbols, as when Jonah (Hebrew: יונה, dove) embodied the fright, passivity, mourning, and beauty traditionally associated with doves.[299] Birds have themselves been deified, as in the case of the common peacock, which is perceived as Mother Earth by the people of southern India.[300] In the ancient world, doves were used as symbols of the Mesopotamian goddess Inanna (later known as Ishtar),[301][302] the Canaanite mother goddess Asherah,[301][302][303] and the Greek goddess Aphrodite.[301][302][304][305][306] In ancient Greece, Athena, the goddess of wisdom and patron deity of the city of Athens, had a little owl as her symbol.[307][308][309] In religious images preserved from the Inca and Tiwanaku empires, birds are depicted in the process of transgressing boundaries between earthly and underground spiritual realms.[310] Indigenous peoples of the central Andes maintain legends of birds passing to and from metaphysical worlds.[310]
Birds have featured in culture and art since prehistoric times, when they were represented in early cave painting[311] and carvings.[312] Some birds have been perceived as monsters, including the mythological Roc and the Māori's legendary Pouākai, a giant bird capable of snatching humans.[313] Birds were later used as symbols of power, as in the magnificent Peacock Throne of the Mughal and Persian emperors.[314] With the advent of scientific interest in birds, many paintings of birds were commissioned for books.[315][316]
Among the most famous of these bird artists was John James Audubon, whose paintings of North American birds were a great commercial success in Europe and who later lent his name to the National Audubon Society.[317] Birds are also important figures in poetry; for example, Homer incorporated nightingales into his Odyssey, and Catullus used a sparrow as an erotic symbol in his Catullus 2.[318] The relationship between an albatross and a sailor is the central theme of Samuel Taylor Coleridge's The Rime of the Ancient Mariner, which led to the use of the term as a metaphor for a 'burden'.[319] Other English metaphors derive from birds; vulture funds and vulture investors, for instance, take their name from the scavenging vulture.[320] Aircraft, particularly military aircraft, are frequently named after birds. The predatory nature of raptors make them popular choices for fighter aircraft such as the F-16 Fighting Falcon and the Harrier Jump Jet, while the names of seabirds may be chosen for aircraft primarily used by naval forces such as the HU-16 Albatross and the V-22 Osprey.
Perceptions of bird species vary across cultures. Owls are associated with bad luck, witchcraft, and death in parts of Africa,[321] but are regarded as wise across much of Europe.[322] Hoopoes were considered sacred in Ancient Egypt and symbols of virtue in Persia, but were thought of as thieves across much of Europe and harbingers of war in Scandinavia.[323] In heraldry, birds, especially eagles, often appear in coats of arms[324] In vexillology, birds are a popular choice on flags. Birds feature in the flag designs of 17 countries and numerous subnational entities and territories.[325] Birds are used by nations to symbolise a country's identity and heritage, with 91 countries officially recognising a national bird. Birds of prey are highly represented, though some nations have chosen other species of birds with parrots being popular among smaller, tropical nations.[326]
In music, birdsong has influenced composers and musicians in several ways: they can be inspired by birdsong; they can intentionally imitate bird song in a composition, as Vivaldi, Messiaen, and Beethoven did, along with many later composers; they can incorporate recordings of birds into their works, as Ottorino Respighi first did; or like Beatrice Harrison and David Rothenberg, they can duet with birds.[327][328][329][330]
A 2023 archaeological excavation of a 10,000-year-old site in Israel yielded hollow wing bones of coots and ducks with perforations made on the side that are thought to have allowed them to be used as flutes or whistles possibly used by Natufian people to lure birds of prey.[331]
Human activities have caused population decreases or extinction in many bird species. Over a hundred bird species have gone extinct in historical times,[332] although the most dramatic human-caused avian extinctions, eradicating an estimated 750–1800 species, occurred during the human colonisation of Melanesian, Polynesian, and Micronesian islands.[333] Many bird populations are declining worldwide, with 1,227 species listed as threatened by BirdLife International and the IUCN in 2009.[334][335] There have been long-term declines in North American bird populations, with an estimated loss of 2.9 billion breeding adults, about 30% of the total, since 1970.[336][337]
The most commonly cited human threat to birds is habitat loss.[338] Other threats include overhunting, accidental mortality due to collisions with buildings or vehicles, long-line fishing bycatch,[339] pollution (including oil spills and pesticide use),[340] competition and predation from nonnative invasive species,[341] and climate change.
Governments and conservation groups work to protect birds, either by passing laws that preserve and restore bird habitat or by establishing captive populations for reintroductions. Such projects have produced some successes; one study estimated that conservation efforts saved 16 species of bird that would otherwise have gone extinct between 1994 and 2004, including the California condor and Norfolk parakeet.[342]
Human activities have allowed the expansion of a few temperate area species, such as the barn swallow and European starling. In the tropics and sub-tropics, relatively more species are expanding due to human activities, particularly due to the spread of crops such as rice whose expansion in south Asia has benefitted at least 64 bird species, though may have harmed many more species.[343]


",neornithes gadow bird group vertebrate animal constituting class aves characterised feather toothless beaked jaw laying egg high metabolic rate heart strong yet lightweight skeleton bird live worldwide range size cm bee hummingbird ft common ostrich living specie split order half passerine perching bird bird wing whose development varies according specie known group without wing extinct moa elephant bird wing modified forelimb gave bird ability fly although evolution led loss flight bird including ratite penguin diverse endemic island specie digestive respiratory system bird also uniquely adapted flight bird specie aquatic environment particularly seabird waterbird evolved swimming study bird called ornithology bird evolved earlier theropod thus constitute known living dinosaur whilst traditional linnaean taxonomy placed bird class owing unique morphology group animal mammal specie bird considered reptile modern cladistic sense term closest living relative crocodilian forming clade known archosaur bird descendant primitive avialans whose member include archaeopteryx first appeared late jurassic according estimate modern bird neornithes evolved late cretaceous early late cretaceous diversified dramatically around time cretaceous paleogene extinction event million year ago killed pterosaur dinosaur many social specie preserve knowledge across generation culture bird social communicating visual signal call song participating behaviour cooperative breeding hunting flocking mobbing predator vast majority bird specie socially necessarily sexually monogamous usually one breeding season time sometimes year rarely life specie breeding system polygynous one male many female rarely polyandrous one female many male bird produce offspring laying egg fertilised sexual reproduction usually laid nest incubated parent bird extended period parental care hatching many specie bird economically important food human consumption raw material manufacturing domesticated undomesticated bird important source egg meat feather songbird parrot specie popular pet guano bird excrement harvested use fertiliser bird figure throughout human culture specie become extinct due human activity since century hundred human activity threatens bird specie extinction though effort underway protect recreational birdwatching important part ecotourism industry first classification bird developed francis willughby john ray volume ornithologiae carl linnaeus modified work devise taxonomic classification system currently use bird usually categorised biological class traditional evolutionary taxonomy modern phylogenetic taxonomy place aves clade theropoda sometimes linnean rank lower class subclass infraclass aves sister group order crocodilia contain living representative reptile clade archosauria late aves commonly defined phylogenetically descendant recent common ancestor modern bird archaeopteryx lithographica however earlier definition proposed jacques gauthier gained wide currency century used many scientist including adherent phylocode gauthier defined aves include crown group set modern bird done excluding group known fossil assigning instead broader group avialae principle clade based extant specie limited extant specie closest extinct relative gauthier de queiroz identified four different definition biological name aves problem author proposed reserve term aves crown group consisting last common ancestor living bird descendant corresponds meaning number assigned name group lizard snake turtle crocodile bird fourth definition archaeopteryx traditionally considered one earliest member aves removed group becoming dinosaur instead proposal adopted many researcher field palaeontology bird evolution though exact definition applied inconsistent avialae initially proposed replace traditional fossil content aves often used synonymously vernacular term bird researcher paraves researcher define avialae clade though definition vary many author used definition similar theropod closer bird deinonychus troodon sometimes added second external specifier case closer bird deinonychus avialae also occasionally defined clade one based physical characteristic jacques gauthier named avialae dinosaur possessed feathered wing used flapping flight bird descended despite currently one widely used definition aves criticised researcher lee spencer argued contrary gauthier defended definition would increase stability clade exact content aves always uncertain defined clade either crown synapomorphies distinguishing closest relative alternative definition synonymous avifilopluma avialae based fossil biological evidence scientist accept bird specialised subgroup theropod dinosaur specifically member maniraptora group theropod includes dromaeosaurids oviraptorosaurs among others scientist discovered theropod closely related bird previously clear distinction bird become blurred discovery liaoning province northeast china demonstrated many small theropod feathered dinosaur contributed ambiguity consensus view contemporary palaeontology flying theropod avialans closest relative deinonychosaurs include dromaeosaurids troodontids together form group called paraves basal member deinonychosauria microraptor feature may enabled glide fly basal deinonychosaurs small evidence raise possibility ancestor paravians may arboreal able glide unlike archaeopteryx feathered dinosaur primarily ate meat study suggest first avialans omnivore late jurassic archaeopteryx well known one first transitional fossil found provided support theory evolution late century archaeopteryx first fossil display clearly traditional reptilian characteristic teeth clawed finger long tail well wing flight feather similar modern bird considered direct ancestor bird though possibly closely related true ancestor key trait found modern bird evolved million year transition earliest archosaur first maniraptoromorphs first dinosaur closer living bird tyrannosaurus rex loss osteoderms otherwise common archosaur acquisition primitive feather might occurred early phase appearance maniraptoromorpha next million year marked continuous reduction body size accumulation neotenic characteristic hypercarnivory became increasingly less common braincase enlarged forelimb became longer integument evolved complex pennaceous feather oldest known paravian probably earliest avialan fossil come tiaojishan formation china dated late jurassic period oxfordian stage million year ago avialan specie time period include anchiornis huxleyi xiaotingia zhengi aurornis xui probable early avialan archaeopteryx date slightly later jurassic rock million year old germany many early avialans shared unusual anatomical feature may ancestral modern bird later lost bird evolution feature include enlarged claw second toe may held clear ground life long feather hind wing covering hind limb foot may used aerial maneuvering avialans diversified wide variety form cretaceous period many group retained primitive characteristic clawed wing teeth though latter lost independently number avialan group including modern bird aves increasingly stiff tail especially outermost half seen evolution maniraptoromorphs process culminated appearance pygostyle ossification fused tail vertebra late cretaceous million year ago ancestor modern bird evolved open pelvis allowing lay larger egg compared body size around million year ago evolved better sense smell third stage bird evolution starting ornithothoraces avialans associated refining aerodynamics flight capability loss several skeletal feature particularly significant development enlarged keeled sternum alula loss grasping hand ornithothoraces aves first large diverse lineage avialans evolve enantiornithes opposite bird named construction shoulder bone reverse modern bird enantiornithes occupied wide array ecological niche shorebird form dominant group avialans cretaceous period enantiornithes became extinct along many dinosaur group end mesozoic era many specie second major avialan lineage diversify euornithes meaning true bird include ancestor modern bird specialised eating fish small aquatic organism unlike enantiornithes dominated arboreal habitat early euornithians lacked perching adaptation likely included specie wader swimming diving specie latter included superficially ichthyornis hesperornithiformes became well adapted hunting fish marine environment lost ability fly became primarily aquatic early euornithians also saw development many trait associated modern bird like strongly keeled breastbone toothless beaked portion jaw though euornithians retained teeth part jaw euornithes also included first avialans develop true pygostyle fully mobile fan tail feather may replaced hind wing primary mode aerial maneuverability braking flight study mosaic evolution avian skull found last common ancestor neornithes might beak similar modern vanga skull similar eurasian golden oriole specie small aerial canopy foraging omnivore similar ecological niche inferred hypothetical ancestor ratite tinamou landfowl waterfowl bird including perching bird study agree cretaceous age recent common ancestor modern bird estimate range early cretaceous latest cretaceous similarly agreement whether early diversification modern bird occurred cretaceous associated breakup supercontinent gondwana occurred later potentially consequence cretaceous palaeogene extinction event disagreement part caused divergence evidence molecular dating study suggests cretaceous evolutionary radiation fossil evidence point cenozoic radiation versus controversy discovery vegavis maastrichtian last stage late cretaceous proved diversification modern bird started cenozoic era affinity earlier fossil possible galliform austinornis lentus dated million year ago still controversial provide fossil evidence modern bird diversification asteriornis maastrichtian described appears close relative galloanserae earliest diverging lineage within neognathae attempt reconcile molecular fossil evidence using dna data comprehensive fossil information resolved controversy however estimate used new method calibrating molecular clock confirmed modern bird originated early late cretaceous likely western gondwana pulse diversification major group occurred around cretaceous palaeogene extinction event modern bird would expanded west gondwana two route one route antarctic interchange paleogene route probably via paleocene land bridge south america north america allowed rapid expansion diversification neornithes holarctic paleotropics hand occurrence asteriornis northern hemisphere suggest neornithes dispersed east gondwana paleocene modern bird lie within crown group aves alternately neornithes two subdivision palaeognathae includes flightless ratite ostrich tinamou extremely diverse neognathae containing bird two subdivision variously given rank superorder cohort infraclass number known living bird specie around although source may differ precise number cladogram modern bird relationship based stiller et al showing order recognised ioc struthioniformes ostrich tinamiformes tinamou rheiformes rhea apterygiformes kiwi casuariiformes emu cassowary galliformes chicken pheasant relative anseriformes duck goose relative phoenicopteriformes flamingo podicipediformes grebe columbiformes pigeon dove mesitornithiformes mesites pterocliformes sandgrouse musophagiformes turaco otidiformes bustard cuculiformes cuckoo opisthocomiformes hoatzin gruiformes rail crane charadriiformes wader gull relative caprimulgiformes nightjar nyctibiiformes potoos steatornithiformes oilbird podargiformes frogmouth aegotheliformes apodiformes swift treeswifts hummingbird phaethontiformes tropicbird eurypygiformes sunbittern kagu gaviiformes procellariiformes albatross shearwater petrel sphenisciformes penguin ciconiiformes stork suliformes frigatebirds gannet cormorant darter pelecaniformes pelican heron ibis strigiformes owl accipitriformes hawk eagle vulture relative coliiformes mousebirds leptosomiformes cuckoo roller trogoniformes trogon bucerotiformes hornbill hoopoe relative coraciiformes kingfisher roller relative piciformes woodpecker relative cariamiformes seriema falconiformes falcon caracara psittaciformes parrot passeriformes passerine classification bird contentious issue sibley ahlquist phylogeny classification bird landmark work subject evidence seems suggest assignment order accurate scientist disagree relationship among order evidence modern bird anatomy fossil dna brought bear problem strong consensus emerged fossil molecular evidence providing increasingly clear picture evolution modern bird order genome sequenced two bird chicken zebra finch update genome specie bird completed least one genome sequenced every order include least one specie extant avian family family recognised howard moore checklist able sequence compare whole genome give researcher many type information gene dna regulates gene evolutionary history led reconsideration classification based solely identification gene waterbird pelican flamingo example may common specific adaptation suited environment developed independently bird live breed terrestrial habitat seven continent reaching southern extreme snow petrel breeding colony kilometre mi inland antarctica highest bird diversity occurs tropical region earlier thought high diversity result higher speciation rate tropic however study found higher speciation rate high latitude offset greater extinction rate tropic many specie migrate annually great distance across ocean several family bird adapted life world ocean seabird specie come ashore breed penguin recorded diving metre ft deep many bird specie established breeding population area introduced human introduction deliberate pheasant example introduced around world game bird others accidental establishment wild monk parakeet several north american city escape captivity specie including cattle egret caracara galah spread naturally far beyond original range agricultural expansion created alternative habitat although modern practice intensive agriculture negatively impacted farmland bird population compared vertebrate bird body plan show many unusual adaptation mostly facilitate flight skeleton consists lightweight bone large cavity called pneumatic cavity connect respiratory system skull bone adult fused show cranial suture orbital cavity house eyeball large separated bony septum partition spine cervical thoracic lumbar caudal region number cervical neck vertebra highly variable especially flexible movement reduced anterior thoracic vertebra absent later vertebra last fused pelvis form synsacrum rib flattened sternum keeled attachment flight muscle except flightless bird order forelimb modified wing wing less developed depending specie known group lost wing extinct moa elephant bird like reptile bird primarily uricotelic kidney extract nitrogenous waste bloodstream excrete uric acid instead urea ammonia ureter intestine bird urinary bladder external urethral opening exception ostrich uric acid excreted along faeces semisolid waste however bird hummingbird facultatively ammonotelic excreting nitrogenous waste ammonia also excrete creatine rather creatinine like mammal material well output intestine emerges bird cloaca cloaca opening waste expelled bird mate joining cloaca female lay egg addition many specie bird regurgitate pellet common universal feature altricial passerine nestling born helpless constant parental care instead excreting directly nest produce fecal sac pouch allows parent either dispose waste outside nest recycle waste digestive system male bird intromittent penis male within palaeognathae exception kiwi anseriformes exception screamer rudimentary form galliformes fully developed cracidae possess penis never present neoaves length thought related sperm competition fill lymphatic fluid instead blood erect copulating hidden within proctodeum compartment within cloaca inside vent female bird sperm storage tubule allow sperm remain viable long copulation hundred day specie sperm multiple male may compete mechanism female bird single ovary single oviduct left side exception specie least different order bird two ovary even specie however tend single oviduct speculated might adaptation flight male two testis also observed gonad sex decrease dramatically size outside breeding season also terrestrial bird generally single ovary platypus mammal likely explanation egg develops shell passing oviduct period day two egg develop time would risk survival rare mostly abortive parthenogenesis unknown bird egg diploid automictic result male offspring bird solely gonochoric meaning two sex either female male sex bird follows z w system ovum determines sex offspring male bird two z chromosome zz female bird w chromosome z chromosome wz mammal contrast sperm determines sex offspring x system complex system disassortative mating two morphs involved sparrow zonotrichia albicollis morphs opposite sex pair making appear four sex involved since individual compatible fourth population specie bird individual sex determined fertilisation one study claimed demonstrate sex determination among australian brushturkey higher temperature incubation resulted higher sex ratio however later proven case bird exhibit sex determination sex mortality bird one complex respiratory system animal group upon inhalation fresh air bypass lung flow directly posterior air sac extends lung connects air space bone fill air air go directly lung bird exhales used air flow lung stored fresh air posterior air sac simultaneously forced lung thus bird lung receive constant supply fresh air inhalation exhalation sound production achieved using syrinx muscular chamber incorporating multiple tympanic membrane diverges lower end trachea trachea elongated specie increasing volume vocalisation perception bird size bird main artery taking blood away heart originate right aortic arch pharyngeal arch unlike mammal left aortic arch form part aorta postcava receives blood limb via renal portal system unlike mammal circulating red blood cell bird retain nucleus avian circulatory system driven myogenic heart contained fibrous pericardial sac pericardial sac filled serous fluid lubrication heart divided right left half atrium ventricle atrium ventricle side separated atrioventricular valve prevent back flow one chamber next contraction myogenic heart pace maintained pacemaker cell found sinoatrial node located right atrium sinoatrial node us calcium cause depolarising signal transduction pathway atrium right left atrioventricular bundle communicates contraction ventricle avian heart also consists muscular arch made thick bundle muscular layer much like mammalian heart avian heart composed endocardial myocardial epicardial layer atrium wall tend thinner ventricle wall due intense ventricular contraction used pump oxygenated blood throughout body avian heart generally larger mammalian heart compared body mass adaptation allows blood pumped meet high metabolic need associated flight bird efficient system diffusing oxygen blood bird ten time greater surface area gas exchange volume mammal result bird blood capillary per unit volume lung mammal artery composed thick elastic muscle withstand pressure ventricular contraction become rigid move away heart blood move artery undergo vasoconstriction arteriole act transportation system distribute primarily oxygen well nutrient tissue body arteriole move away heart individual organ tissue divided increase surface area slow blood flow blood travel arteriole move capillary gas exchange occur capillary organised capillary bed tissue blood exchange oxygen carbon dioxide waste capillary bed blood flow slowed allow maximum diffusion oxygen tissue blood become deoxygenated travel venule vein back heart vein unlike artery thin rigid need withstand extreme pressure blood travel venule vein funneling occurs called vasodilation bringing blood back heart blood reach heart move first right atrium right ventricle pumped lung gas exchange carbon dioxide waste oxygen oxygenated blood flow lung left atrium left ventricle pumped body nervous system large relative bird size developed part brain bird one control function cerebellum coordinate movement cerebrum control behaviour pattern navigation mating nest building bird poor sense smell notable exception including kiwi new world vulture tubenoses avian visual system usually highly developed water bird special flexible lens allowing accommodation vision air water specie also dual fovea bird tetrachromatic possessing ultraviolet uv sensitive cone cell eye well green red blue one also double cone likely mediate achromatic vision many bird show plumage pattern ultraviolet invisible human eye bird whose sex appear similar naked eye distinguished presence ultraviolet reflective patch feather male blue tit ultraviolet reflective crown patch displayed courtship posturing raising nape feather ultraviolet light also used foraging kestrel shown search prey detecting uv fluorescent urine trail mark left ground rodent exception pigeon specie eyelid bird used blinking instead eye lubricated nictitating membrane third eyelid move horizontally nictitating membrane also cover eye act contact lens many aquatic bird bird retina fan shaped blood supply system called pecten eye bird large round capable limited movement orbit typically bird eye side head wide visual field bird eye front head owl binocular vision estimate depth field avian ear lack external pinna covered feather although bird asio bubo otus owl feather form tuft resemble ear inner ear cochlea spiral mammal several specie demonstrated hear infrasound hz swift oilbird emit ultrasound khz echolocate darkness specie able use chemical defence predator procellariiformes eject unpleasant stomach oil aggressor specie pitohuis new guinea powerful neurotoxin skin feather lack field observation limit knowledge intraspecific conflict known sometimes result injury death screamer anhimidae jacanas jacana hydrophasianus goose plectropterus torrent duck merganetta nine specie lapwing vanellus use sharp spur wing weapon steamer duck tachyeres goose swan anserinae solitaire pezophaps sheathbills chionis guan crax stone curlew burhinus use bony knob alular metacarpal punch hammer opponent jacanas actophilornis irediparra expanded radius extinct xenicibis unique elongate forelimb massive hand likely functioned combat defence jointed club flail swan instance may strike bony spur bite defending egg young feather feature characteristic bird though also present dinosaur currently considered true bird facilitate flight provide insulation aid thermoregulation used display camouflage signalling several type feather serving set purpose feather epidermal growth attached skin arise specific tract skin called pterylae distribution pattern feather tract pterylosis used taxonomy systematics arrangement appearance feather body called plumage may vary within specie age social status sex plumage regularly moulted standard plumage bird moulted breeding known plumage humphrey parkes terminology basic plumage breeding plumage variation basic plumage known humphrey parkes system alternate plumage moulting annual specie although may two moult year large bird prey may moult every year moulting pattern vary across specie passerine flight feather replaced one time innermost primary first fifth sixth primary replaced outermost tertiary begin drop innermost tertiary moulted secondary starting innermost begin drop proceeds outer feather centrifugal moult greater primary covert moulted synchrony primary overlap small number specie duck goose lose flight feather temporarily becoming flightless general rule tail feather moulted replaced starting innermost pair centripetal moult tail feather however seen phasianidae centrifugal moult modified tail feather woodpecker treecreepers begin second innermost pair feather finish central pair feather bird maintains functional climbing tail general pattern seen passerine primary replaced outward secondary inward tail centre outward nesting female bird specie gain bare brood patch losing feather close belly skin well supplied blood vessel help bird incubation feather require maintenance bird preen groom daily spending average around daily time bill used brush away foreign particle apply waxy secretion uropygial gland secretion protect feather flexibility act antimicrobial agent inhibiting growth bacteria may supplemented secretion formic acid ant bird receive behaviour known anting remove feather parasite scale bird composed keratin beak claw spur found mainly toe metatarsus may found ankle bird bird scale overlap significantly except case kingfisher woodpecker scale bird thought homologous reptile mammal bird fly distinguishes almost vertebrate class flight primary mean locomotion bird specie used searching food escaping predator bird various adaptation flight including lightweight skeleton two large flight muscle pectoralis account total mass bird supracoracoideus well modified forelimb wing serf aerofoil wing shape size generally determine bird flight style performance many bird combine powered flapping flight less soaring flight extant bird specie flightless many extinct bird flightlessness often arises bird isolated island likely due limited resource absence mammalian land predator flightlessness almost exclusively correlated gigantism due island inherent condition isolation although flightless penguin use similar musculature movement fly water bird auk shearwater dipper bird diurnal bird many specie owl nightjar nocturnal crepuscular active twilight hour many coastal wader feed tide appropriate day night bird diet varied often include nectar fruit plant seed carrion various small animal including bird digestive system bird unique crop storage gizzard contains swallowed stone grinding food compensate lack teeth specie pigeon psittacine specie gallbladder bird highly adapted rapid digestion aid flight migratory bird adapted use protein stored many part body including protein intestine additional energy migration bird employ many strategy obtain food feed variety food item called generalist others concentrate time effort specific food item single strategy obtain food considered specialist avian foraging strategy vary widely specie many bird glean insect invertebrate fruit seed hunt insect suddenly attacking branch specie seek pest insect considered beneficial control agent presence encouraged biological pest control programme combined insectivorous bird eat million metric ton arthropod annually nectar feeder hummingbird sunbirds lory lorikeet amongst others specially adapted brushy tongue many case bill designed fit flower kiwi shorebird long bill probe invertebrate shorebird varied bill length feeding method result separation ecological niche diver diving duck penguin auk pursue prey underwater using wing foot propulsion aerial predator sulids kingfisher tern plunge dive prey flamingo three specie prion duck filter feeder goose dabbling duck primarily grazers specie including frigatebirds gull skua engage kleptoparasitism stealing food item bird kleptoparasitism thought supplement food obtained hunting rather significant part specie diet study great frigatebirds stealing masked booby estimated frigatebirds stole food average stole bird scavenger like vulture specialised carrion eater others like gull corvids bird prey opportunist water needed many bird although mode excretion lack sweat gland reduces physiological demand desert bird obtain water need entirely moisture food adaptation allowing body temperature rise saving moisture loss evaporative cooling panting seabird drink seawater salt gland inside head eliminate excess salt nostril bird scoop water beak raise head let water run throat specie especially arid zone belonging pigeon finch mousebird bustard family capable sucking water without need tilt back head desert bird depend water source sandgrouse particularly well known congregating daily waterholes nesting sandgrouse many plover carry water young wetting belly feather bird carry water chick nest crop regurgitate along food pigeon family flamingo penguin adaptation produce nutritive fluid called crop milk provide chick many bird specie migrate take advantage global difference seasonal temperature therefore optimising availability food source breeding habitat migration vary among different group many landbirds shorebird waterbird undertake annual migration usually triggered length daylight well weather condition bird characterised breeding season spent temperate polar region season tropical region opposite hemisphere migration bird substantially increase body fat reserve reduce size organ migration highly demanding energetically particularly bird need cross desert ocean without refuelling landbirds flight range around km mi shorebird fly km mi although godwit capable flight km mi seabird undertake long migration longest annual migration including arctic tern recorded travelling average km mi arctic breeding ground greenland iceland wintering ground antarctica one bird covering km mi sooty shearwater nest new zealand chile make annual round trip km mi summer feeding ground north pacific japan alaska california seabird disperse breeding travelling widely set migration route albatross nesting southern ocean often undertake circumpolar trip breeding season bird specie undertake shorter migration travelling far required avoid bad weather obtain food irruptive specie boreal finch one group commonly found location one year absent next type migration normally associated food availability specie may also travel shorter distance part range individual higher latitude travelling existing range conspecific others undertake partial migration fraction population usually female subdominant male migrates partial migration form large percentage migration behaviour bird region australia survey found bird passerine partially migratory altitudinal migration form migration bird spend breeding season higher altitude move lower one suboptimal condition often triggered temperature change usually occurs normal territory also become inhospitable due lack food specie may also nomadic holding fixed territory moving according weather food availability parrot family overwhelmingly neither migratory sedentary considered either dispersive irruptive nomadic undertake small irregular migration ability bird return precise location across vast distance known time experiment conducted manx shearwater released boston united state returned colony skomer wale within day distance km mi bird navigate migration using variety method diurnal migrant sun used navigate day stellar compass used night bird use sun compensate changing position sun day use internal clock orientation stellar compass depends position constellation surrounding polaris backed specie ability sense earth geomagnetism specialised photoreceptors bird communicate primarily using visual auditory signal signal interspecific specie intraspecific within specie bird sometimes use plumage assess assert social dominance display breeding condition sexually selected specie make threatening display sunbittern mimicry large predator ward hawk protect young chick visual communication among bird may also involve ritualised display developed action preening adjustment feather position pecking behaviour display may signal aggression submission may contribute formation elaborate display occur courtship dance often formed complex combination many possible component movement male breeding success may depend quality display bird call song produced syrinx major mean bird communicate sound communication complex specie operate two side syrinx independently allowing simultaneous production two different song call used variety purpose including mate attraction evaluation potential mate bond formation claiming maintenance territory identification individual parent look chick colony mate reunite start breeding season warning bird potential predator sometimes specific information nature threat bird also use mechanical sound auditory communication coenocorypha snipe new zealand drive air feather woodpecker drum communication palm cockatoo use tool drum bird essentially territorial live small family group bird may form large flock principal benefit flocking safety number increased foraging efficiency defence predator particularly important closed habitat like forest ambush predation common multiple eye provide valuable early warning system led development many feeding flock usually composed small number many specie flock provide safety number increase potential competition resource cost flocking include bullying socially subordinate bird dominant bird reduction feeding efficiency certain case specie mixed system breeding pair maintaining territory unmated young bird live flock secure mate prior finding territory bird sometimes also form association specie seabird associate dolphin tuna push shoaling fish towards surface specie hornbill mutualistic relationship dwarf mongoose forage together warn nearby bird prey predator high metabolic rate bird active part day supplemented rest time sleeping bird often use type sleep known vigilant sleep period rest interspersed quick peek allowing sensitive disturbance enable rapid escape threat swift believed able sleep flight radar observation suggest orient face wind roosting flight suggested may certain kind sleep possible even flight bird also demonstrated capacity fall sleep one hemisphere brain time bird tend exercise ability depending upon position relative outside flock may allow eye opposite sleeping hemisphere remain vigilant predator viewing outer margin flock adaptation also known marine mammal communal roosting common lower loss body heat decrease risk associated predator roosting site often chosen regard thermoregulation safety unusual mobile roost site include large herbivore african savanna used oxpeckers many sleeping bird bend head back tuck bill back feather although others place beak among breast feather many bird rest one leg may pull leg feather especially cold weather perching bird mechanism help hold perch asleep many ground bird quail pheasant roost tree parrot genus loriculus roost hanging upside hummingbird go nightly state torpor accompanied reduction metabolic rate physiological adaptation show nearly hundred specie including nightjar woodswallows one specie common poorwill even enters state hibernation bird sweat gland lose water directly skin may cool moving shade standing water panting increasing surface area fluttering throat using special behaviour like urohidrosis cool per cent bird specie socially monogamous specie pair least length breeding season case several year death one mate monogamy allows paternal care biparental care especially important specie care female male parent required order successfully rear brood among many socially monogamous specie copulation infidelity common behaviour typically occurs dominant male female paired subordinate male may also result forced copulation duck anatids female possible benefit copulation include getting better gene offspring insuring possibility infertility mate male specie engage copulation closely guard mate ensure parentage offspring raise mating system including polygyny polyandry polygamy polygynandry promiscuity also occur polygamous breeding system arise female able raise brood without help male mating system vary across bird family variation within specie thought driven environmental condition unique system formation trio third individual allowed breeding pair temporarily territory assist brood raising thereby leading higher fitness breeding usually involves form courtship display typically performed male display rather simple involve type song display however quite elaborate depending specie may include wing tail drumming dancing aerial flight communal lekking female generally one drive partner selection although polyandrous phalarope reversed plainer male choose brightly coloured female courtship feeding billing allopreening commonly performed partner generally bird paired mated homosexual behaviour observed male female numerous specie bird including copulation joint parenting chick avian specie around world engage sexual interaction sex homosexual behaviour courtship activity may involve elaborate display synchronised dance ceremony behaviour specific display area including bower arena lek many bird actively defend territory others specie breeding season maintenance territory protects food source chick specie unable defend feeding territory seabird swift often breed colony instead thought offer protection predator colonial breeder defend small nesting site competition within specie nesting site intense bird lay amniotic egg hard shell made mostly calcium carbonate hole burrow nesting specie tend lay white pale egg open nester lay camouflaged egg many exception pattern however nightjar pale egg camouflage instead provided plumage specie victim brood parasite varying egg colour improve chance spotting parasite egg force female parasite match egg host bird egg usually laid nest specie create somewhat elaborate nest cup dome plate mound burrow bird nest simple scrape minimal lining seabird wader nest scrape ground bird build nest sheltered hidden area avoid predation large colonial bird capable defence may build open nest nest construction specie seek plant matter plant toxin improve chick survival feather often used nest insulation bird specie nest common guillemot lay egg bare rock male emperor penguin keep egg body foot absence nest especially prevalent open habitat specie addition nest material would make nest conspicuous many ground nesting bird lay clutch egg hatch synchronously precocial chick led away nest nidifugous parent soon hatching incubation regulates temperature chick development usually begin last egg laid monogamous specie incubation duty often shared whereas polygamous specie one parent wholly responsible incubation warmth parent pass egg brood patch area bare skin abdomen breast incubating bird incubation energetically demanding process adult albatross instance lose much gram oz body weight per day incubation warmth incubation egg megapode come sun decaying vegetation volcanic source incubation period range day woodpecker cuckoo passerine bird day albatross kiwi diversity characteristic bird great sometimes even closely related specie several avian characteristic compared table time hatching chick range development helpless independent depending specie helpless chick termed altricial tend born small blind immobile naked chick mobile feathered upon hatching termed precocial altricial chick need help thermoregulating must brooded longer precocial chick young many bird specie precisely fit either precocial altricial category aspect thus fall somewhere spectrum chick neither extreme favouring one may termed length nature parental care varies widely amongst different order specie one extreme parental care megapode end hatching newly hatched chick dig nest mound without parental assistance fend immediately extreme many seabird extended period parental care longest great frigatebird whose chick take six month fledge fed parent additional month chick guard stage describes period breeding one adult bird permanently present nest chick hatched main purpose guard stage aid offspring thermoregulate protect predation specie parent care nestling fledgling others care responsibility one sex specie member specie usually close relative breeding pair offspring previous brood help raising young alloparenting particularly common among corvida includes bird true crow australian magpie observed specie different rifleman red kite among group animal male parental care rare bird however quite common vertebrate class although territory nest site defence incubation chick feeding often shared task sometimes division labour one mate undertakes particular duty point chick fledge varies dramatically chick synthliboramphus murrelets like ancient murrelet leave nest night hatch following parent sea raised away terrestrial predator specie duck move chick away nest early age specie chick leave nest soon able fly amount parental care fledging varies albatross chick leave nest receive help specie continue supplementary feeding fledging chick may also follow parent first migration brood parasitism leaf egg another individual brood common among bird type organism parasitic bird lay egg another bird nest often accepted raised host expense host brood brood parasite may either obligate brood parasite must lay egg nest specie incapable raising young brood parasite sometimes lay egg nest conspecific increase reproductive output even though could raised young one hundred bird specie including honeyguides icterids duck obligate parasite though famous cuckoo brood parasite adapted hatch host young allows destroy host egg pushing nest kill host chick ensures food brought nest fed parasitic chick bird evolved variety mating behaviour peacock tail perhaps famous example sexual selection fisherian runaway commonly occurring sexual dimorphism size colour difference energetically costly attribute signal competitive breeding situation many type avian sexual selection identified intersexual selection also known female choice intrasexual competition individual abundant sex compete privilege mate sexually selected trait often evolve become pronounced competitive breeding situation trait begin limit individual fitness conflict individual fitness signalling adaptation ensure sexually selected ornament plumage colouration courtship behaviour honest trait signal must costly ensure individual present exaggerated sexual ornament behaviour inbreeding cause early death inbreeding depression zebra finch taeniopygia guttata embryo survival hatching success fertile egg significantly lower mating pair unrelated pair darwin finch geospiza scandens experience inbreeding depression reduced survival offspring magnitude effect influenced environmental condition low food availability incestuous mating fairy wren malurus coronatus result severe fitness cost due inbreeding depression greater reduction hatchability egg female paired related male may undertake extra pair mating see promiscuity animal frequency avian specie reduce negative effect inbreeding however ecological demographic constraint extra pair mating nevertheless brood produced incestuously paired female contained extra pair young inbreeding depression occurs great tit parus major offspring produced result mating close relative show reduced fitness natural population parus major inbreeding avoided dispersal individual birthplace reduces chance mating close relative southern pied babbler turdoides bicolor appear avoid inbreeding two way first dispersal second avoiding familiar group member mate cooperative breeding bird typically occurs offspring usually male delay dispersal natal group order remain family help rear younger kin female offspring rarely stay home dispersing distance allow breed independently join unrelated group general inbreeding avoided lead reduction progeny fitness inbreeding depression due largely homozygous expression deleterious recessive allele unrelated individual ordinarily lead masking deleterious recessive allele progeny bird occupy wide range ecological position bird generalist others highly specialised habitat food requirement even within single habitat forest niche occupied different specie bird vary specie feeding forest canopy others beneath canopy still others forest floor forest bird may insectivore frugivores nectarivores aquatic bird generally feed fishing plant eating piracy kleptoparasitism many grassland bird granivores bird prey specialise hunting mammal bird vulture specialised scavenger bird also preyed upon range mammal including avivorous bat wide range ectoparasite depend bird parasite transmitted parent young show bird important pollinator many frugivores play key role seed dispersal plant pollinating bird often coevolve case flower primary pollinator specie capable reaching nectar bird often important island ecology bird frequently reached island mammal island bird may fulfil ecological role typically played larger animal example new zealand nine specie moa important browser kererū kōkako today today plant new zealand retain defensive adaptation evolved protect extinct moa many bird act ecosystem engineer construction nest provide important microhabitats food hundred specie invertebrate nesting seabird may affect ecology island surrounding sea principally concentration large quantity guano may enrich local soil surrounding sea wide variety avian ecology field method including count nest monitoring capturing marking used researching avian ecology since bird highly visible common animal human relationship since dawn man sometimes relationship mutualistic like cooperative among honeyguides african people borana time may commensal specie house sparrow benefited human activity several specie reconciled habit farmer practice traditional farming example include sarus crane begin nesting india farmer flood field anticipation rain stork taken nesting short tree grown agroforestry beside field canal several bird specie become commercially significant agricultural pest pose aviation hazard human activity also detrimental threatened numerous bird specie extinction hunting avian lead poisoning pesticide roadkill wind turbine kill predation pet cat dog common cause death bird bird act vector spreading disease psittacosis salmonellosis campylobacteriosis mycobacteriosis avian tuberculosis avian influenza bird flu giardiasis cryptosporidiosis long distance zoonotic disease also transmitted human domesticated bird raised meat egg called poultry largest source animal protein eaten human million ton poultry million ton egg produced worldwide chicken account much human poultry consumption though domesticated turkey duck goose also relatively common many specie bird also hunted meat bird hunting primarily recreational activity except extremely undeveloped area important bird hunted north south america waterfowl widely hunted bird include pheasant wild turkey quail dove partridge grouse snipe woodcock muttonbirding also popular australia new zealand although hunting muttonbirds may sustainable hunting led extinction endangerment dozen specie commercially valuable product bird include feather especially goose duck used insulation clothing bedding seabird faeces guano valuable source phosphorus nitrogen war pacific sometimes called guano war fought part control guano deposit bird domesticated human pet practical purpose colourful bird parrot myna bred captivity kept pet practice led illegal trafficking endangered specie falcon cormorant long used hunting fishing respectively messenger pigeon used since least ad remained important recently world war ii today activity common either hobby entertainment tourism amateur bird enthusiast called birdwatchers twitchers commonly birder number million many homeowner erect bird feeder near home attract various specie bird feeding grown industry example estimated household britain provide food bird point winter bird play prominent diverse role religion mythology religion bird may serve either messenger priest leader deity cult makemake tangata manu easter island served chief attendant case hugin munin two common raven whispered news ear norse god odin several civilisation ancient italy particularly etruscan roman religion priest involved augury interpreting word bird auspex word auspicious derived watched activity foretell event may also serve religious symbol jonah hebrew יונה dove embodied fright passivity mourning beauty traditionally associated dove bird deified case common peacock perceived mother earth people southern india ancient world dove used symbol mesopotamian goddess inanna later known ishtar canaanite mother goddess asherah greek goddess aphrodite ancient greece athena goddess wisdom patron deity city athens little owl symbol religious image preserved inca tiwanaku empire bird depicted process transgressing boundary earthly underground spiritual realm indigenous people central andes maintain legend bird passing metaphysical world bird featured culture art since prehistoric time represented early cave painting carving bird perceived monster including mythological roc māori legendary pouākai giant bird capable snatching human bird later used symbol power magnificent peacock throne mughal persian emperor advent scientific interest bird many painting bird commissioned book among famous bird artist john james audubon whose painting north american bird great commercial success europe later lent name national audubon society bird also important figure poetry example homer incorporated nightingale odyssey catullus used sparrow erotic symbol catullus relationship albatross sailor central theme samuel taylor coleridge rime ancient mariner led use term metaphor english metaphor derive bird vulture fund vulture investor instance take name scavenging vulture aircraft particularly military aircraft frequently named bird predatory nature raptor make popular choice fighter aircraft fighting falcon harrier jump jet name seabird may chosen aircraft primarily used naval force albatross osprey perception bird specie vary across culture owl associated bad luck witchcraft death part africa regarded wise across much europe hoopoe considered sacred ancient egypt symbol virtue persia thought thief across much europe harbinger war scandinavia heraldry bird especially eagle often appear coat arm vexillology bird popular choice flag bird feature flag design country numerous subnational entity territory bird used nation symbolise country identity heritage country officially recognising national bird bird prey highly represented though nation chosen specie bird parrot popular among smaller tropical nation music birdsong influenced composer musician several way inspired birdsong intentionally imitate bird song composition vivaldi messiaen beethoven along many later composer incorporate recording bird work ottorino respighi first like beatrice harrison david rothenberg duet bird archaeological excavation site israel yielded hollow wing bone coot duck perforation made side thought allowed used flute whistle possibly used natufian people lure bird prey human activity caused population decrease extinction many bird specie hundred bird specie gone extinct historical time although dramatic avian extinction eradicating estimated specie occurred human colonisation melanesian polynesian micronesian island many bird population declining worldwide specie listed threatened birdlife international iucn decline north american bird population estimated loss billion breeding adult total since commonly cited human threat bird habitat loss threat include overhunting accidental mortality due collision building vehicle fishing bycatch pollution including oil spill pesticide use competition predation nonnative invasive specie climate change government conservation group work protect bird either passing law preserve restore bird habitat establishing captive population reintroduction project produced success one study estimated conservation effort saved specie bird would otherwise gone extinct including california condor norfolk parakeet human activity allowed expansion temperate area specie barn swallow european starling tropic relatively specie expanding due human activity particularly due spread crop rice whose expansion south asia benefitted least bird specie though may harmed many specie
Document 18,Diurnality - Wikipedia,"
Diurnality is a form of plant and animal behavior characterized by activity during daytime, with a period of sleeping or other inactivity at night. The common adjective used for daytime activity is ""diurnal"". The timing of activity by an animal depends on a variety of environmental factors such as the temperature, the ability to gather food by sight, the risk of predation, and the time of year. Diurnality is a cycle of activity within a 24-hour period; cyclic activities called circadian rhythms are endogenous cycles not dependent on external cues or environmental factors except for a zeitgeber. Animals active during twilight are crepuscular, those active during the night are nocturnal and animals active at sporadic times during both night and day are cathemeral. The most notable diurnal animal is humans.
Plants that open their flowers during the daytime are described as diurnal, while those that bloom during nighttime are nocturnal. The timing of flower opening is often related to the time at which preferred pollinators are foraging. For example, sunflowers open during the day to attract bees, whereas the night-blooming cereus opens at night to attract large sphinx moths.
Many types of animals are classified as being diurnal, meaning they are active during the day time and inactive or have periods of rest during the night time.[1] Commonly classified diurnal animals include mammals, birds, and reptiles.[2][3][4] Most primates are diurnal, including humans.[5] Scientifically classifying diurnality within animals can be a challenge, apart from the obvious increased activity levels during the day time light.[6]
Initially, most animals were diurnal, but adaptations have allowed some animals to become nocturnal, contributing to the success of many, especially mammals.[7]  This evolutionary movement to nocturnality allowed them to better avoid predators and gain resources with less competition from other animals.[8] This did come with some adaptations that mammals live with today. Vision has been one of the most greatly affected senses from switching back and forth from diurnality to nocturnality, and this can be seen using biological and physiological analysis of rod nuclei from primate eyes.[8] This includes losing two of four cone opsins that assists in colour vision, making many mammals dichromats.[8] When early primates converted back to diurnality, better vision that included trichromatic colour vision became very advantageous, making diurnality and colour vision adaptive traits of simiiformes, such as humans.[8]  Studies using chromatin distribution analysis of rod nuclei from different simian eyes found that transitions between diurnality and nocturnality occurred several times within primate lineages, with switching to diurnality being the most common transitions.[8]
Still today, diurnality seems to be reappearing in many lineages of other animals, including small rodent mammals like the Nile grass rat and golden mantle squirrel and reptiles.[7][4]  More specifically, geckos, which were thought to be naturally nocturnal have shown many transitions to diurnality, with about 430 species of geckos now showing diurnal activity.[4] With so many diurnal species recorded, comparative analysis studies using newer lineages of gecko species have been done to study the evolution of diurnality. With about 20 transitions counted for the gecko lineages, it shows the significance of diurnality.[4] Strong environmental influences like climate change, predation risk, and competition for resources are all contributing factors.[4] Using the example of geckos, it is thought that species like Mediodactylus amictopholis that live at higher altitudes have switched to diurnality to help gain more heat through the day, and therefore conserve more energy, especially in colder seasons.[4]
Light is one of the most defining environmental factors that determines an animal's activity pattern.[5] Photoperiod or a light dark cycle is determined by the geographical location, with day time being associated with much ambient light, and night time being associated with little ambient light.[5] Light is one of the strongest influences of the suprachiasmatic nucleus (SCN) which is part of the hypothalamus in the brain that controls the circadian rhythm in most animals. This is what determines whether an animal is diurnal or not.[9] The SCN uses visual information like light to start a cascade of hormones that are released and work on many physiological and behavioural functions.[7]
Light can produce powerful masking effects on an animal's circadian rhythm, meaning that it can ""mask"" or influence the internal clock, changing the activity patterns of an animal, either temporarily or over the long term if exposed to enough light over a long period of time.[7][2] Masking can be referred to either as positive masking or negative masking, with it either increasing a diurnal animal's activity or decreasing a nocturnal animal's activity, respectively.[2] This can be depicted when exposing different types of rodents to the same photoperiods. When a diurnal Nile grass rat and nocturnal mouse are exposed to the same photoperiod and light intensity, increased activity occurred within the grass rat (positive masking), and decreased activity within the mouse (negative masking).[2]
Even small amounts of environmental light change have shown to have an effect on the activity of mammals. An observational study done on the activity of nocturnal owl monkeys in the Gran Chaco in South America showed that increased amounts of moonlight at night increased their activity levels through the night which led to a decrease of daytime activity.[5] Meaning that for this species, ambient moonlight is negatively correlated with diurnal activity.[5] This is also connected with the foraging behaviours of the monkeys, as when there were nights of little to no moonlight, it affected the monkey's ability to forage efficiently, so they were forced to be more active in the day to find food.[5]
Diurnality has shown to be an evolutionary trait in many animal species, with diurnality mostly reappearing in many lineages. Other environmental factors like ambient temperature, food availability, and predation risk can all influence whether an animal will evolve to be diurnal, or if their effects are strong enough, then mask over their circadian rhythm, changing their activity patterns to becoming diurnal.[5] All three factors often involve one another, and animals need to be able to find a balance between them if they are to survive and thrive.
Ambient temperature has been shown to affect and even convert nocturnal animals to diurnality as it is a way for them to conserve metabolic energy.[10][1] Nocturnal animals are often energetically challenged due to being most active in the nighttime when ambient temperatures are lower than through the day, and so they lose a lot of energy in the form of body heat.[10] According to the circadian thermos-energetics (CTE) hypothesis, animals that are expending more energy than they are taking in (through food and sleep) will be more active in the light cycle, meaning they will be more active in the day.[10] This has been shown in studies done on small nocturnal mice in a laboratory setting. When they were placed under a combination of enough cold and hunger stress, they converted to diurnality through temporal niche switching, which was expected.[10] Another similar study that involved energetically challenging small mammals showed that diurnality is most beneficial when the animal has a sheltered location to rest in, reducing heat loss.[1] Both studies concluded that nocturnal mammals do change their activity patterns to be more diurnal when energetically stressed (due to heat loss and limited food availability), but only when predation is also limited, meaning the risks of predation are less than the risk of freezing or starving to death.[1][10]
Many plants are diurnal or nocturnal in the opening and closing of their flowers. Most angiosperm plants are visited by various insects, so the flower adapts its phenology to the most effective pollinators.[11] For example, the baobab is pollinated by fruit bats and starts blooming in late afternoon; the flowers are dead within twenty-four hours.[12]
Human activities of everyday life that alternate between high and low rates in a daily cycle are described as being diurnal. Some businesses have business hours late at night; most do not. Commuters travel at certain times of day, and public transport is scheduled to suit. Many websites have more users during the day and fewer at night, or vice versa. Operations planners can use this cycle to plan, for example, maintenance that needs to be done when there are fewer users.[13]
",diurnality form plant animal behavior characterized activity daytime period sleeping inactivity night common adjective used daytime activity diurnal timing activity animal depends variety environmental factor temperature ability gather food sight risk predation time year diurnality cycle activity within period cyclic activity called circadian rhythm endogenous cycle dependent external cue environmental factor except zeitgeber animal active twilight crepuscular active night nocturnal animal active sporadic time night day cathemeral notable diurnal animal human plant open flower daytime described diurnal bloom nighttime nocturnal timing flower opening often related time preferred pollinator foraging example sunflower open day attract bee whereas cereus open night attract large sphinx moth many type animal classified diurnal meaning active day time inactive period rest night time commonly classified diurnal animal include mammal bird reptile primate diurnal including human scientifically classifying diurnality within animal challenge apart obvious increased activity level day time light initially animal diurnal adaptation allowed animal become nocturnal contributing success many especially mammal evolutionary movement nocturnality allowed better avoid predator gain resource less competition animal come adaptation mammal live today vision one greatly affected sens switching back forth diurnality nocturnality seen using biological physiological analysis rod nucleus primate eye includes losing two four cone opsin assist colour vision making many mammal dichromat early primate converted back diurnality better vision included trichromatic colour vision became advantageous making diurnality colour vision adaptive trait simiiformes human study using chromatin distribution analysis rod nucleus different simian eye found transition diurnality nocturnality occurred several time within primate lineage switching diurnality common transition still today diurnality seems reappearing many lineage animal including small rodent mammal like nile grass rat golden mantle squirrel reptile specifically gecko thought naturally nocturnal shown many transition diurnality specie gecko showing diurnal activity many diurnal specie recorded comparative analysis study using newer lineage gecko specie done study evolution diurnality transition counted gecko lineage show significance diurnality strong environmental influence like climate change predation risk competition resource contributing factor using example gecko thought specie like mediodactylus amictopholis live higher altitude switched diurnality help gain heat day therefore conserve energy especially colder season light one defining environmental factor determines animal activity pattern photoperiod light dark cycle determined geographical location day time associated much ambient light night time associated little ambient light light one strongest influence suprachiasmatic nucleus scn part hypothalamus brain control circadian rhythm animal determines whether animal diurnal scn us visual information like light start cascade hormone released work many physiological behavioural function light produce powerful masking effect animal circadian rhythm meaning mask influence internal clock changing activity pattern animal either temporarily long term exposed enough light long period time masking referred either positive masking negative masking either increasing diurnal animal activity decreasing nocturnal animal activity respectively depicted exposing different type rodent photoperiods diurnal nile grass rat nocturnal mouse exposed photoperiod light intensity increased activity occurred within grass rat positive masking decreased activity within mouse negative masking even small amount environmental light change shown effect activity mammal observational study done activity nocturnal owl monkey gran chaco south america showed increased amount moonlight night increased activity level night led decrease daytime activity meaning specie ambient moonlight negatively correlated diurnal activity also connected foraging behaviour monkey night little moonlight affected monkey ability forage efficiently forced active day find food diurnality shown evolutionary trait many animal specie diurnality mostly reappearing many lineage environmental factor like ambient temperature food availability predation risk influence whether animal evolve diurnal effect strong enough mask circadian rhythm changing activity pattern becoming diurnal three factor often involve one another animal need able find balance survive thrive ambient temperature shown affect even convert nocturnal animal diurnality way conserve metabolic energy nocturnal animal often energetically challenged due active nighttime ambient temperature lower day lose lot energy form body heat according circadian cte hypothesis animal expending energy taking food sleep active light cycle meaning active day shown study done small nocturnal mouse laboratory setting placed combination enough cold hunger stress converted diurnality temporal niche switching expected another similar study involved energetically challenging small mammal showed diurnality beneficial animal sheltered location rest reducing heat loss study concluded nocturnal mammal change activity pattern diurnal energetically stressed due heat loss limited food availability predation also limited meaning risk predation less risk freezing starving death many plant diurnal nocturnal opening closing flower angiosperm plant visited various insect flower adapts phenology effective pollinator example baobab pollinated fruit bat start blooming late afternoon flower dead within hour human activity everyday life alternate high low rate daily cycle described diurnal business business hour late night commuter travel certain time day public transport scheduled suit many website user day fewer night vice versa operation planner use cycle plan example maintenance need done fewer user
Document 19,Junglefowl - Wikipedia,"
Junglefowl are the four extant species of bird from the genus Gallus in the order Galliformes. They occur in parts of South and Southeast Asia. One of the species in this genus, the red junglefowl, is of historical importance as the direct ancestor of the domestic chicken, although the grey junglefowl, Sri Lankan junglefowl and green junglefowl are likely to have also been involved.[2] The Sri Lankan junglefowl is the national bird of Sri Lanka. They diverged from their common ancestor about 4–6 million years ago.[2] Although originating in Asia, junglefowl bones have also been found in Chile, which date back to 1321–1407 CE, providing evidence of possible Polynesian migration through the Pacific Ocean.[3]
Junglefowl are omnivorous, eating a variety of leaves, plant matter, invertebrates, and occasionally mice and frogs. They are large birds, with colourful plumage in males, but are often difficult to see in the dense vegetation they inhabit.
As with many birds in the pheasant family, the male takes no part in the incubation of the egg or rearing of the precocial young. These duties are performed by the drab and well-camouflaged female. Females and males do not form pair bonds.
The genus Gallus was erected by the French scientist Mathurin Jacques Brisson in his Ornithologie published in 1760.[4] The type species is the red junglefowl (Gallus gallus).[5] The Swedish naturalist Carl Linnaeus had introduced the genus Gallus in the 6th edition of his Systema Naturae published in 1748,[6] but Linnaeus dropped the genus in the important tenth edition of 1758 and put the red junglefowl together with the common pheasant in the genus Phasianus.[7][8] However, the red junglefowl and common pheasant are now known to have diverged about 18–23 million years ago, and belong to different subfamilies.[2] This pairwise divergence time was also the same between the other three junglefowls and the pheasant.[2] As the publication date of Linnaeus's sixth edition was before the 1758 starting point of the International Commission on Zoological Nomenclature, Brisson and not Linnaeus is considered as the authority for the genus.[9]
Green junglefowl–Gallus varius (Shaw, 1798)
Red junglefowl–Gallus gallus (Linnaeus, 1758)
Sri Lankan junglefowl–Gallus lafayettii (Lesson, 1831)
Grey junglefowl–Gallus sonneratii (Temminck, 1813)
More recent phylogenetic evidence supports the closest relatives of Gallus being the bamboo partridges in the genus Bambusicola, from which they diverged about 15 million years ago.[11]
The genus contains four species.[12]

Female


Female


Female


Female


Prehistorically, the genus Gallus was found all over Eurasia; in fact, it appears to have evolved in southeastern Europe. A number of fossil species have been described, but their distinctness is not firmly established in most cases:
",junglefowl four extant specie bird genus gallus order galliformes occur part south southeast asia one specie genus red junglefowl historical importance direct ancestor domestic chicken although grey junglefowl sri lankan junglefowl green junglefowl likely also involved sri lankan junglefowl national bird sri lanka diverged common ancestor million year ago although originating asia junglefowl bone also found chile date back ce providing evidence possible polynesian migration pacific ocean junglefowl omnivorous eating variety leaf plant matter invertebrate occasionally mouse frog large bird colourful plumage male often difficult see dense vegetation inhabit many bird pheasant family male take part incubation egg rearing precocial young duty performed drab female female male form pair bond genus gallus erected french scientist mathurin jacques brisson ornithologie published type specie red junglefowl gallus gallus swedish naturalist carl linnaeus introduced genus gallus edition systema naturae published linnaeus dropped genus important tenth edition put red junglefowl together common pheasant genus phasianus however red junglefowl common pheasant known diverged million year ago belong different subfamily pairwise divergence time also three junglefowls pheasant publication date linnaeus sixth edition starting point international commission zoological nomenclature brisson linnaeus considered authority genus green junglefowl gallus varius shaw red junglefowl gallus gallus linnaeus sri lankan junglefowl gallus lafayettii lesson grey junglefowl gallus sonneratii temminck recent phylogenetic evidence support closest relative gallus bamboo partridge genus bambusicola diverged million year ago genus contains four specie female female female female prehistorically genus gallus found eurasia fact appears evolved southeastern europe number fossil specie described distinctness firmly established case
Document 20,Bird flight - Wikipedia,"
Bird flight is the primary mode of locomotion used by most bird species in which birds take off and fly. Flight assists birds with feeding, breeding, avoiding predators, and migrating.
Bird flight includes multiple types of motion, including hovering, taking off, and landing, involving many complex movements. As different bird species adapted over millions of years through evolution for specific environments, prey, predators, and other needs, they developed specializations in their wings, and acquired different forms of flight.
Various theories exist about how bird flight evolved, including flight from falling or gliding (the trees down hypothesis), from running or leaping (the ground up hypothesis), from wing-assisted incline running or from  proavis (pouncing) behavior.[1]
The fundamentals of bird flight are similar to those of aircraft, in which the aerodynamic forces sustaining flight are lift, drag, and thrust. Lift force is produced by the action of air flow on the wing, which is an airfoil. The airfoil is shaped such that the air provides a net upward force on the wing, while the movement of air is directed downward. Additional net lift may come from airflow around the bird's body in some species, especially during intermittent flight while the wings are folded or semi-folded[2][3] (cf. lifting body).
Aerodynamic drag is the force opposite to the direction of motion, and hence the source of energy loss in flight. The drag force can be separated into two portions, lift-induced drag, which is the inherent cost of the wing producing lift (this energy ends up primarily in the wingtip vortices), and parasitic drag, including skin friction drag from the friction of air and body surfaces and form drag from the bird's frontal area. The streamlining of bird's body and wings reduces these forces. Unlike aircraft, which have engines to produce thrust, birds flap their wings with a given flapping amplitude and frequency to generate thrust.
Birds use mainly three types of flight, distinguished by wing motion.
When in gliding flight, the upward aerodynamic force is equal to the weight. In gliding flight, no propulsion is used; the energy to counteract the energy loss due to aerodynamic drag is either taken from the potential energy of the bird, resulting in a descending flight, or is replaced by rising air currents (""thermals""), referred to as soaring flight. For specialist soaring birds (obligate soarers), the decision to engage in flight are strongly related to atmospheric conditions that allow individuals to maximise flight-efficiency and minimise energetic costs.[4]
When a bird flaps, as opposed to gliding, its wings continue to develop lift as before, but the lift is rotated forward by the flight muscles to provide thrust, which counteracts drag and increases its speed, which has the effect of also increasing lift to counteract its weight, allowing it to maintain height or to climb. Flapping involves two stages: the down-stroke, which provides the majority of the thrust, and the up-stroke, which can also (depending on the bird's wings) provide some thrust. At each up-stroke the wing is slightly folded inwards to reduce the energetic cost of flapping-wing flight.[5] Birds change the angle of attack continuously within a flap, as well as with speed.[6]
Small birds often fly long distances using a technique in which short bursts of flapping are alternated with intervals in which the wings are folded against the body. This is a flight pattern known as ""bounding"" or ""flap-bounding"" flight.[7] When the bird's wings are folded, its trajectory is primarily ballistic, with a small amount of body lift.[3] The flight pattern is believed to decrease the energy required by reducing the aerodynamic drag during the ballistic part of the trajectory,[8] and to increase the efficiency of muscle use.[9][10]
Several bird species use hovering, with one family specialized for hovering – the hummingbirds.[11][12] True hovering occurs by generating lift through flapping alone, rather than by passage through the air, requiring considerable energy expenditure.[11][13] This usually confines the ability to smaller birds, but some larger birds, such as a kite[14] or osprey[15][16] can hover for a short period of time. Although not a true hover, some birds remain in a fixed position relative to the ground or water by flying into a headwind. Hummingbirds,[12][13] kestrels, terns and hawks use this wind hovering.
Most birds that hover have high aspect ratio wings that are suited to low speed flying. Hummingbirds are a unique exception – the most accomplished hoverers of all birds.[11] Hummingbird flight is different from other bird flight in that the wing is extended throughout the whole stroke, which is a symmetrical figure of eight,[17] with the wing producing lift on both the up- and down-stroke.[12][13] Hummingbirds beat their wings at some 43 times per second,[18] while others may be as high as 80 times per second.[19]
Take-off is one of the most energetically demanding aspects of flight, as the bird must generate enough airflow across the wing to create lift. Small birds do this with a simple upward jump. However, this technique does not work for larger birds, such as albatrosses and swans, which instead must take a running start to generate sufficient airflow. Large birds take off by facing into the wind, or, if they can, by perching on a branch or cliff so they can just drop off into the air.
Landing is also a problem for large birds with high wing loads. This problem is dealt with in some species by aiming for a point below the intended landing area (such as a nest on a cliff) then pulling up beforehand. If timed correctly, the airspeed once the target is reached is virtually nil. Landing on water is simpler, and the larger waterfowl species prefer to do so whenever possible, landing into wind and using their feet as skids. To lose height rapidly prior to landing, some large birds such as geese indulge in a rapid alternating series of sideslips or even briefly turning upside down in a maneuver termed whiffling.
The bird's forelimbs (the wings) are the key to flight. Each wing has a central vane to hit the wind, composed of three limb bones, the humerus, ulna and radius. The hand, or manus, which ancestrally was composed of five digits, is reduced to three digits (digit II, III and IV or I, II, III depending on the scheme followed[20]), which serves as an anchor for the primaries, one of two groups of flight feathers responsible for the wing's airfoil shape. The other set of flight feathers, behind the carpal joint on the ulna, are called the secondaries. The remaining feathers on the wing are known as coverts, of which there are three sets. The wing sometimes has vestigial claws. In most species, these are lost by the time the bird is adult (such as the highly visible ones used for active climbing by hoatzin chicks), but claws are retained into adulthood by the secretarybird, screamers, finfoots, ostriches, several swifts and numerous others, as a local trait, in a few specimens.
Albatrosses have locking mechanisms in the wing joints that reduce the strain on the muscles during soaring flight.[21]
Even within a species wing morphology may differ. For example, adult European Turtle Doves have been found to have longer but more rounded wings than juveniles – suggesting that juvenile wing morphology facilitates their first migrations, while selection for flight maneuverability is more important after the juveniles' first molt.[22]
Female birds exposed to predators during ovulation produce chicks that grow their wings faster than chicks produced by predator-free females. Their wings are also longer. Both adaptations may make them better at avoiding avian predators.[23]
The shape of the wing is important in determining the flight capabilities of a bird. Different shapes correspond to different trade-offs between advantages such as speed, low energy use, and maneuverability. Two important parameters are the aspect ratio and wing loading. Aspect ratio is the ratio of wingspan to the mean of its chord (or the square of the wingspan divided by wing area). A high aspect ratio results in long narrow wings that are useful for endurance flight because they generate more lift.[24] Wing loading is the ratio of weight to wing area.
Most kinds of bird wing can be grouped into four types, with some falling between two of these types. These types of wings are elliptical wings, high speed wings, high aspect ratio wings and slotted high-lift wings.[25]
Technically, elliptical wings are those having elliptical (that is quarter ellipses) meeting conformally at the tips. The early model Supermarine Spitfire is an example. Some birds have vaguely elliptical wings, including the albatross wing of high aspect ratio. Although the term is convenient, it might be more precise to refer to curving taper with fairly small radius at the tips. Many small birds have a low aspect ratio with elliptical character (when spread), allowing for tight maneuvering in confined spaces such as might be found in dense vegetation.[25] As such they are common in forest raptors (such as Accipiter hawks), and many passerines, particularly non-migratory ones (migratory species have longer wings). They are also common in species that use a rapid take off to evade predators, such as pheasants and partridges.
High speed wings are short, pointed wings that when combined with a heavy wing loading and rapid wingbeats provide an energetically expensive high speed. This type of flight is used by the bird with the fastest wing speed, the peregrine falcon, as well as by most of the ducks. Birds that make long migrations typically have this type of wing.[25] The same wing shape is used by the auks for a different purpose; auks use their wings to ""fly"" underwater.
The peregrine falcon has the highest recorded dive speed of 242 miles per hour (389 km/h). The fastest straight, powered flight is the spine-tailed swift at 105 mph (169 km/h).
High aspect ratio wings, which usually have low wing loading and are far longer than they are wide, are used for slower flight. This may take the form of almost hovering (as used by kestrels, terns and nightjars) or in soaring and gliding flight, particularly the dynamic soaring used by seabirds, which takes advantage of wind speed variation at different altitudes (wind shear) above ocean waves to provide lift. Low speed flight is also important for birds that plunge-dive for fish.
These wings are favored by larger species of inland birds, such as eagles, vultures, pelicans, and storks. The slots at the end of the wings, between the primaries, reduce the induced drag and wingtip vortices by ""capturing"" the energy in air flowing from the lower to upper wing surface at the tips,[26] whilst the shorter size of the wings aids in takeoff (high aspect ratio wings require a long taxi to get airborne).[26]
A wide variety of birds fly together in a symmetric V-shaped or a J-shaped coordinated formation, also referred to as an ""echelon"", especially during long-distance flight or migration. It is often assumed that birds resort to this pattern of formation flying in order to save energy and improve the aerodynamic efficiency.[27][28] The birds flying at the tips and at the front would interchange positions in a timely cyclical fashion to spread flight fatigue equally among the flock members.
The wingtips of the leading bird in an echelon create a pair of opposite rotating line vortices. The vortices trailing a bird have an underwash part behind the bird, and at the same time they have an upwash on the outside, that hypothetically could aid the flight of a trailing bird. In a 1970 study, the authors claimed that each bird in a V formation of 25 members can achieve a reduction of induced drag and as a result increase their range by 71%.[29] It has also been suggested that birds' wings produce induced thrust at their tips, allowing for proverse yaw and net upwash at the last quarter of the wing. This would allow birds to overlap their wings and gain Newtonian lift from the bird in front.[30]
Studies of waldrapp ibis show that birds spatially coordinate the phase of wing flapping and show wingtip path coherence when flying in V positions, thus enabling them to maximally utilise the available energy of upwash over the entire flap cycle. In contrast, birds flying in a stream immediately behind another do not have wingtip coherence in their flight pattern and their flapping is out of phase, as compared to birds flying in V patterns, so as to avoid the detrimental effects of the downwash due to the leading bird's flight.[31]
The most obvious adaptation to flight is the wing, but because flight is so energetically demanding birds have evolved several other adaptations to improve efficiency when flying. Birds' bodies are streamlined to help overcome air-resistance. Also, the bird skeleton is hollow to reduce weight, and many unnecessary bones have been lost (such as the bony tail of the early bird Archaeopteryx), along with the toothed jaw of early birds, which has been replaced with a lightweight beak. The skeleton's breastbone has also adapted into a large keel, suitable for the attachment of large, powerful flight muscles. The vanes of each feather have hooklets called barbules that zip the vanes of individual feathers together, giving the feathers the strength needed to hold the airfoil (these are often lost in flightless birds). The barbules maintain the shape and function of the feather. Each feather has a major (greater) side and a minor (lesser) side, meaning that the shaft or rachis does not run down the center of the feather. Rather it runs longitudinally off the center with the lesser or minor side to the front and the greater or major side to the rear of the feather. This feather anatomy, during flight and flapping of the wings, causes a rotation of the feather in its follicle. The rotation occurs in the up motion of the wing. The greater side points down, letting air slip through the wing. This essentially breaks the integrity of the wing, allowing for a much easier movement in the up direction. The integrity of the wing is reestablished in the down movement, which allows for part of the lift inherent in bird wings. This function is most important in taking off or achieving lift at very low or slow speeds where the bird is reaching up and grabbing air and pulling itself up. At high speeds the air foil function of the wing provides most of the lift needed to stay in flight.
The large amounts of energy required for flight have led to the evolution of a unidirectional pulmonary system to provide the large quantities of oxygen required for their high respiratory rates. This high metabolic rate produces large quantities of radicals in the cells that can damage DNA and lead to tumours. Birds, however, do not suffer from an otherwise expected shortened lifespan as their cells have evolved a more efficient antioxidant system than those found in other animals. [citation needed]
In addition to anatomical and metabolic modifications, birds have also adapted their behavior to a life in air. To avoid flying into each other, birds take to the right when they are on a collision course with other birds.[32]
Most paleontologists agree that birds evolved from small theropod dinosaurs, but the origin of bird flight is one of the oldest and most hotly contested debates in paleontology.[33] The four main hypotheses are:
There has also been debate about whether the earliest known bird, Archaeopteryx, could fly. It appears that Archaeopteryx had the avian brain structures and inner-ear balance sensors that birds use to control their flight.[34] Archaeopteryx also had a wing feather arrangement like that of modern birds and similarly asymmetrical flight feathers on its wings and tail. But Archaeopteryx lacked the shoulder mechanism by which modern birds' wings produce swift, powerful upstrokes; this may mean that it and other early birds were incapable of flapping flight and could only glide.[35] The presence of most fossils in marine sediments in habitats devoid of vegetation has led to the hypothesis that they may have used their wings as aids to run across the water surface in the manner of the basilisk lizards.[36][37]
In March 2018, scientists reported that Archaeopteryx was likely capable of flight, but in a manner substantially different from that of modern birds.[38][39]
This was the earliest hypothesis, encouraged by the examples of gliding vertebrates such as flying squirrels. It suggests that proto-birds like Archaeopteryx used their claws to clamber up trees and glided off from the tops.[40][41]
Some recent research undermines the ""trees down"" hypothesis by suggesting that the earliest birds and their immediate ancestors did not climb trees. Modern birds that forage in trees have much more curved toe-claws than those that forage on the ground. The toe-claws of Mesozoic birds and of closely related non-avian theropod dinosaurs are like those of modern ground-foraging birds.[42]
Feathers have been discovered in a variety of coelurosaurian dinosaurs (including the early tyrannosauroid Dilong).[43] Modern birds are classified as coelurosaurs by nearly all palaeontologists.[44] The original functions of feathers may have included thermal insulation and competitive displays. The most common version of the ""from the ground up"" hypothesis argues that bird's ancestors were small ground-running predators (rather like roadrunners) that used their forelimbs for balance while pursuing prey and that the forelimbs and feathers later evolved in ways that provided gliding and then powered flight.[45] Another ""ground upwards"" theory argues the evolution of flight was initially driven by competitive displays and fighting: displays required longer feathers and longer, stronger forelimbs; many modern birds use their wings as weapons, and downward blows have a similar action to that of flapping flight.[46] Many of the Archaeopteryx fossils come from marine sediments and it has been suggested that wings may have helped the birds run over water in the manner of the common basilisk.[47]
Most recent attacks on the ""from the ground up"" hypothesis attempt to refute its assumption that birds are modified coelurosaurian dinosaurs. The strongest attacks are based on embryological analyses, which conclude that birds' wings are formed from digits 2, 3 and 4 (corresponding to the index, middle and ring fingers in humans; the first of a bird's 3 digits forms the alula, which they use to avoid stalling on low-speed flight, for example when landing); but the hands of coelurosaurs are formed by digits 1, 2 and 3 (thumb and first two fingers in humans).[48] However these embryological analyses were immediately challenged on the embryological grounds that the ""hand"" often develops differently in clades that have lost some digits in the course of their evolution, and therefore bird's hands do develop from digits 1, 2 and 3.[49][50][51]
The wing-assisted incline running (WAIR) hypothesis was prompted by observation of young chukar chicks, and proposes that wings developed their aerodynamic functions as a result of the need to run quickly up very steep slopes such as tree trunks, for example to escape from predators. Note that in this scenario birds need downforce to give their feet increased grip.[52][53] But early birds, including Archaeopteryx, lacked the shoulder mechanism that modern birds' wings use to produce swift, powerful upstrokes. Since the downforce that WAIR requires is generated by upstrokes, it seems that early birds were incapable of WAIR.[35]
The proavis theory was first proposed by Garner, Taylor, and Thomas in 1999:
We propose that birds evolved from predators that specialized in ambush from elevated sites, using their raptorial hindlimbs in a leaping attack. Drag–based, and later lift-based, mechanisms evolved under selection for improved control of body position and locomotion during the aerial part of the attack. Selection for enhanced lift-based control led to improved lift coefficients, incidentally turning a pounce into a swoop as lift production increased. Selection for greater swooping range would finally lead to the origin of true flight.
The authors believed that this theory had four main virtues:
Birds use flight to obtain prey on the wing, for foraging, to commute to feeding grounds, and to migrate between the seasons. It is also used by some species to display during the breeding season[54] and to reach safe isolated places for nesting.
Flight is more energetically expensive in larger birds, and many of the largest species fly by soaring and gliding (without flapping their wings) as much as possible. Many physiological adaptations have evolved that make flight more efficient.
Birds that settle on isolated oceanic islands that lack ground-based predators may over the course of evolution lose the ability to fly. One such example is the flightless cormorant, native to the Galápagos Islands. This illustrates both flight's importance in avoiding predators and its extreme demand for energy.
",bird flight primary mode locomotion used bird specie bird take fly flight assist bird feeding breeding avoiding predator migrating bird flight includes multiple type motion including hovering taking landing involving many complex movement different bird specie adapted million year evolution specific environment prey predator need developed specialization wing acquired different form flight various theory exist bird flight evolved including flight falling gliding tree hypothesis running leaping ground hypothesis incline running proavis pouncing behavior fundamental bird flight similar aircraft aerodynamic force sustaining flight lift drag thrust lift force produced action air flow wing airfoil airfoil shaped air provides net upward force wing movement air directed downward additional net lift may come airflow around bird body specie especially intermittent flight wing folded cf lifting body aerodynamic drag force opposite direction motion hence source energy loss flight drag force separated two portion drag inherent cost wing producing lift energy end primarily wingtip vortex parasitic drag including skin friction drag friction air body surface form drag bird frontal area streamlining bird body wing reduces force unlike aircraft engine produce thrust bird flap wing given flapping amplitude frequency generate thrust bird use mainly three type flight distinguished wing motion gliding flight upward aerodynamic force equal weight gliding flight propulsion used energy counteract energy loss due aerodynamic drag either taken potential energy bird resulting descending flight replaced rising air current thermal referred soaring flight specialist soaring bird obligate soarers decision engage flight strongly related atmospheric condition allow individual maximise minimise energetic cost bird flap opposed gliding wing continue develop lift lift rotated forward flight muscle provide thrust counteracts drag increase speed effect also increasing lift counteract weight allowing maintain height climb flapping involves two stage provides majority thrust also depending bird wing provide thrust wing slightly folded inwards reduce energetic cost flight bird change angle attack continuously within flap well speed small bird often fly long distance using technique short burst flapping alternated interval wing folded body flight pattern known bounding flight bird wing folded trajectory primarily ballistic small amount body lift flight pattern believed decrease energy required reducing aerodynamic drag ballistic part trajectory increase efficiency muscle use several bird specie use hovering one family specialized hovering hummingbird true hovering occurs generating lift flapping alone rather passage air requiring considerable energy expenditure usually confines ability smaller bird larger bird kite osprey hover short period time although true hover bird remain fixed position relative ground water flying headwind hummingbird kestrel tern hawk use wind hovering bird hover high aspect ratio wing suited low speed flying hummingbird unique exception accomplished hoverers bird hummingbird flight different bird flight wing extended throughout whole stroke symmetrical figure eight wing producing lift hummingbird beat wing time per second others may high time per second one energetically demanding aspect flight bird must generate enough airflow across wing create lift small bird simple upward jump however technique work larger bird albatross swan instead must take running start generate sufficient airflow large bird take facing wind perching branch cliff drop air landing also problem large bird high wing load problem dealt specie aiming point intended landing area nest cliff pulling beforehand timed correctly airspeed target reached virtually nil landing water simpler larger waterfowl specie prefer whenever possible landing wind using foot skid lose height rapidly prior landing large bird goose indulge rapid alternating series sideslip even briefly turning upside maneuver termed whiffling bird forelimb wing key flight wing central vane hit wind composed three limb bone humerus ulna radius hand manus ancestrally composed five digit reduced three digit digit ii iii iv ii iii depending scheme followed serf anchor primary one two group flight feather responsible wing airfoil shape set flight feather behind carpal joint ulna called secondary remaining feather wing known covert three set wing sometimes vestigial claw specie lost time bird adult highly visible one used active climbing hoatzin chick claw retained adulthood secretarybird screamer finfoots ostrich several swift numerous others local trait specimen albatross locking mechanism wing joint reduce strain muscle soaring flight even within specie wing morphology may differ example adult european turtle dove found longer rounded wing juvenile suggesting juvenile wing morphology facilitates first migration selection flight maneuverability important juvenile first molt female bird exposed predator ovulation produce chick grow wing faster chick produced female wing also longer adaptation may make better avoiding avian predator shape wing important determining flight capability bird different shape correspond different advantage speed low energy use maneuverability two important parameter aspect ratio wing loading aspect ratio ratio wingspan mean chord square wingspan divided wing area high aspect ratio result long narrow wing useful endurance flight generate lift wing loading ratio weight wing area kind bird wing grouped four type falling two type type wing elliptical wing high speed wing high aspect ratio wing slotted wing technically elliptical wing elliptical quarter ellipsis meeting conformally tip early model supermarine spitfire example bird vaguely elliptical wing including albatross wing high aspect ratio although term convenient might precise refer curving taper fairly small radius tip many small bird low aspect ratio elliptical character spread allowing tight maneuvering confined space might found dense vegetation common forest raptor accipiter hawk many passerine particularly one migratory specie longer wing also common specie use rapid take evade predator pheasant partridge high speed wing short pointed wing combined heavy wing loading rapid wingbeats provide energetically expensive high speed type flight used bird fastest wing speed peregrine falcon well duck bird make long migration typically type wing wing shape used auk different purpose auk use wing fly underwater peregrine falcon highest recorded dive speed mile per hour fastest straight powered flight swift mph high aspect ratio wing usually low wing loading far longer wide used slower flight may take form almost hovering used kestrel tern nightjar soaring gliding flight particularly dynamic soaring used seabird take advantage wind speed variation different altitude wind shear ocean wave provide lift low speed flight also important bird fish wing favored larger specie inland bird eagle vulture pelican stork slot end wing primary reduce induced drag wingtip vortex capturing energy air flowing lower upper wing surface tip whilst shorter size wing aid takeoff high aspect ratio wing require long taxi get airborne wide variety bird fly together symmetric coordinated formation also referred echelon especially flight migration often assumed bird resort pattern formation flying order save energy improve aerodynamic efficiency bird flying tip front would interchange position timely cyclical fashion spread flight fatigue equally among flock member wingtips leading bird echelon create pair opposite rotating line vortex vortex trailing bird underwash part behind bird time upwash outside hypothetically could aid flight trailing bird study author claimed bird v formation member achieve reduction induced drag result increase range also suggested bird wing produce induced thrust tip allowing proverse yaw net upwash last quarter wing would allow bird overlap wing gain newtonian lift bird front study waldrapp ibis show bird spatially coordinate phase wing flapping show wingtip path coherence flying v position thus enabling maximally utilise available energy upwash entire flap cycle contrast bird flying stream immediately behind another wingtip coherence flight pattern flapping phase compared bird flying v pattern avoid detrimental effect downwash due leading bird flight obvious adaptation flight wing flight energetically demanding bird evolved several adaptation improve efficiency flying bird body streamlined help overcome also bird skeleton hollow reduce weight many unnecessary bone lost bony tail early bird archaeopteryx along toothed jaw early bird replaced lightweight beak skeleton breastbone also adapted large keel suitable attachment large powerful flight muscle vane feather hooklets called barbules zip vane individual feather together giving feather strength needed hold airfoil often lost flightless bird barbules maintain shape function feather feather major greater side minor lesser side meaning shaft rachis run center feather rather run longitudinally center lesser minor side front greater major side rear feather feather anatomy flight flapping wing cause rotation feather follicle rotation occurs motion wing greater side point letting air slip wing essentially break integrity wing allowing much easier movement direction integrity wing reestablished movement allows part lift inherent bird wing function important taking achieving lift low slow speed bird reaching grabbing air pulling high speed air foil function wing provides lift needed stay flight large amount energy required flight led evolution unidirectional pulmonary system provide large quantity oxygen required high respiratory rate high metabolic rate produce large quantity radical cell damage dna lead tumour bird however suffer otherwise expected shortened lifespan cell evolved efficient antioxidant system found animal citation needed addition anatomical metabolic modification bird also adapted behavior life air avoid flying bird take right collision course bird paleontologist agree bird evolved small theropod dinosaur origin bird flight one oldest hotly contested debate paleontology four main hypothesis also debate whether earliest known bird archaeopteryx could fly appears archaeopteryx avian brain structure balance sensor bird use control flight archaeopteryx also wing feather arrangement like modern bird similarly asymmetrical flight feather wing tail archaeopteryx lacked shoulder mechanism modern bird wing produce swift powerful upstroke may mean early bird incapable flapping flight could glide presence fossil marine sediment habitat devoid vegetation led hypothesis may used wing aid run across water surface manner basilisk lizard march scientist reported archaeopteryx likely capable flight manner substantially different modern bird earliest hypothesis encouraged example gliding vertebrate flying squirrel suggests like archaeopteryx used claw clamber tree glided top recent research undermines tree hypothesis suggesting earliest bird immediate ancestor climb tree modern bird forage tree much curved forage ground mesozoic bird closely related theropod dinosaur like modern bird feather discovered variety coelurosaurian dinosaur including early tyrannosauroid dilong modern bird classified coelurosaurs nearly palaeontologist original function feather may included thermal insulation competitive display common version ground hypothesis argues bird ancestor small predator rather like roadrunner used forelimb balance pursuing prey forelimb feather later evolved way provided gliding powered flight another ground upwards theory argues evolution flight initially driven competitive display fighting display required longer feather longer stronger forelimb many modern bird use wing weapon downward blow similar action flapping flight many archaeopteryx fossil come marine sediment suggested wing may helped bird run water manner common basilisk recent attack ground hypothesis attempt refute assumption bird modified coelurosaurian dinosaur strongest attack based embryological analysis conclude bird wing formed digit corresponding index middle ring finger human first bird digit form alula use avoid stalling flight example landing hand coelurosaurs formed digit thumb first two finger human however embryological analysis immediately challenged embryological ground hand often develops differently clade lost digit course evolution therefore bird hand develop digit incline running wair hypothesis prompted observation young chukar chick proposes wing developed aerodynamic function result need run quickly steep slope tree trunk example escape predator note scenario bird need downforce give foot increased grip early bird including archaeopteryx lacked shoulder mechanism modern bird wing use produce swift powerful upstroke since downforce wair requires generated upstroke seems early bird incapable wair proavis theory first proposed garner taylor thomas propose bird evolved predator specialized ambush elevated site using raptorial hindlimb leaping attack drag based later mechanism evolved selection improved control body position locomotion aerial part attack selection enhanced control led improved lift coefficient incidentally turning pounce swoop lift production increased selection greater swooping range would finally lead origin true flight author believed theory four main virtue bird use flight obtain prey wing foraging commute feeding ground migrate season also used specie display breeding season reach safe isolated place nesting flight energetically expensive larger bird many largest specie fly soaring gliding without flapping wing much possible many physiological adaptation evolved make flight efficient bird settle isolated oceanic island lack predator may course evolution lose ability fly one example flightless cormorant native galápagos island illustrates flight importance avoiding predator extreme demand energy
Document 21,Flying and gliding animals - Wikipedia,"
A number of animals are capable of aerial locomotion, either by active flight, by passive gliding or, in rare occasions, by kiting/ballooning. Such animals typically have appendages that interact with air to generate lift in order to overcome the weight of their own body and any payload they are carrying (e.g. food/prey, nesting materials). The majority of flying and glide animals are terrestrial, while species from one extant taxon, i.e. the flying fish, are aquatic.
The ability to fly or glide has appeared via convergent evolution many times throughout the history of life, and has evolved prominently in at least four terrestrial clades: insects, pterosaurs, birds and bats. Gliding and kiting, which are essentially controlled, prolonged free falls, have evolved on many more occasions, especially among arboreal species. Usually the aerial trait is to aid animals leaping directly across extended distances from one tree canopy to another without having to descend to the ground, which will otherwise expose them to risks from ground predators, although there are other reasons why aerial locomotions have developed. Gliding, in particular, has evolved among forest animals, especially in the rainforests in Asia (most especially Borneo) where the trees are tall (making it costly to descend and travel between trees) and groundcovers are dense (thus favoring ambush predators). Several species of amphibians (e.g. flying frogs) and reptiles (e.g. flying lizards and flying snakes) have also evolved gliding ability, typically as a means of escape behavior to evade predators, while kiting/ballooning (which resembles paragliding or kitesurfing) has developed among several species of silk-spinning invertebrates such as spiders, spider mites and some caterpillars as a means of airborne dispersal.
Animal aerial locomotion can be divided into two categories: powered and unpowered. In unpowered modes of locomotion, the animal uses aerodynamic forces exerted on the body due to wind or falling through the air. In powered flight, the animal uses muscular power to generate aerodynamic forces to climb or to maintain steady, level flight. Those who can find air that is rising faster than they are falling can gain altitude by soaring.
These modes of locomotion typically require an animal start from a raised location, converting that potential energy into kinetic energy and using aerodynamic forces to control trajectory and angle of descent. Energy is continually lost to drag without being replaced, thus these methods of locomotion have limited range and duration.
Powered flight has evolved at least four times: first in the insects, then in pterosaurs, next in birds, and last in bats. Studies on theropod dinosaurs do suggest multiple (at least 3) independent acquisitions of powered flight however,[1][2] and a recent study proposes independent acquisitions amidst the different bat clades as well.[3] Powered flight uses muscles to generate aerodynamic force, which allows the animal to produce lift and thrust. The animal may ascend without the aid of rising air.
Ballooning and soaring are not powered by muscle, but rather by external aerodynamic sources of energy: the wind and rising thermals, respectively. Both can continue as long as the source of external power is present. Soaring is typically only seen in species capable of powered flight, as it requires extremely large wings.
Many species will use multiple of these modes at various times; a hawk will use powered flight to rise, then soar on thermals, then descend via free-fall to catch its prey.
While gliding occurs independently from powered flight,[4] it has some ecological advantages of its own as it is the simplest form of flight.[5] Gliding is a very energy-efficient way of travelling from tree to tree. Although moving through the canopy running along the branches may be less energetically demanding, the faster transition between trees allows for greater foraging rates in a particular patch.[6] Glide ratios can be dependent on size and current behavior. Higher foraging rates are supported by low glide ratios as smaller foraging patches require less gliding time over shorter distances and greater amounts of food can be acquired in a shorter time period.[6] Low ratios are not as energy efficient as the higher ratios,[5] but an argument made is that many gliding animals eat low energy foods such as leaves and are restricted to gliding because of this, whereas flying animals eat more high energy foods such as fruits, nectar, and insects.[7] Mammals tend to rely on lower glide ratios to increase the amount of time foraging for lower energy food.[8] An equilibrium glide, achieving a constant airspeed and glide angle, is harder to obtain as animal size increases. Larger animals need to glide from much higher heights and longer distances to make it energetically beneficial.[9] Gliding is also very suitable for predator avoidance, allowing for controlled targeted landings to safer areas.[10][9] In contrast to flight, gliding has evolved independently many times (more than a dozen times among extant vertebrates); however these groups have not radiated nearly as much as have groups of flying animals.
Worldwide, the distribution of gliding animals is uneven, as most inhabit rain forests in Southeast Asia. (Despite seemingly suitable rain forest habitats, few gliders are found in India or New Guinea and none in Madagascar.) Additionally, a variety of gliding vertebrates are found in Africa, a family of hylids (flying frogs) lives in South America and several species of gliding squirrels are found in the forests of northern Asia and North America.[11] Various factors produce these disparities. In the forests of Southeast Asia, the dominant canopy trees (usually dipterocarps) are taller than the canopy trees of the other forests. Forest structure and distance between trees are influential in the development of gliding within varying species.[8] A higher start provides a competitive advantage of further glides and farther travel. Gliding predators may more efficiently search for prey. The lower abundance of insect and small vertebrate prey for carnivorous animals (such as lizards) in Asian forests may be a factor.[11] In Australia, many mammals (and all mammalian gliders) possess, to some extent, prehensile tails. Globally, smaller gliding species tend to have feather-like tails and larger species have fur covered round bushy tails,[10] but smaller animals tend to rely on parachuting rather than developing gliding membranes.[9] The gliding membranes, patagium, are classified in the 4 groups of propatagium, digipatagium, plagiopatagium and uropatagium. These membranes consist of two tightly bounded layers of skin connected by muscles and connective tissue between the fore and hind limbs.[10]
Powered flight has evolved unambiguously only four times—birds, bats, pterosaurs, and insects (though see above for possible independent acquisitions within bird and bat groups). In contrast to gliding, which has evolved more frequently but typically gives rise to only a handful of species, all three extant groups of powered flyers have a huge number of species, suggesting that flight is a very successful strategy once evolved. Bats, after rodents, have the most species of any mammalian order, about 20% of all mammalian species.[12] Birds have the most species of any class of terrestrial vertebrates. Finally, insects (most of which fly at some point in their life cycle) have more species than all other animal groups combined.
The evolution of flight is one of the most striking and demanding in animal evolution, and has attracted the attention of many prominent scientists and generated many theories. Additionally, because flying animals tend to be small and have a low mass (both of which increase the surface-area-to-mass ratio), they tend to fossilize infrequently and poorly compared to the larger, heavier-boned terrestrial species they share habitat with. Fossils of flying animals tend to be confined to exceptional fossil deposits formed under highly specific circumstances, resulting in a generally poor fossil record, and a particular lack of transitional forms. Furthermore, as fossils do not preserve behavior or muscle, it can be difficult to discriminate between a poor flyer and a good glider.
Insects were the first to evolve flight, approximately 350 million years ago. The developmental origin of the insect wing remains in dispute, as does the purpose prior to true flight. One suggestion is that wings initially evolved from tracheal gill structures and were used to catch the wind for small insects that live on the surface of the water, while another is that they evolved from paranotal lobes or leg structures and gradually progressed from parachuting, to gliding, to flight for originally arboreal insects.[13]
Pterosaurs were the next to evolve flight, approximately 228 million years ago. These reptiles were close relatives of the dinosaurs, and reached enormous sizes, with some of the last forms being the largest flying animals ever to inhabit the Earth, having wingspans of over 9.1 m (30 ft). However, they spanned a large range of sizes, down to a 250 mm (10 in) wingspan in Nemicolopterus.
Birds have an extensive fossil record, along with many forms documenting both their evolution from small theropod dinosaurs and the numerous bird-like forms of theropod which did not survive the mass extinction at the end of the Cretaceous. Indeed, Archaeopteryx is arguably the most famous transitional fossil in the world, both due to its mix of reptilian and avian anatomy and the luck of being discovered only two years after Darwin's publication of On the Origin of Species. However, the ecology of this transition is considerably more contentious, with various scientists supporting either a ""trees down"" origin (in which an arboreal ancestor evolved gliding, then flight) or a ""ground up"" origin (in which a fast-running terrestrial ancestor used wings for a speed boost and to help catch prey). It may also have been a non-linear process, as several non-avian dinosaurs seem to have independently acquired powered flight.[14][15]
Bats are the most recent to evolve (about 60 million years ago), most likely from a fluttering ancestor,[16] though their poor fossil record has hindered more detailed study.
Only a few animals are known to have specialised in soaring: the larger of the extinct pterosaurs, and some large birds. Powered flight is very energetically expensive for large animals, but for soaring their size is an advantage, as it allows them a low wing loading, that is a large wing area relative to their weight, which maximizes lift.[17]
During a free-fall with no aerodynamic forces, the object accelerates due to gravity, resulting in increasing velocity as the object descends. During parachuting, animals use the aerodynamic forces on their body to counteract the force of gravity. Any object moving through air experiences a drag force that is proportional to surface area and velocity squared; this force will partially counter the force of gravity, slowing the animal's descent to a safer speed. If this drag is oriented at an angle to the vertical, the animal's trajectory will gradually become more horizontal, and it will cover horizontal as well as vertical distance. Smaller adjustments can allow turning or other maneuvers. This can allow a parachuting animal to move from a high location on one tree to a lower location on another tree nearby. Specifically in gliding mammals, there are 3 types of gliding paths respectively: S glide, J glide, and ""straight-shaped"" glides where species either gain altitude post-launch then descend, rapidly decrease height before gliding, or maintain a constant angled descent.[10]
During gliding, lift plays an increased role. Like drag, lift is proportional to velocity squared. Gliding animals will typically leap or drop from high locations such as trees, just as in parachuting, and as gravitational acceleration increases their speed, the aerodynamic forces also increase. Because the animal can utilize lift and drag to generate greater aerodynamic force, it can glide at a shallower angle than parachuting animals, allowing it to cover greater horizontal distance in the same loss of altitude, and reach trees further away. Successful flights for gliding animals are achieved through 5 steps: preparation, launch, glide, braking, and landing. Gliding species are better able to control themselves mid-air, with the tail acting as a rudder, making it capable to pull off banking movements or U-turns during flight.[10] During landing, arboreal mammals will extend their fore and hind limbs in front of itself to brace for landing and to trap air in order to maximize air resistance and lower impact speed.[10]
Unlike most air vehicles, in which the objects that generate lift (wings) and thrust (engine or propeller) are separate and the wings remain fixed, flying animals use their wings to generate both lift and thrust by moving them relative to the body. This has made the flight of organisms considerably harder to understand than that of vehicles, as it involves varying speeds, angles, orientations, areas, and flow patterns over the wings.
A bird or bat flying through the air at a constant speed moves its wings up and down (usually with some fore-aft movement as well). Because the animal is in motion, there is some airflow relative to its body which, combined with the velocity of its wings, generates a faster airflow moving over the wing. This will generate lift force vector pointing forwards and upwards, and a drag force vector pointing rearwards and upwards. The upwards components of these counteract gravity, keeping the body in the air, while the forward component provides thrust to counteract both the drag from the wing and from the body as a whole. Pterosaur flight likely worked in a similar manner, though no living pterosaurs remain for study.
Insect flight is considerably different, due to their small size, rigid wings, and other anatomical differences. Turbulence and vortices play a much larger role in insect flight, making it even more complex and difficult to study than the flight of vertebrates.[18] There are two basic aerodynamic models of insect flight. Most insects use a method that creates a spiralling leading edge vortex.[19][20] Some very small insects use the fling-and-clap or Weis-Fogh mechanism in which the wings clap together above the insect's body and then fling apart. As they fling open, the air gets sucked in and creates a vortex over each wing. This bound vortex then moves across the wing and, in the clap, acts as the starting vortex for the other wing. Circulation and lift are increased, at the price of wear and tear on the wings.[19][20]

Gliding has evolved independently in two families of tree frogs, the Old World Rhacophoridae and the New World Hylidae. Within each lineage there are a range of gliding abilities from non-gliding, to parachuting, to full gliding.
Several lizards and snakes are capable of gliding:
Bats are the only freely flying mammals.[60] A few other mammals can glide or parachute; the best known are flying squirrels and flying lemurs.
",number animal capable aerial locomotion either active flight passive gliding rare occasion animal typically appendage interact air generate lift order overcome weight body payload carrying nesting material majority flying glide animal terrestrial specie one extant taxon flying fish aquatic ability fly glide appeared via convergent evolution many time throughout history life evolved prominently least four terrestrial clade insect pterosaur bird bat gliding kiting essentially controlled prolonged free fall evolved many occasion especially among arboreal specie usually aerial trait aid animal leaping directly across extended distance one tree canopy another without descend ground otherwise expose risk ground predator although reason aerial locomotion developed gliding particular evolved among forest animal especially rainforest asia especially borneo tree tall making costly descend travel tree groundcover dense thus favoring ambush predator several specie amphibian flying frog reptile flying lizard flying snake also evolved gliding ability typically mean escape behavior evade predator resembles paragliding kitesurfing developed among several specie invertebrate spider spider mite caterpillar mean airborne dispersal animal aerial locomotion divided two category powered unpowered unpowered mode locomotion animal us aerodynamic force exerted body due wind falling air powered flight animal us muscular power generate aerodynamic force climb maintain steady level flight find air rising faster falling gain altitude soaring mode locomotion typically require animal start raised location converting potential energy kinetic energy using aerodynamic force control trajectory angle descent energy continually lost drag without replaced thus method locomotion limited range duration powered flight evolved least four time first insect pterosaur next bird last bat study theropod dinosaur suggest multiple least independent acquisition powered flight however recent study proposes independent acquisition amidst different bat clade well powered flight us muscle generate aerodynamic force allows animal produce lift thrust animal may ascend without aid rising air ballooning soaring powered muscle rather external aerodynamic source energy wind rising thermal respectively continue long source external power present soaring typically seen specie capable powered flight requires extremely large wing many specie use multiple mode various time hawk use powered flight rise soar thermal descend via catch prey gliding occurs independently powered flight ecological advantage simplest form flight gliding way travelling tree tree although moving canopy running along branch may less energetically demanding faster transition tree allows greater foraging rate particular patch glide ratio dependent size current behavior higher foraging rate supported low glide ratio smaller foraging patch require less gliding time shorter distance greater amount food acquired shorter time period low ratio energy efficient higher ratio argument made many gliding animal eat low energy food leaf restricted gliding whereas flying animal eat high energy food fruit nectar insect mammal tend rely lower glide ratio increase amount time foraging lower energy food equilibrium glide achieving constant airspeed glide angle harder obtain animal size increase larger animal need glide much higher height longer distance make energetically beneficial gliding also suitable predator avoidance allowing controlled targeted landing safer area contrast flight gliding evolved independently many time dozen time among extant vertebrate however group radiated nearly much group flying animal worldwide distribution gliding animal uneven inhabit rain forest southeast asia despite seemingly suitable rain forest habitat glider found india new guinea none madagascar additionally variety gliding vertebrate found africa family hylids flying frog life south america several specie gliding squirrel found forest northern asia north america various factor produce disparity forest southeast asia dominant canopy tree usually dipterocarp taller canopy tree forest forest structure distance tree influential development gliding within varying specie higher start provides competitive advantage glide farther travel gliding predator may efficiently search prey lower abundance insect small vertebrate prey carnivorous animal lizard asian forest may factor australia many mammal mammalian glider possess extent prehensile tail globally smaller gliding specie tend tail larger specie fur covered round bushy tail smaller animal tend rely parachuting rather developing gliding membrane gliding membrane patagium classified group propatagium digipatagium plagiopatagium uropatagium membrane consist two tightly bounded layer skin connected muscle connective tissue fore hind limb powered flight evolved unambiguously four time bird bat pterosaur insect though see possible independent acquisition within bird bat group contrast gliding evolved frequently typically give rise handful specie three extant group powered flyer huge number specie suggesting flight successful strategy evolved bat rodent specie mammalian order mammalian specie bird specie class terrestrial vertebrate finally insect fly point life cycle specie animal group combined evolution flight one striking demanding animal evolution attracted attention many prominent scientist generated many theory additionally flying animal tend small low mass increase ratio tend fossilize infrequently poorly compared larger terrestrial specie share habitat fossil flying animal tend confined exceptional fossil deposit formed highly specific circumstance resulting generally poor fossil record particular lack transitional form furthermore fossil preserve behavior muscle difficult discriminate poor flyer good glider insect first evolve flight approximately million year ago developmental origin insect wing remains dispute purpose prior true flight one suggestion wing initially evolved tracheal gill structure used catch wind small insect live surface water another evolved paranotal lobe leg structure gradually progressed parachuting gliding flight originally arboreal insect pterosaur next evolve flight approximately million year ago reptile close relative dinosaur reached enormous size last form largest flying animal ever inhabit earth wingspan ft however spanned large range size mm wingspan nemicolopterus bird extensive fossil record along many form documenting evolution small theropod dinosaur numerous form theropod survive mass extinction end cretaceous indeed archaeopteryx arguably famous transitional fossil world due mix reptilian avian anatomy luck discovered two year darwin publication origin specie however ecology transition considerably contentious various scientist supporting either tree origin arboreal ancestor evolved gliding flight ground origin terrestrial ancestor used wing speed boost help catch prey may also process several dinosaur seem independently acquired powered flight bat recent evolve million year ago likely fluttering ancestor though poor fossil record hindered detailed study animal known specialised soaring larger extinct pterosaur large bird powered flight energetically expensive large animal soaring size advantage allows low wing loading large wing area relative weight maximizes lift aerodynamic force object accelerates due gravity resulting increasing velocity object descends parachuting animal use aerodynamic force body counteract force gravity object moving air experience drag force proportional surface area velocity squared force partially counter force gravity slowing animal descent safer speed drag oriented angle vertical animal trajectory gradually become horizontal cover horizontal well vertical distance smaller adjustment allow turning maneuver allow parachuting animal move high location one tree lower location another tree nearby specifically gliding mammal type gliding path respectively glide j glide glide specie either gain altitude descend rapidly decrease height gliding maintain constant angled descent gliding lift play increased role like drag lift proportional velocity squared gliding animal typically leap drop high location tree parachuting gravitational acceleration increase speed aerodynamic force also increase animal utilize lift drag generate greater aerodynamic force glide shallower angle parachuting animal allowing cover greater horizontal distance loss altitude reach tree away successful flight gliding animal achieved step preparation launch glide braking landing gliding specie better able control tail acting rudder making capable pull banking movement flight landing arboreal mammal extend fore hind limb front brace landing trap air order maximize air resistance lower impact speed unlike air vehicle object generate lift wing thrust engine propeller separate wing remain fixed flying animal use wing generate lift thrust moving relative body made flight organism considerably harder understand vehicle involves varying speed angle orientation area flow pattern wing bird bat flying air constant speed move wing usually movement well animal motion airflow relative body combined velocity wing generates faster airflow moving wing generate lift force vector pointing forward upwards drag force vector pointing rearward upwards upwards component counteract gravity keeping body air forward component provides thrust counteract drag wing body whole pterosaur flight likely worked similar manner though living pterosaur remain study insect flight considerably different due small size rigid wing anatomical difference turbulence vortex play much larger role insect flight making even complex difficult study flight vertebrate two basic aerodynamic model insect flight insect use method creates spiralling leading edge vortex small insect use mechanism wing clap together insect body fling apart fling open air get sucked creates vortex wing bound vortex move across wing clap act starting vortex wing circulation lift increased price wear tear wing gliding evolved independently two family tree frog old world rhacophoridae new world hylidae within lineage range gliding ability parachuting full gliding several lizard snake capable gliding bat freely flying mammal mammal glide parachute best known flying squirrel flying lemur
